{"type": "FeatureCollection", "meta": {"grid": {"type": "square", "cell_m": 500, "crs": "EPSG:26916", "rule": "every square that intersects the city boundary, including squares with no crime"}, "generated": "2026-09-29", "n_cells": 2650, "labeled_by_centroid": 616, "crime": {"first_date": "2023-01-01", "last_date": "2025-12-31", "total_points": 81657, "night_total_points": 33486, "outside_grid": 0, "night_by_type": {"ASSAULT": 7034, "BATTERY": 16705, "HOMICIDE": 599, "ROBBERY": 9148}, "location_filter": "outdoor allow-list, chicago/location-codes.csv", "garages_included": true}}, "features": [{"type": "Feature", "geometry": {"type": "Polygon", "coordinates": [[[-87.941134, 41.953125], [-87.935101, 41.953174], [-87.935167, 41.957677], [-87.9412, 41.957627], [-87.941134, 41.953125]]]}, "properties": {"sq": "844_9290", "crime_n": 0, "crime_night_n": 0, "nta": "O'Hare", "boro": "Chicago"}}, {"type": "Feature", "geometry": {"type": "Polygon", "coordinates": [[[-87.9412, 41.957627], [-87.935167, 41.957677], [-87.935233, 41.962179], [-87.941266, 41.96213], [-87.9412, 41.957627]]]}, "properties": {"sq": "844_9291", "crime_n": 0, "crime_night_n": 0, "nta": "O'Hare", "boro": "Chicago"}}, {"type": "Feature", "geometry": {"type": "Polygon", "coordinates": [[[-87.941266, 41.96213], [-87.935233, 41.962179], [-87.935299, 41.966682], [-87.941332, 41.966633], [-87.941266, 41.96213]]]}, "properties": {"sq": "844_9292", "crime_n": 0, "crime_night_n": 0, "nta": "O'Hare", "boro": "Chicago"}}, {"type": "Feature", "geometry": {"type": "Polygon", "coordinates": [[[-87.941332, 41.966633], [-87.935299, 41.966682], [-87.935365, 41.971185], [-87.941399, 41.971136], [-87.941332, 41.966633]]]}, "properties": {"sq": "844_9293", "crime_n": 0, "crime_night_n": 0, "nta": "O'Hare", "boro": "Chicago"}}, {"type": "Feature", "geometry": {"type": "Polygon", "coordinates": [[[-87.941399, 41.971136], [-87.935365, 41.971185], [-87.935431, 41.975688], [-87.941465, 41.975638], [-87.941399, 41.971136]]]}, "properties": {"sq": "844_9294", "crime_n": 0, "crime_night_n": 0, "nta": "O'Hare", "boro": "Chicago"}}, {"type": "Feature", "geometry": {"type": "Polygon", "coordinates": [[[-87.941465, 41.975638], [-87.935431, 41.975688], [-87.935497, 41.98019], [-87.941531, 41.980141], [-87.941465, 41.975638]]]}, "properties": {"sq": "844_9295", "crime_n": 0, "crime_night_n": 0, "nta": "O'Hare", "boro": "Chicago"}}, {"type": "Feature", "geometry": {"type": "Polygon", "coordinates": [[[-87.941531, 41.980141], [-87.935497, 41.98019], [-87.935563, 41.984693], [-87.941598, 41.984644], [-87.941531, 41.980141]]]}, "properties": {"sq": "844_9296", "crime_n": 0, "crime_night_n": 0, "nta": "O'Hare", "boro": "Chicago"}}, {"type": "Feature", "geometry": {"type": "Polygon", "coordinates": [[[-87.941598, 41.984644], [-87.935563, 41.984693], [-87.935628, 41.989196], [-87.941664, 41.989147], [-87.941598, 41.984644]]]}, "properties": {"sq": "844_9297", "crime_n": 0, "crime_night_n": 0, "nta": "O'Hare", "boro": "Chicago"}}, {"type": "Feature", "geometry": {"type": "Polygon", "coordinates": [[[-87.941664, 41.989147], [-87.935628, 41.989196], [-87.935694, 41.993699], [-87.94173, 41.993649], [-87.941664, 41.989147]]]}, "properties": {"sq": "844_9298", "crime_n": 0, "crime_night_n": 0, "nta": "O'Hare", "boro": "Chicago"}}, {"type": "Feature", "geometry": {"type": "Polygon", "coordinates": [[[-87.94173, 41.993649], [-87.935694, 41.993699], [-87.93576, 41.998201], [-87.941797, 41.998152], [-87.94173, 41.993649]]]}, "properties": {"sq": "844_9299", "crime_n": 0, "crime_night_n": 0, "nta": "O'Hare", "boro": "Chicago"}}, {"type": "Feature", "geometry": {"type": "Polygon", "coordinates": [[[-87.941797, 41.998152], [-87.93576, 41.998201], [-87.935826, 42.002704], [-87.941863, 42.002655], [-87.941797, 41.998152]]]}, "properties": {"sq": "844_9300", "crime_n": 0, "crime_night_n": 0, "nta": "O'Hare", "boro": "Chicago"}}, {"type": "Feature", "geometry": {"type": "Polygon", "coordinates": [[[-87.935101, 41.953174], [-87.929069, 41.953223], [-87.929135, 41.957726], [-87.935167, 41.957677], [-87.935101, 41.953174]]]}, "properties": {"sq": "845_9290", "crime_n": 0, "crime_night_n": 0, "nta": "O'Hare", "boro": "Chicago"}}, {"type": "Feature", "geometry": {"type": "Polygon", "coordinates": [[[-87.935167, 41.957677], [-87.929135, 41.957726], [-87.9292, 41.962228], [-87.935233, 41.962179], [-87.935167, 41.957677]]]}, "properties": {"sq": "845_9291", "crime_n": 0, "crime_night_n": 0, "nta": "O'Hare", "boro": "Chicago"}}, {"type": "Feature", "geometry": {"type": "Polygon", "coordinates": [[[-87.935233, 41.962179], [-87.9292, 41.962228], [-87.929266, 41.966731], [-87.935299, 41.966682], [-87.935233, 41.962179]]]}, "properties": {"sq": "845_9292", "crime_n": 0, "crime_night_n": 0, "nta": "O'Hare", "boro": "Chicago"}}, {"type": "Feature", "geometry": {"type": "Polygon", "coordinates": [[[-87.935299, 41.966682], [-87.929266, 41.966731], [-87.929331, 41.971234], [-87.935365, 41.971185], [-87.935299, 41.966682]]]}, "properties": {"sq": "845_9293", "crime_n": 0, "crime_night_n": 0, "nta": "O'Hare", "boro": "Chicago"}}, {"type": "Feature", "geometry": {"type": "Polygon", "coordinates": [[[-87.935365, 41.971185], [-87.929331, 41.971234], [-87.929396, 41.975737], [-87.935431, 41.975688], [-87.935365, 41.971185]]]}, "properties": {"sq": "845_9294", "crime_n": 0, "crime_night_n": 0, "nta": "O'Hare", "boro": "Chicago"}}, {"type": "Feature", "geometry": {"type": "Polygon", "coordinates": [[[-87.935431, 41.975688], [-87.929396, 41.975737], [-87.929462, 41.980239], [-87.935497, 41.98019], [-87.935431, 41.975688]]]}, "properties": {"sq": "845_9295", "crime_n": 0, "crime_night_n": 0, "nta": "O'Hare", "boro": "Chicago"}}, {"type": "Feature", "geometry": {"type": "Polygon", "coordinates": [[[-87.935497, 41.98019], [-87.929462, 41.980239], [-87.929527, 41.984742], [-87.935563, 41.984693], [-87.935497, 41.98019]]]}, "properties": {"sq": "845_9296", "crime_n": 0, "crime_night_n": 0, "nta": "O'Hare", "boro": "Chicago"}}, {"type": "Feature", "geometry": {"type": "Polygon", "coordinates": [[[-87.935563, 41.984693], [-87.929527, 41.984742], [-87.929593, 41.989245], [-87.935628, 41.989196], [-87.935563, 41.984693]]]}, "properties": {"sq": "845_9297", "crime_n": 0, "crime_night_n": 0, "nta": "O'Hare", "boro": "Chicago"}}, {"type": "Feature", "geometry": {"type": "Polygon", "coordinates": [[[-87.935628, 41.989196], [-87.929593, 41.989245], [-87.929658, 41.993748], [-87.935694, 41.993699], [-87.935628, 41.989196]]]}, "properties": {"sq": "845_9298", "crime_n": 0, "crime_night_n": 0, "nta": "O'Hare", "boro": "Chicago"}}, {"type": "Feature", "geometry": {"type": "Polygon", "coordinates": [[[-87.935694, 41.993699], [-87.929658, 41.993748], [-87.929724, 41.99825], [-87.93576, 41.998201], [-87.935694, 41.993699]]]}, "properties": {"sq": "845_9299", "crime_n": 0, "crime_night_n": 0, "nta": "O'Hare", "boro": "Chicago"}}, {"type": "Feature", "geometry": {"type": "Polygon", "coordinates": [[[-87.93576, 41.998201], [-87.929724, 41.99825], [-87.92979, 42.002753], [-87.935826, 42.002704], [-87.93576, 41.998201]]]}, "properties": {"sq": "845_9300", "crime_n": 0, "crime_night_n": 0, "nta": "O'Hare", "boro": "Chicago"}}, {"type": "Feature", "geometry": {"type": "Polygon", "coordinates": [[[-87.935826, 42.002704], [-87.92979, 42.002753], [-87.929855, 42.007256], [-87.935892, 42.007207], [-87.935826, 42.002704]]]}, "properties": {"sq": "845_9301", "crime_n": 0, "crime_night_n": 0, "nta": "O'Hare", "boro": "Chicago"}}, {"type": "Feature", "geometry": {"type": "Polygon", "coordinates": [[[-87.935892, 42.007207], [-87.929855, 42.007256], [-87.929921, 42.011759], [-87.935958, 42.01171], [-87.935892, 42.007207]]]}, "properties": {"sq": "845_9302", "crime_n": 0, "crime_night_n": 0, "nta": "O'Hare", "boro": "Chicago"}}, {"type": "Feature", "geometry": {"type": "Polygon", "coordinates": [[[-87.929069, 41.953223], [-87.923037, 41.953271], [-87.923102, 41.957774], [-87.929135, 41.957726], [-87.929069, 41.953223]]]}, "properties": {"sq": "846_9290", "crime_n": 1, "crime_night_n": 0, "nta": "O'Hare", "boro": "Chicago"}}, {"type": "Feature", "geometry": {"type": "Polygon", "coordinates": [[[-87.929135, 41.957726], [-87.923102, 41.957774], [-87.923167, 41.962277], [-87.9292, 41.962228], [-87.929135, 41.957726]]]}, "properties": {"sq": "846_9291", "crime_n": 0, "crime_night_n": 0, "nta": "O'Hare", "boro": "Chicago"}}, {"type": "Feature", "geometry": {"type": "Polygon", "coordinates": [[[-87.9292, 41.962228], [-87.923167, 41.962277], [-87.923232, 41.96678], [-87.929266, 41.966731], [-87.9292, 41.962228]]]}, "properties": {"sq": "846_9292", "crime_n": 0, "crime_night_n": 0, "nta": "O'Hare", "boro": "Chicago"}}, {"type": "Feature", "geometry": {"type": "Polygon", "coordinates": [[[-87.929266, 41.966731], [-87.923232, 41.96678], [-87.923297, 41.971283], [-87.929331, 41.971234], [-87.929266, 41.966731]]]}, "properties": {"sq": "846_9293", "crime_n": 0, "crime_night_n": 0, "nta": "O'Hare", "boro": "Chicago"}}, {"type": "Feature", "geometry": {"type": "Polygon", "coordinates": [[[-87.929331, 41.971234], [-87.923297, 41.971283], [-87.923362, 41.975785], [-87.929396, 41.975737], [-87.929331, 41.971234]]]}, "properties": {"sq": "846_9294", "crime_n": 0, "crime_night_n": 0, "nta": "O'Hare", "boro": "Chicago"}}, {"type": "Feature", "geometry": {"type": "Polygon", "coordinates": [[[-87.929396, 41.975737], [-87.923362, 41.975785], [-87.923427, 41.980288], [-87.929462, 41.980239], [-87.929396, 41.975737]]]}, "properties": {"sq": "846_9295", "crime_n": 0, "crime_night_n": 0, "nta": "O'Hare", "boro": "Chicago"}}, {"type": "Feature", "geometry": {"type": "Polygon", "coordinates": [[[-87.929462, 41.980239], [-87.923427, 41.980288], [-87.923492, 41.984791], [-87.929527, 41.984742], [-87.929462, 41.980239]]]}, "properties": {"sq": "846_9296", "crime_n": 0, "crime_night_n": 0, "nta": "O'Hare", "boro": "Chicago"}}, {"type": "Feature", "geometry": {"type": "Polygon", "coordinates": [[[-87.929527, 41.984742], [-87.923492, 41.984791], [-87.923557, 41.989294], [-87.929593, 41.989245], [-87.929527, 41.984742]]]}, "properties": {"sq": "846_9297", "crime_n": 0, "crime_night_n": 0, "nta": "O'Hare", "boro": "Chicago"}}, {"type": "Feature", "geometry": {"type": "Polygon", "coordinates": [[[-87.929593, 41.989245], [-87.923557, 41.989294], [-87.923622, 41.993796], [-87.929658, 41.993748], [-87.929593, 41.989245]]]}, "properties": {"sq": "846_9298", "crime_n": 0, "crime_night_n": 0, "nta": "O'Hare", "boro": "Chicago"}}, {"type": "Feature", "geometry": {"type": "Polygon", "coordinates": [[[-87.929658, 41.993748], [-87.923622, 41.993796], [-87.923688, 41.998299], [-87.929724, 41.99825], [-87.929658, 41.993748]]]}, "properties": {"sq": "846_9299", "crime_n": 1, "crime_night_n": 0, "nta": "O'Hare", "boro": "Chicago"}}, {"type": "Feature", "geometry": {"type": "Polygon", "coordinates": [[[-87.929724, 41.99825], [-87.923688, 41.998299], [-87.923753, 42.002802], [-87.92979, 42.002753], [-87.929724, 41.99825]]]}, "properties": {"sq": "846_9300", "crime_n": 0, "crime_night_n": 0, "nta": "O'Hare", "boro": "Chicago"}}, {"type": "Feature", "geometry": {"type": "Polygon", "coordinates": [[[-87.92979, 42.002753], [-87.923753, 42.002802], [-87.923818, 42.007305], [-87.929855, 42.007256], [-87.92979, 42.002753]]]}, "properties": {"sq": "846_9301", "crime_n": 0, "crime_night_n": 0, "nta": "O'Hare", "boro": "Chicago"}}, {"type": "Feature", "geometry": {"type": "Polygon", "coordinates": [[[-87.929855, 42.007256], [-87.923818, 42.007305], [-87.923883, 42.011807], [-87.929921, 42.011759], [-87.929855, 42.007256]]]}, "properties": {"sq": "846_9302", "crime_n": 0, "crime_night_n": 0, "nta": "O'Hare", "boro": "Chicago"}}, {"type": "Feature", "geometry": {"type": "Polygon", "coordinates": [[[-87.922972, 41.948769], [-87.91694, 41.948817], [-87.917005, 41.95332], [-87.923037, 41.953271], [-87.922972, 41.948769]]]}, "properties": {"sq": "847_9289", "crime_n": 0, "crime_night_n": 0, "nta": "O'Hare", "boro": "Chicago"}}, {"type": "Feature", "geometry": {"type": "Polygon", "coordinates": [[[-87.923037, 41.953271], [-87.917005, 41.95332], [-87.91707, 41.957823], [-87.923102, 41.957774], [-87.923037, 41.953271]]]}, "properties": {"sq": "847_9290", "crime_n": 1, "crime_night_n": 1, "nta": "O'Hare", "boro": "Chicago"}}, {"type": "Feature", "geometry": {"type": "Polygon", "coordinates": [[[-87.923102, 41.957774], [-87.91707, 41.957823], [-87.917134, 41.962325], [-87.923167, 41.962277], [-87.923102, 41.957774]]]}, "properties": {"sq": "847_9291", "crime_n": 1, "crime_night_n": 0, "nta": "O'Hare", "boro": "Chicago"}}, {"type": "Feature", "geometry": {"type": "Polygon", "coordinates": [[[-87.923167, 41.962277], [-87.917134, 41.962325], [-87.917199, 41.966828], [-87.923232, 41.96678], [-87.923167, 41.962277]]]}, "properties": {"sq": "847_9292", "crime_n": 0, "crime_night_n": 0, "nta": "O'Hare", "boro": "Chicago"}}, {"type": "Feature", "geometry": {"type": "Polygon", "coordinates": [[[-87.923232, 41.96678], [-87.917199, 41.966828], [-87.917263, 41.971331], [-87.923297, 41.971283], [-87.923232, 41.96678]]]}, "properties": {"sq": "847_9293", "crime_n": 0, "crime_night_n": 0, "nta": "O'Hare", "boro": "Chicago"}}, {"type": "Feature", "geometry": {"type": "Polygon", "coordinates": [[[-87.923297, 41.971283], [-87.917263, 41.971331], [-87.917328, 41.975834], [-87.923362, 41.975785], [-87.923297, 41.971283]]]}, "properties": {"sq": "847_9294", "crime_n": 0, "crime_night_n": 0, "nta": "O'Hare", "boro": "Chicago"}}, {"type": "Feature", "geometry": {"type": "Polygon", "coordinates": [[[-87.923362, 41.975785], [-87.917328, 41.975834], [-87.917393, 41.980336], [-87.923427, 41.980288], [-87.923362, 41.975785]]]}, "properties": {"sq": "847_9295", "crime_n": 0, "crime_night_n": 0, "nta": "O'Hare", "boro": "Chicago"}}, {"type": "Feature", "geometry": {"type": "Polygon", "coordinates": [[[-87.923427, 41.980288], [-87.917393, 41.980336], [-87.917457, 41.984839], [-87.923492, 41.984791], [-87.923427, 41.980288]]]}, "properties": {"sq": "847_9296", "crime_n": 0, "crime_night_n": 0, "nta": "O'Hare", "boro": "Chicago"}}, {"type": "Feature", "geometry": {"type": "Polygon", "coordinates": [[[-87.923492, 41.984791], [-87.917457, 41.984839], [-87.917522, 41.989342], [-87.923557, 41.989294], [-87.923492, 41.984791]]]}, "properties": {"sq": "847_9297", "crime_n": 0, "crime_night_n": 0, "nta": "O'Hare", "boro": "Chicago"}}, {"type": "Feature", "geometry": {"type": "Polygon", "coordinates": [[[-87.923557, 41.989294], [-87.917522, 41.989342], [-87.917586, 41.993845], [-87.923622, 41.993796], [-87.923557, 41.989294]]]}, "properties": {"sq": "847_9298", "crime_n": 0, "crime_night_n": 0, "nta": "O'Hare", "boro": "Chicago"}}, {"type": "Feature", "geometry": {"type": "Polygon", "coordinates": [[[-87.923622, 41.993796], [-87.917586, 41.993845], [-87.917651, 41.998348], [-87.923688, 41.998299], [-87.923622, 41.993796]]]}, "properties": {"sq": "847_9299", "crime_n": 0, "crime_night_n": 0, "nta": "O'Hare", "boro": "Chicago"}}, {"type": "Feature", "geometry": {"type": "Polygon", "coordinates": [[[-87.923688, 41.998299], [-87.917651, 41.998348], [-87.917716, 42.00285], [-87.923753, 42.002802], [-87.923688, 41.998299]]]}, "properties": {"sq": "847_9300", "crime_n": 0, "crime_night_n": 0, "nta": "O'Hare", "boro": "Chicago"}}, {"type": "Feature", "geometry": {"type": "Polygon", "coordinates": [[[-87.923753, 42.002802], [-87.917716, 42.00285], [-87.917781, 42.007353], [-87.923818, 42.007305], [-87.923753, 42.002802]]]}, "properties": {"sq": "847_9301", "crime_n": 0, "crime_night_n": 0, "nta": "O'Hare", "boro": "Chicago"}}, {"type": "Feature", "geometry": {"type": "Polygon", "coordinates": [[[-87.91694, 41.948817], [-87.910909, 41.948865], [-87.910973, 41.953368], [-87.917005, 41.95332], [-87.91694, 41.948817]]]}, "properties": {"sq": "848_9289", "crime_n": 0, "crime_night_n": 0, "nta": "O'Hare", "boro": "Chicago"}}, {"type": "Feature", "geometry": {"type": "Polygon", "coordinates": [[[-87.917005, 41.95332], [-87.910973, 41.953368], [-87.911037, 41.957871], [-87.91707, 41.957823], [-87.917005, 41.95332]]]}, "properties": {"sq": "848_9290", "crime_n": 1, "crime_night_n": 1, "nta": "O'Hare", "boro": "Chicago"}}, {"type": "Feature", "geometry": {"type": "Polygon", "coordinates": [[[-87.91707, 41.957823], [-87.911037, 41.957871], [-87.911101, 41.962373], [-87.917134, 41.962325], [-87.91707, 41.957823]]]}, "properties": {"sq": "848_9291", "crime_n": 0, "crime_night_n": 0, "nta": "O'Hare", "boro": "Chicago"}}, {"type": "Feature", "geometry": {"type": "Polygon", "coordinates": [[[-87.917134, 41.962325], [-87.911101, 41.962373], [-87.911165, 41.966876], [-87.917199, 41.966828], [-87.917134, 41.962325]]]}, "properties": {"sq": "848_9292", "crime_n": 0, "crime_night_n": 0, "nta": "O'Hare", "boro": "Chicago"}}, {"type": "Feature", "geometry": {"type": "Polygon", "coordinates": [[[-87.917199, 41.966828], [-87.911165, 41.966876], [-87.911229, 41.971379], [-87.917263, 41.971331], [-87.917199, 41.966828]]]}, "properties": {"sq": "848_9293", "crime_n": 0, "crime_night_n": 0, "nta": "O'Hare", "boro": "Chicago"}}, {"type": "Feature", "geometry": {"type": "Polygon", "coordinates": [[[-87.917263, 41.971331], [-87.911229, 41.971379], [-87.911294, 41.975882], [-87.917328, 41.975834], [-87.917263, 41.971331]]]}, "properties": {"sq": "848_9294", "crime_n": 0, "crime_night_n": 0, "nta": "O'Hare", "boro": "Chicago"}}, {"type": "Feature", "geometry": {"type": "Polygon", "coordinates": [[[-87.917328, 41.975834], [-87.911294, 41.975882], [-87.911358, 41.980385], [-87.917393, 41.980336], [-87.917328, 41.975834]]]}, "properties": {"sq": "848_9295", "crime_n": 0, "crime_night_n": 0, "nta": "O'Hare", "boro": "Chicago"}}, {"type": "Feature", "geometry": {"type": "Polygon", "coordinates": [[[-87.917393, 41.980336], [-87.911358, 41.980385], [-87.911422, 41.984887], [-87.917457, 41.984839], [-87.917393, 41.980336]]]}, "properties": {"sq": "848_9296", "crime_n": 0, "crime_night_n": 0, "nta": "O'Hare", "boro": "Chicago"}}, {"type": "Feature", "geometry": {"type": "Polygon", "coordinates": [[[-87.917457, 41.984839], [-87.911422, 41.984887], [-87.911486, 41.98939], [-87.917522, 41.989342], [-87.917457, 41.984839]]]}, "properties": {"sq": "848_9297", "crime_n": 0, "crime_night_n": 0, "nta": "O'Hare", "boro": "Chicago"}}, {"type": "Feature", "geometry": {"type": "Polygon", "coordinates": [[[-87.917522, 41.989342], [-87.911486, 41.98939], [-87.91155, 41.993893], [-87.917586, 41.993845], [-87.917522, 41.989342]]]}, "properties": {"sq": "848_9298", "crime_n": 0, "crime_night_n": 0, "nta": "O'Hare", "boro": "Chicago"}}, {"type": "Feature", "geometry": {"type": "Polygon", "coordinates": [[[-87.917586, 41.993845], [-87.91155, 41.993893], [-87.911615, 41.998396], [-87.917651, 41.998348], [-87.917586, 41.993845]]]}, "properties": {"sq": "848_9299", "crime_n": 0, "crime_night_n": 0, "nta": "O'Hare", "boro": "Chicago"}}, {"type": "Feature", "geometry": {"type": "Polygon", "coordinates": [[[-87.917651, 41.998348], [-87.911615, 41.998396], [-87.911679, 42.002898], [-87.917716, 42.00285], [-87.917651, 41.998348]]]}, "properties": {"sq": "848_9300", "crime_n": 0, "crime_night_n": 0, "nta": "O'Hare", "boro": "Chicago"}}, {"type": "Feature", "geometry": {"type": "Polygon", "coordinates": [[[-87.917716, 42.00285], [-87.911679, 42.002898], [-87.911743, 42.007401], [-87.917781, 42.007353], [-87.917716, 42.00285]]]}, "properties": {"sq": "848_9301", "crime_n": 0, "crime_night_n": 0, "nta": "O'Hare", "boro": "Chicago"}}, {"type": "Feature", "geometry": {"type": "Polygon", "coordinates": [[[-87.917781, 42.007353], [-87.911743, 42.007401], [-87.911808, 42.011904], [-87.917845, 42.011856], [-87.917781, 42.007353]]]}, "properties": {"sq": "848_9302", "crime_n": 0, "crime_night_n": 0, "nta": "O'Hare", "boro": "Chicago"}}, {"type": "Feature", "geometry": {"type": "Polygon", "coordinates": [[[-87.910909, 41.948865], [-87.904877, 41.948913], [-87.904941, 41.953416], [-87.910973, 41.953368], [-87.910909, 41.948865]]]}, "properties": {"sq": "849_9289", "crime_n": 0, "crime_night_n": 0, "nta": "O'Hare", "boro": "Chicago"}}, {"type": "Feature", "geometry": {"type": "Polygon", "coordinates": [[[-87.910973, 41.953368], [-87.904941, 41.953416], [-87.905004, 41.957918], [-87.911037, 41.957871], [-87.910973, 41.953368]]]}, "properties": {"sq": "849_9290", "crime_n": 0, "crime_night_n": 0, "nta": "O'Hare", "boro": "Chicago"}}, {"type": "Feature", "geometry": {"type": "Polygon", "coordinates": [[[-87.911037, 41.957871], [-87.905004, 41.957918], [-87.905068, 41.962421], [-87.911101, 41.962373], [-87.911037, 41.957871]]]}, "properties": {"sq": "849_9291", "crime_n": 0, "crime_night_n": 0, "nta": "O'Hare", "boro": "Chicago"}}, {"type": "Feature", "geometry": {"type": "Polygon", "coordinates": [[[-87.911101, 41.962373], [-87.905068, 41.962421], [-87.905132, 41.966924], [-87.911165, 41.966876], [-87.911101, 41.962373]]]}, "properties": {"sq": "849_9292", "crime_n": 2, "crime_night_n": 0, "nta": "O'Hare", "boro": "Chicago"}}, {"type": "Feature", "geometry": {"type": "Polygon", "coordinates": [[[-87.911165, 41.966876], [-87.905132, 41.966924], [-87.905195, 41.971427], [-87.911229, 41.971379], [-87.911165, 41.966876]]]}, "properties": {"sq": "849_9293", "crime_n": 0, "crime_night_n": 0, "nta": "O'Hare", "boro": "Chicago"}}, {"type": "Feature", "geometry": {"type": "Polygon", "coordinates": [[[-87.911229, 41.971379], [-87.905195, 41.971427], [-87.905259, 41.97593], [-87.911294, 41.975882], [-87.911229, 41.971379]]]}, "properties": {"sq": "849_9294", "crime_n": 0, "crime_night_n": 0, "nta": "O'Hare", "boro": "Chicago"}}, {"type": "Feature", "geometry": {"type": "Polygon", "coordinates": [[[-87.911294, 41.975882], [-87.905259, 41.97593], [-87.905323, 41.980432], [-87.911358, 41.980385], [-87.911294, 41.975882]]]}, "properties": {"sq": "849_9295", "crime_n": 9, "crime_night_n": 5, "nta": "O'Hare", "boro": "Chicago"}}, {"type": "Feature", "geometry": {"type": "Polygon", "coordinates": [[[-87.911358, 41.980385], [-87.905323, 41.980432], [-87.905387, 41.984935], [-87.911422, 41.984887], [-87.911358, 41.980385]]]}, "properties": {"sq": "849_9296", "crime_n": 0, "crime_night_n": 0, "nta": "O'Hare", "boro": "Chicago"}}, {"type": "Feature", "geometry": {"type": "Polygon", "coordinates": [[[-87.911422, 41.984887], [-87.905387, 41.984935], [-87.905451, 41.989438], [-87.911486, 41.98939], [-87.911422, 41.984887]]]}, "properties": {"sq": "849_9297", "crime_n": 0, "crime_night_n": 0, "nta": "O'Hare", "boro": "Chicago"}}, {"type": "Feature", "geometry": {"type": "Polygon", "coordinates": [[[-87.911486, 41.98939], [-87.905451, 41.989438], [-87.905514, 41.993941], [-87.91155, 41.993893], [-87.911486, 41.98939]]]}, "properties": {"sq": "849_9298", "crime_n": 0, "crime_night_n": 0, "nta": "O'Hare", "boro": "Chicago"}}, {"type": "Feature", "geometry": {"type": "Polygon", "coordinates": [[[-87.91155, 41.993893], [-87.905514, 41.993941], [-87.905578, 41.998443], [-87.911615, 41.998396], [-87.91155, 41.993893]]]}, "properties": {"sq": "849_9299", "crime_n": 0, "crime_night_n": 0, "nta": "O'Hare", "boro": "Chicago"}}, {"type": "Feature", "geometry": {"type": "Polygon", "coordinates": [[[-87.911615, 41.998396], [-87.905578, 41.998443], [-87.905642, 42.002946], [-87.911679, 42.002898], [-87.911615, 41.998396]]]}, "properties": {"sq": "849_9300", "crime_n": 0, "crime_night_n": 0, "nta": "O'Hare", "boro": "Chicago"}}, {"type": "Feature", "geometry": {"type": "Polygon", "coordinates": [[[-87.911679, 42.002898], [-87.905642, 42.002946], [-87.905706, 42.007449], [-87.911743, 42.007401], [-87.911679, 42.002898]]]}, "properties": {"sq": "849_9301", "crime_n": 0, "crime_night_n": 0, "nta": "O'Hare", "boro": "Chicago"}}, {"type": "Feature", "geometry": {"type": "Polygon", "coordinates": [[[-87.911743, 42.007401], [-87.905706, 42.007449], [-87.90577, 42.011952], [-87.911808, 42.011904], [-87.911743, 42.007401]]]}, "properties": {"sq": "849_9302", "crime_n": 0, "crime_night_n": 0, "nta": "O'Hare", "boro": "Chicago"}}, {"type": "Feature", "geometry": {"type": "Polygon", "coordinates": [[[-87.904877, 41.948913], [-87.898845, 41.94896], [-87.898908, 41.953463], [-87.904941, 41.953416], [-87.904877, 41.948913]]]}, "properties": {"sq": "850_9289", "crime_n": 1, "crime_night_n": 1, "nta": "O'Hare", "boro": "Chicago"}}, {"type": "Feature", "geometry": {"type": "Polygon", "coordinates": [[[-87.904941, 41.953416], [-87.898908, 41.953463], [-87.898972, 41.957966], [-87.905004, 41.957918], [-87.904941, 41.953416]]]}, "properties": {"sq": "850_9290", "crime_n": 0, "crime_night_n": 0, "nta": "O'Hare", "boro": "Chicago"}}, {"type": "Feature", "geometry": {"type": "Polygon", "coordinates": [[[-87.905004, 41.957918], [-87.898972, 41.957966], [-87.899035, 41.962469], [-87.905068, 41.962421], [-87.905004, 41.957918]]]}, "properties": {"sq": "850_9291", "crime_n": 0, "crime_night_n": 0, "nta": "O'Hare", "boro": "Chicago"}}, {"type": "Feature", "geometry": {"type": "Polygon", "coordinates": [[[-87.905068, 41.962421], [-87.899035, 41.962469], [-87.899098, 41.966971], [-87.905132, 41.966924], [-87.905068, 41.962421]]]}, "properties": {"sq": "850_9292", "crime_n": 0, "crime_night_n": 0, "nta": "O'Hare", "boro": "Chicago"}}, {"type": "Feature", "geometry": {"type": "Polygon", "coordinates": [[[-87.905132, 41.966924], [-87.899098, 41.966971], [-87.899162, 41.971474], [-87.905195, 41.971427], [-87.905132, 41.966924]]]}, "properties": {"sq": "850_9293", "crime_n": 0, "crime_night_n": 0, "nta": "O'Hare", "boro": "Chicago"}}, {"type": "Feature", "geometry": {"type": "Polygon", "coordinates": [[[-87.905195, 41.971427], [-87.899162, 41.971474], [-87.899225, 41.975977], [-87.905259, 41.97593], [-87.905195, 41.971427]]]}, "properties": {"sq": "850_9294", "crime_n": 0, "crime_night_n": 0, "nta": "O'Hare", "boro": "Chicago"}}, {"type": "Feature", "geometry": {"type": "Polygon", "coordinates": [[[-87.905259, 41.97593], [-87.899225, 41.975977], [-87.899288, 41.98048], [-87.905323, 41.980432], [-87.905259, 41.97593]]]}, "properties": {"sq": "850_9295", "crime_n": 38, "crime_night_n": 18, "nta": "O'Hare", "boro": "Chicago"}}, {"type": "Feature", "geometry": {"type": "Polygon", "coordinates": [[[-87.905323, 41.980432], [-87.899288, 41.98048], [-87.899352, 41.984983], [-87.905387, 41.984935], [-87.905323, 41.980432]]]}, "properties": {"sq": "850_9296", "crime_n": 0, "crime_night_n": 0, "nta": "O'Hare", "boro": "Chicago"}}, {"type": "Feature", "geometry": {"type": "Polygon", "coordinates": [[[-87.905387, 41.984935], [-87.899352, 41.984983], [-87.899415, 41.989485], [-87.905451, 41.989438], [-87.905387, 41.984935]]]}, "properties": {"sq": "850_9297", "crime_n": 0, "crime_night_n": 0, "nta": "O'Hare", "boro": "Chicago"}}, {"type": "Feature", "geometry": {"type": "Polygon", "coordinates": [[[-87.905451, 41.989438], [-87.899415, 41.989485], [-87.899478, 41.993988], [-87.905514, 41.993941], [-87.905451, 41.989438]]]}, "properties": {"sq": "850_9298", "crime_n": 0, "crime_night_n": 0, "nta": "O'Hare", "boro": "Chicago"}}, {"type": "Feature", "geometry": {"type": "Polygon", "coordinates": [[[-87.905514, 41.993941], [-87.899478, 41.993988], [-87.899542, 41.998491], [-87.905578, 41.998443], [-87.905514, 41.993941]]]}, "properties": {"sq": "850_9299", "crime_n": 0, "crime_night_n": 0, "nta": "O'Hare", "boro": "Chicago"}}, {"type": "Feature", "geometry": {"type": "Polygon", "coordinates": [[[-87.905578, 41.998443], [-87.899542, 41.998491], [-87.899605, 42.002994], [-87.905642, 42.002946], [-87.905578, 41.998443]]]}, "properties": {"sq": "850_9300", "crime_n": 0, "crime_night_n": 0, "nta": "O'Hare", "boro": "Chicago"}}, {"type": "Feature", "geometry": {"type": "Polygon", "coordinates": [[[-87.905642, 42.002946], [-87.899605, 42.002994], [-87.899669, 42.007496], [-87.905706, 42.007449], [-87.905642, 42.002946]]]}, "properties": {"sq": "850_9301", "crime_n": 1, "crime_night_n": 0, "nta": "O'Hare", "boro": "Chicago"}}, {"type": "Feature", "geometry": {"type": "Polygon", "coordinates": [[[-87.905706, 42.007449], [-87.899669, 42.007496], [-87.899732, 42.011999], [-87.90577, 42.011952], [-87.905706, 42.007449]]]}, "properties": {"sq": "850_9302", "crime_n": 0, "crime_night_n": 0, "nta": "O'Hare", "boro": "Chicago"}}, {"type": "Feature", "geometry": {"type": "Polygon", "coordinates": [[[-87.898845, 41.94896], [-87.892813, 41.949007], [-87.892876, 41.95351], [-87.898908, 41.953463], [-87.898845, 41.94896]]]}, "properties": {"sq": "851_9289", "crime_n": 0, "crime_night_n": 0, "nta": "O'Hare", "boro": "Chicago"}}, {"type": "Feature", "geometry": {"type": "Polygon", "coordinates": [[[-87.898908, 41.953463], [-87.892876, 41.95351], [-87.892939, 41.958013], [-87.898972, 41.957966], [-87.898908, 41.953463]]]}, "properties": {"sq": "851_9290", "crime_n": 1, "crime_night_n": 1, "nta": "O'Hare", "boro": "Chicago"}}, {"type": "Feature", "geometry": {"type": "Polygon", "coordinates": [[[-87.898972, 41.957966], [-87.892939, 41.958013], [-87.893002, 41.962516], [-87.899035, 41.962469], [-87.898972, 41.957966]]]}, "properties": {"sq": "851_9291", "crime_n": 0, "crime_night_n": 0, "nta": "O'Hare", "boro": "Chicago"}}, {"type": "Feature", "geometry": {"type": "Polygon", "coordinates": [[[-87.899035, 41.962469], [-87.893002, 41.962516], [-87.893065, 41.967018], [-87.899098, 41.966971], [-87.899035, 41.962469]]]}, "properties": {"sq": "851_9292", "crime_n": 0, "crime_night_n": 0, "nta": "O'Hare", "boro": "Chicago"}}, {"type": "Feature", "geometry": {"type": "Polygon", "coordinates": [[[-87.899098, 41.966971], [-87.893065, 41.967018], [-87.893128, 41.971521], [-87.899162, 41.971474], [-87.899098, 41.966971]]]}, "properties": {"sq": "851_9293", "crime_n": 0, "crime_night_n": 0, "nta": "O'Hare", "boro": "Chicago"}}, {"type": "Feature", "geometry": {"type": "Polygon", "coordinates": [[[-87.899162, 41.971474], [-87.893128, 41.971521], [-87.893191, 41.976024], [-87.899225, 41.975977], [-87.899162, 41.971474]]]}, "properties": {"sq": "851_9294", "crime_n": 0, "crime_night_n": 0, "nta": "O'Hare", "boro": "Chicago"}}, {"type": "Feature", "geometry": {"type": "Polygon", "coordinates": [[[-87.899225, 41.975977], [-87.893191, 41.976024], [-87.893253, 41.980527], [-87.899288, 41.98048], [-87.899225, 41.975977]]]}, "properties": {"sq": "851_9295", "crime_n": 0, "crime_night_n": 0, "nta": "O'Hare", "boro": "Chicago"}}, {"type": "Feature", "geometry": {"type": "Polygon", "coordinates": [[[-87.899288, 41.98048], [-87.893253, 41.980527], [-87.893316, 41.98503], [-87.899352, 41.984983], [-87.899288, 41.98048]]]}, "properties": {"sq": "851_9296", "crime_n": 0, "crime_night_n": 0, "nta": "O'Hare", "boro": "Chicago"}}, {"type": "Feature", "geometry": {"type": "Polygon", "coordinates": [[[-87.899352, 41.984983], [-87.893316, 41.98503], [-87.893379, 41.989532], [-87.899415, 41.989485], [-87.899352, 41.984983]]]}, "properties": {"sq": "851_9297", "crime_n": 0, "crime_night_n": 0, "nta": "O'Hare", "boro": "Chicago"}}, {"type": "Feature", "geometry": {"type": "Polygon", "coordinates": [[[-87.899415, 41.989485], [-87.893379, 41.989532], [-87.893442, 41.994035], [-87.899478, 41.993988], [-87.899415, 41.989485]]]}, "properties": {"sq": "851_9298", "crime_n": 2, "crime_night_n": 1, "nta": "O'Hare", "boro": "Chicago"}}, {"type": "Feature", "geometry": {"type": "Polygon", "coordinates": [[[-87.899478, 41.993988], [-87.893442, 41.994035], [-87.893505, 41.998538], [-87.899542, 41.998491], [-87.899478, 41.993988]]]}, "properties": {"sq": "851_9299", "crime_n": 0, "crime_night_n": 0, "nta": "O'Hare", "boro": "Chicago"}}, {"type": "Feature", "geometry": {"type": "Polygon", "coordinates": [[[-87.899542, 41.998491], [-87.893505, 41.998538], [-87.893568, 42.003041], [-87.899605, 42.002994], [-87.899542, 41.998491]]]}, "properties": {"sq": "851_9300", "crime_n": 1, "crime_night_n": 1, "nta": "O'Hare", "boro": "Chicago"}}, {"type": "Feature", "geometry": {"type": "Polygon", "coordinates": [[[-87.899605, 42.002994], [-87.893568, 42.003041], [-87.893631, 42.007544], [-87.899669, 42.007496], [-87.899605, 42.002994]]]}, "properties": {"sq": "851_9301", "crime_n": 0, "crime_night_n": 0, "nta": "O'Hare", "boro": "Chicago"}}, {"type": "Feature", "geometry": {"type": "Polygon", "coordinates": [[[-87.892876, 41.95351], [-87.886844, 41.953557], [-87.886906, 41.95806], [-87.892939, 41.958013], [-87.892876, 41.95351]]]}, "properties": {"sq": "852_9290", "crime_n": 1, "crime_night_n": 1, "nta": "O'Hare", "boro": "Chicago"}}, {"type": "Feature", "geometry": {"type": "Polygon", "coordinates": [[[-87.892939, 41.958013], [-87.886906, 41.95806], [-87.886969, 41.962562], [-87.893002, 41.962516], [-87.892939, 41.958013]]]}, "properties": {"sq": "852_9291", "crime_n": 1, "crime_night_n": 0, "nta": "O'Hare", "boro": "Chicago"}}, {"type": "Feature", "geometry": {"type": "Polygon", "coordinates": [[[-87.893002, 41.962516], [-87.886969, 41.962562], [-87.887031, 41.967065], [-87.893065, 41.967018], [-87.893002, 41.962516]]]}, "properties": {"sq": "852_9292", "crime_n": 0, "crime_night_n": 0, "nta": "O'Hare", "boro": "Chicago"}}, {"type": "Feature", "geometry": {"type": "Polygon", "coordinates": [[[-87.893065, 41.967018], [-87.887031, 41.967065], [-87.887094, 41.971568], [-87.893128, 41.971521], [-87.893065, 41.967018]]]}, "properties": {"sq": "852_9293", "crime_n": 0, "crime_night_n": 0, "nta": "O'Hare", "boro": "Chicago"}}, {"type": "Feature", "geometry": {"type": "Polygon", "coordinates": [[[-87.893128, 41.971521], [-87.887094, 41.971568], [-87.887156, 41.976071], [-87.893191, 41.976024], [-87.893128, 41.971521]]]}, "properties": {"sq": "852_9294", "crime_n": 14, "crime_night_n": 4, "nta": "O'Hare", "boro": "Chicago"}}, {"type": "Feature", "geometry": {"type": "Polygon", "coordinates": [[[-87.893191, 41.976024], [-87.887156, 41.976071], [-87.887219, 41.980574], [-87.893253, 41.980527], [-87.893191, 41.976024]]]}, "properties": {"sq": "852_9295", "crime_n": 0, "crime_night_n": 0, "nta": "O'Hare", "boro": "Chicago"}}, {"type": "Feature", "geometry": {"type": "Polygon", "coordinates": [[[-87.893253, 41.980527], [-87.887219, 41.980574], [-87.887281, 41.985076], [-87.893316, 41.98503], [-87.893253, 41.980527]]]}, "properties": {"sq": "852_9296", "crime_n": 1, "crime_night_n": 0, "nta": "O'Hare", "boro": "Chicago"}}, {"type": "Feature", "geometry": {"type": "Polygon", "coordinates": [[[-87.893316, 41.98503], [-87.887281, 41.985076], [-87.887344, 41.989579], [-87.893379, 41.989532], [-87.893316, 41.98503]]]}, "properties": {"sq": "852_9297", "crime_n": 0, "crime_night_n": 0, "nta": "O'Hare", "boro": "Chicago"}}, {"type": "Feature", "geometry": {"type": "Polygon", "coordinates": [[[-87.893379, 41.989532], [-87.887344, 41.989579], [-87.887406, 41.994082], [-87.893442, 41.994035], [-87.893379, 41.989532]]]}, "properties": {"sq": "852_9298", "crime_n": 1, "crime_night_n": 1, "nta": "O'Hare", "boro": "Chicago"}}, {"type": "Feature", "geometry": {"type": "Polygon", "coordinates": [[[-87.893442, 41.994035], [-87.887406, 41.994082], [-87.887469, 41.998585], [-87.893505, 41.998538], [-87.893442, 41.994035]]]}, "properties": {"sq": "852_9299", "crime_n": 2, "crime_night_n": 0, "nta": "O'Hare", "boro": "Chicago"}}, {"type": "Feature", "geometry": {"type": "Polygon", "coordinates": [[[-87.893505, 41.998538], [-87.887469, 41.998585], [-87.887531, 42.003088], [-87.893568, 42.003041], [-87.893505, 41.998538]]]}, "properties": {"sq": "852_9300", "crime_n": 0, "crime_night_n": 0, "nta": "O'Hare", "boro": "Chicago"}}, {"type": "Feature", "geometry": {"type": "Polygon", "coordinates": [[[-87.893568, 42.003041], [-87.887531, 42.003088], [-87.887594, 42.00759], [-87.893631, 42.007544], [-87.893568, 42.003041]]]}, "properties": {"sq": "852_9301", "crime_n": 0, "crime_night_n": 0, "nta": "O'Hare", "boro": "Chicago"}}, {"type": "Feature", "geometry": {"type": "Polygon", "coordinates": [[[-87.886844, 41.953557], [-87.880812, 41.953603], [-87.880874, 41.958106], [-87.886906, 41.95806], [-87.886844, 41.953557]]]}, "properties": {"sq": "853_9290", "crime_n": 1, "crime_night_n": 0, "nta": "O'Hare", "boro": "Chicago"}}, {"type": "Feature", "geometry": {"type": "Polygon", "coordinates": [[[-87.886906, 41.95806], [-87.880874, 41.958106], [-87.880936, 41.962609], [-87.886969, 41.962562], [-87.886906, 41.95806]]]}, "properties": {"sq": "853_9291", "crime_n": 0, "crime_night_n": 0, "nta": "O'Hare", "boro": "Chicago"}}, {"type": "Feature", "geometry": {"type": "Polygon", "coordinates": [[[-87.886969, 41.962562], [-87.880936, 41.962609], [-87.880998, 41.967112], [-87.887031, 41.967065], [-87.886969, 41.962562]]]}, "properties": {"sq": "853_9292", "crime_n": 3, "crime_night_n": 1, "nta": "O'Hare", "boro": "Chicago"}}, {"type": "Feature", "geometry": {"type": "Polygon", "coordinates": [[[-87.887031, 41.967065], [-87.880998, 41.967112], [-87.88106, 41.971615], [-87.887094, 41.971568], [-87.887031, 41.967065]]]}, "properties": {"sq": "853_9293", "crime_n": 0, "crime_night_n": 0, "nta": "O'Hare", "boro": "Chicago"}}, {"type": "Feature", "geometry": {"type": "Polygon", "coordinates": [[[-87.887094, 41.971568], [-87.88106, 41.971615], [-87.881122, 41.976117], [-87.887156, 41.976071], [-87.887094, 41.971568]]]}, "properties": {"sq": "853_9294", "crime_n": 1, "crime_night_n": 1, "nta": "O'Hare", "boro": "Chicago"}}, {"type": "Feature", "geometry": {"type": "Polygon", "coordinates": [[[-87.887156, 41.976071], [-87.881122, 41.976117], [-87.881184, 41.98062], [-87.887219, 41.980574], [-87.887156, 41.976071]]]}, "properties": {"sq": "853_9295", "crime_n": 16, "crime_night_n": 5, "nta": "O'Hare", "boro": "Chicago"}}, {"type": "Feature", "geometry": {"type": "Polygon", "coordinates": [[[-87.887219, 41.980574], [-87.881184, 41.98062], [-87.881246, 41.985123], [-87.887281, 41.985076], [-87.887219, 41.980574]]]}, "properties": {"sq": "853_9296", "crime_n": 0, "crime_night_n": 0, "nta": "O'Hare", "boro": "Chicago"}}, {"type": "Feature", "geometry": {"type": "Polygon", "coordinates": [[[-87.887281, 41.985076], [-87.881246, 41.985123], [-87.881308, 41.989626], [-87.887344, 41.989579], [-87.887281, 41.985076]]]}, "properties": {"sq": "853_9297", "crime_n": 2, "crime_night_n": 1, "nta": "O'Hare", "boro": "Chicago"}}, {"type": "Feature", "geometry": {"type": "Polygon", "coordinates": [[[-87.887344, 41.989579], [-87.881308, 41.989626], [-87.88137, 41.994129], [-87.887406, 41.994082], [-87.887344, 41.989579]]]}, "properties": {"sq": "853_9298", "crime_n": 2, "crime_night_n": 2, "nta": "O'Hare", "boro": "Chicago"}}, {"type": "Feature", "geometry": {"type": "Polygon", "coordinates": [[[-87.887406, 41.994082], [-87.88137, 41.994129], [-87.881432, 41.998631], [-87.887469, 41.998585], [-87.887406, 41.994082]]]}, "properties": {"sq": "853_9299", "crime_n": 8, "crime_night_n": 3, "nta": "O'Hare", "boro": "Chicago"}}, {"type": "Feature", "geometry": {"type": "Polygon", "coordinates": [[[-87.887469, 41.998585], [-87.881432, 41.998631], [-87.881494, 42.003134], [-87.887531, 42.003088], [-87.887469, 41.998585]]]}, "properties": {"sq": "853_9300", "crime_n": 0, "crime_night_n": 0, "nta": "O'Hare", "boro": "Chicago"}}, {"type": "Feature", "geometry": {"type": "Polygon", "coordinates": [[[-87.880812, 41.953603], [-87.874779, 41.953649], [-87.874841, 41.958152], [-87.880874, 41.958106], [-87.880812, 41.953603]]]}, "properties": {"sq": "854_9290", "crime_n": 0, "crime_night_n": 0, "nta": "O'Hare", "boro": "Chicago"}}, {"type": "Feature", "geometry": {"type": "Polygon", "coordinates": [[[-87.880874, 41.958106], [-87.874841, 41.958152], [-87.874903, 41.962655], [-87.880936, 41.962609], [-87.880874, 41.958106]]]}, "properties": {"sq": "854_9291", "crime_n": 1, "crime_night_n": 1, "nta": "O'Hare", "boro": "Chicago"}}, {"type": "Feature", "geometry": {"type": "Polygon", "coordinates": [[[-87.880936, 41.962609], [-87.874903, 41.962655], [-87.874964, 41.967158], [-87.880998, 41.967112], [-87.880936, 41.962609]]]}, "properties": {"sq": "854_9292", "crime_n": 0, "crime_night_n": 0, "nta": "O'Hare", "boro": "Chicago"}}, {"type": "Feature", "geometry": {"type": "Polygon", "coordinates": [[[-87.880998, 41.967112], [-87.874964, 41.967158], [-87.875026, 41.971661], [-87.88106, 41.971615], [-87.880998, 41.967112]]]}, "properties": {"sq": "854_9293", "crime_n": 0, "crime_night_n": 0, "nta": "O'Hare", "boro": "Chicago"}}, {"type": "Feature", "geometry": {"type": "Polygon", "coordinates": [[[-87.88106, 41.971615], [-87.875026, 41.971661], [-87.875087, 41.976163], [-87.881122, 41.976117], [-87.88106, 41.971615]]]}, "properties": {"sq": "854_9294", "crime_n": 0, "crime_night_n": 0, "nta": "O'Hare", "boro": "Chicago"}}, {"type": "Feature", "geometry": {"type": "Polygon", "coordinates": [[[-87.881122, 41.976117], [-87.875087, 41.976163], [-87.875149, 41.980666], [-87.881184, 41.98062], [-87.881122, 41.976117]]]}, "properties": {"sq": "854_9295", "crime_n": 15, "crime_night_n": 7, "nta": "O'Hare", "boro": "Chicago"}}, {"type": "Feature", "geometry": {"type": "Polygon", "coordinates": [[[-87.881184, 41.98062], [-87.875149, 41.980666], [-87.875211, 41.985169], [-87.881246, 41.985123], [-87.881184, 41.98062]]]}, "properties": {"sq": "854_9296", "crime_n": 0, "crime_night_n": 0, "nta": "O'Hare", "boro": "Chicago"}}, {"type": "Feature", "geometry": {"type": "Polygon", "coordinates": [[[-87.881246, 41.985123], [-87.875211, 41.985169], [-87.875272, 41.989672], [-87.881308, 41.989626], [-87.881246, 41.985123]]]}, "properties": {"sq": "854_9297", "crime_n": 1, "crime_night_n": 1, "nta": "O'Hare", "boro": "Chicago"}}, {"type": "Feature", "geometry": {"type": "Polygon", "coordinates": [[[-87.881308, 41.989626], [-87.875272, 41.989672], [-87.875334, 41.994175], [-87.88137, 41.994129], [-87.881308, 41.989626]]]}, "properties": {"sq": "854_9298", "crime_n": 0, "crime_night_n": 0, "nta": "O'Hare", "boro": "Chicago"}}, {"type": "Feature", "geometry": {"type": "Polygon", "coordinates": [[[-87.88137, 41.994129], [-87.875334, 41.994175], [-87.875396, 41.998678], [-87.881432, 41.998631], [-87.88137, 41.994129]]]}, "properties": {"sq": "854_9299", "crime_n": 0, "crime_night_n": 0, "nta": "O'Hare", "boro": "Chicago"}}, {"type": "Feature", "geometry": {"type": "Polygon", "coordinates": [[[-87.875026, 41.971661], [-87.868992, 41.971707], [-87.869053, 41.976209], [-87.875087, 41.976163], [-87.875026, 41.971661]]]}, "properties": {"sq": "855_9294", "crime_n": 0, "crime_night_n": 0, "nta": "O'Hare", "boro": "Chicago"}}, {"type": "Feature", "geometry": {"type": "Polygon", "coordinates": [[[-87.875087, 41.976163], [-87.869053, 41.976209], [-87.869114, 41.980712], [-87.875149, 41.980666], [-87.875087, 41.976163]]]}, "properties": {"sq": "855_9295", "crime_n": 0, "crime_night_n": 0, "nta": "O'Hare", "boro": "Chicago"}}, {"type": "Feature", "geometry": {"type": "Polygon", "coordinates": [[[-87.875149, 41.980666], [-87.869114, 41.980712], [-87.869175, 41.985215], [-87.875211, 41.985169], [-87.875149, 41.980666]]]}, "properties": {"sq": "855_9296", "crime_n": 0, "crime_night_n": 0, "nta": "O'Hare", "boro": "Chicago"}}, {"type": "Feature", "geometry": {"type": "Polygon", "coordinates": [[[-87.868992, 41.971707], [-87.862958, 41.971752], [-87.863019, 41.976255], [-87.869053, 41.976209], [-87.868992, 41.971707]]]}, "properties": {"sq": "856_9294", "crime_n": 0, "crime_night_n": 0, "nta": "O'Hare", "boro": "Chicago"}}, {"type": "Feature", "geometry": {"type": "Polygon", "coordinates": [[[-87.862715, 41.953741], [-87.856682, 41.953786], [-87.856743, 41.958289], [-87.862775, 41.958243], [-87.862715, 41.953741]]]}, "properties": {"sq": "857_9290", "crime_n": 0, "crime_night_n": 0, "nta": "O'Hare", "boro": "Chicago"}}, {"type": "Feature", "geometry": {"type": "Polygon", "coordinates": [[[-87.862775, 41.958243], [-87.856743, 41.958289], [-87.856803, 41.962792], [-87.862836, 41.962746], [-87.862775, 41.958243]]]}, "properties": {"sq": "857_9291", "crime_n": 0, "crime_night_n": 0, "nta": "O'Hare", "boro": "Chicago"}}, {"type": "Feature", "geometry": {"type": "Polygon", "coordinates": [[[-87.862897, 41.967249], [-87.856863, 41.967294], [-87.856924, 41.971797], [-87.862958, 41.971752], [-87.862897, 41.967249]]]}, "properties": {"sq": "857_9293", "crime_n": 0, "crime_night_n": 0, "nta": "O'Hare", "boro": "Chicago"}}, {"type": "Feature", "geometry": {"type": "Polygon", "coordinates": [[[-87.862958, 41.971752], [-87.856924, 41.971797], [-87.856984, 41.9763], [-87.863019, 41.976255], [-87.862958, 41.971752]]]}, "properties": {"sq": "857_9294", "crime_n": 0, "crime_night_n": 0, "nta": "O'Hare", "boro": "Chicago"}}, {"type": "Feature", "geometry": {"type": "Polygon", "coordinates": [[[-87.863019, 41.976255], [-87.856984, 41.9763], [-87.857044, 41.980803], [-87.863079, 41.980758], [-87.863019, 41.976255]]]}, "properties": {"sq": "857_9295", "crime_n": 0, "crime_night_n": 0, "nta": "O'Hare", "boro": "Chicago"}}, {"type": "Feature", "geometry": {"type": "Polygon", "coordinates": [[[-87.856441, 41.935774], [-87.850411, 41.935819], [-87.850471, 41.940322], [-87.856502, 41.940277], [-87.856441, 41.935774]]]}, "properties": {"sq": "858_9286", "crime_n": 0, "crime_night_n": 0, "nta": "O'Hare", "boro": "Chicago"}}, {"type": "Feature", "geometry": {"type": "Polygon", "coordinates": [[[-87.856502, 41.940277], [-87.850471, 41.940322], [-87.85053, 41.944825], [-87.856562, 41.94478], [-87.856502, 41.940277]]]}, "properties": {"sq": "858_9287", "crime_n": 0, "crime_night_n": 0, "nta": "O'Hare", "boro": "Chicago"}}, {"type": "Feature", "geometry": {"type": "Polygon", "coordinates": [[[-87.856562, 41.94478], [-87.85053, 41.944825], [-87.85059, 41.949328], [-87.856622, 41.949283], [-87.856562, 41.94478]]]}, "properties": {"sq": "858_9288", "crime_n": 0, "crime_night_n": 0, "nta": "O'Hare", "boro": "Chicago"}}, {"type": "Feature", "geometry": {"type": "Polygon", "coordinates": [[[-87.856622, 41.949283], [-87.85059, 41.949328], [-87.85065, 41.953831], [-87.856682, 41.953786], [-87.856622, 41.949283]]]}, "properties": {"sq": "858_9289", "crime_n": 0, "crime_night_n": 0, "nta": "O'Hare", "boro": "Chicago"}}, {"type": "Feature", "geometry": {"type": "Polygon", "coordinates": [[[-87.856682, 41.953786], [-87.85065, 41.953831], [-87.85071, 41.958334], [-87.856743, 41.958289], [-87.856682, 41.953786]]]}, "properties": {"sq": "858_9290", "crime_n": 0, "crime_night_n": 0, "nta": "O'Hare", "boro": "Chicago"}}, {"type": "Feature", "geometry": {"type": "Polygon", "coordinates": [[[-87.856743, 41.958289], [-87.85071, 41.958334], [-87.85077, 41.962836], [-87.856803, 41.962792], [-87.856743, 41.958289]]]}, "properties": {"sq": "858_9291", "crime_n": 0, "crime_night_n": 0, "nta": "O'Hare", "boro": "Chicago"}}, {"type": "Feature", "geometry": {"type": "Polygon", "coordinates": [[[-87.856803, 41.962792], [-87.85077, 41.962836], [-87.85083, 41.967339], [-87.856863, 41.967294], [-87.856803, 41.962792]]]}, "properties": {"sq": "858_9292", "crime_n": 0, "crime_night_n": 0, "nta": "O'Hare", "boro": "Chicago"}}, {"type": "Feature", "geometry": {"type": "Polygon", "coordinates": [[[-87.856863, 41.967294], [-87.85083, 41.967339], [-87.85089, 41.971842], [-87.856924, 41.971797], [-87.856863, 41.967294]]]}, "properties": {"sq": "858_9293", "crime_n": 0, "crime_night_n": 0, "nta": "O'Hare", "boro": "Chicago"}}, {"type": "Feature", "geometry": {"type": "Polygon", "coordinates": [[[-87.856924, 41.971797], [-87.85089, 41.971842], [-87.85095, 41.976345], [-87.856984, 41.9763], [-87.856924, 41.971797]]]}, "properties": {"sq": "858_9294", "crime_n": 0, "crime_night_n": 0, "nta": "O'Hare", "boro": "Chicago"}}, {"type": "Feature", "geometry": {"type": "Polygon", "coordinates": [[[-87.856984, 41.9763], [-87.85095, 41.976345], [-87.85101, 41.980848], [-87.857044, 41.980803], [-87.856984, 41.9763]]]}, "properties": {"sq": "858_9295", "crime_n": 0, "crime_night_n": 0, "nta": "O'Hare", "boro": "Chicago"}}, {"type": "Feature", "geometry": {"type": "Polygon", "coordinates": [[[-87.857044, 41.980803], [-87.85101, 41.980848], [-87.85107, 41.985351], [-87.857105, 41.985306], [-87.857044, 41.980803]]]}, "properties": {"sq": "858_9296", "crime_n": 0, "crime_night_n": 0, "nta": "O'Hare", "boro": "Chicago"}}, {"type": "Feature", "geometry": {"type": "Polygon", "coordinates": [[[-87.857105, 41.985306], [-87.85107, 41.985351], [-87.85113, 41.989854], [-87.857165, 41.989809], [-87.857105, 41.985306]]]}, "properties": {"sq": "858_9297", "crime_n": 0, "crime_night_n": 0, "nta": "O'Hare", "boro": "Chicago"}}, {"type": "Feature", "geometry": {"type": "Polygon", "coordinates": [[[-87.850411, 41.935819], [-87.84438, 41.935864], [-87.844439, 41.940367], [-87.850471, 41.940322], [-87.850411, 41.935819]]]}, "properties": {"sq": "859_9286", "crime_n": 0, "crime_night_n": 0, "nta": "O'Hare", "boro": "Chicago"}}, {"type": "Feature", "geometry": {"type": "Polygon", "coordinates": [[[-87.850471, 41.940322], [-87.844439, 41.940367], [-87.844499, 41.944869], [-87.85053, 41.944825], [-87.850471, 41.940322]]]}, "properties": {"sq": "859_9287", "crime_n": 0, "crime_night_n": 0, "nta": "O'Hare", "boro": "Chicago"}}, {"type": "Feature", "geometry": {"type": "Polygon", "coordinates": [[[-87.85053, 41.944825], [-87.844499, 41.944869], [-87.844558, 41.949372], [-87.85059, 41.949328], [-87.85053, 41.944825]]]}, "properties": {"sq": "859_9288", "crime_n": 0, "crime_night_n": 0, "nta": "O'Hare", "boro": "Chicago"}}, {"type": "Feature", "geometry": {"type": "Polygon", "coordinates": [[[-87.85059, 41.949328], [-87.844558, 41.949372], [-87.844618, 41.953875], [-87.85065, 41.953831], [-87.85059, 41.949328]]]}, "properties": {"sq": "859_9289", "crime_n": 0, "crime_night_n": 0, "nta": "O'Hare", "boro": "Chicago"}}, {"type": "Feature", "geometry": {"type": "Polygon", "coordinates": [[[-87.85065, 41.953831], [-87.844618, 41.953875], [-87.844677, 41.958378], [-87.85071, 41.958334], [-87.85065, 41.953831]]]}, "properties": {"sq": "859_9290", "crime_n": 0, "crime_night_n": 0, "nta": "O'Hare", "boro": "Chicago"}}, {"type": "Feature", "geometry": {"type": "Polygon", "coordinates": [[[-87.85071, 41.958334], [-87.844677, 41.958378], [-87.844737, 41.962881], [-87.85077, 41.962836], [-87.85071, 41.958334]]]}, "properties": {"sq": "859_9291", "crime_n": 0, "crime_night_n": 0, "nta": "O'Hare", "boro": "Chicago"}}, {"type": "Feature", "geometry": {"type": "Polygon", "coordinates": [[[-87.85077, 41.962836], [-87.844737, 41.962881], [-87.844796, 41.967384], [-87.85083, 41.967339], [-87.85077, 41.962836]]]}, "properties": {"sq": "859_9292", "crime_n": 1, "crime_night_n": 0, "nta": "O'Hare", "boro": "Chicago"}}, {"type": "Feature", "geometry": {"type": "Polygon", "coordinates": [[[-87.85083, 41.967339], [-87.844796, 41.967384], [-87.844856, 41.971887], [-87.85089, 41.971842], [-87.85083, 41.967339]]]}, "properties": {"sq": "859_9293", "crime_n": 0, "crime_night_n": 0, "nta": "O'Hare", "boro": "Chicago"}}, {"type": "Feature", "geometry": {"type": "Polygon", "coordinates": [[[-87.85089, 41.971842], [-87.844856, 41.971887], [-87.844915, 41.97639], [-87.85095, 41.976345], [-87.85089, 41.971842]]]}, "properties": {"sq": "859_9294", "crime_n": 12, "crime_night_n": 5, "nta": "O'Hare", "boro": "Chicago"}}, {"type": "Feature", "geometry": {"type": "Polygon", "coordinates": [[[-87.85095, 41.976345], [-87.844915, 41.97639], [-87.844975, 41.980892], [-87.85101, 41.980848], [-87.85095, 41.976345]]]}, "properties": {"sq": "859_9295", "crime_n": 11, "crime_night_n": 6, "nta": "O'Hare", "boro": "Chicago"}}, {"type": "Feature", "geometry": {"type": "Polygon", "coordinates": [[[-87.85101, 41.980848], [-87.844975, 41.980892], [-87.845034, 41.985395], [-87.85107, 41.985351], [-87.85101, 41.980848]]]}, "properties": {"sq": "859_9296", "crime_n": 0, "crime_night_n": 0, "nta": "O'Hare", "boro": "Chicago"}}, {"type": "Feature", "geometry": {"type": "Polygon", "coordinates": [[[-87.85107, 41.985351], [-87.845034, 41.985395], [-87.845094, 41.989898], [-87.85113, 41.989854], [-87.85107, 41.985351]]]}, "properties": {"sq": "859_9297", "crime_n": 1, "crime_night_n": 0, "nta": "O'Hare", "boro": "Chicago"}}, {"type": "Feature", "geometry": {"type": "Polygon", "coordinates": [[[-87.84438, 41.935864], [-87.838349, 41.935908], [-87.838408, 41.940411], [-87.844439, 41.940367], [-87.84438, 41.935864]]]}, "properties": {"sq": "860_9286", "crime_n": 1, "crime_night_n": 1, "nta": "O'Hare", "boro": "Chicago"}}, {"type": "Feature", "geometry": {"type": "Polygon", "coordinates": [[[-87.844439, 41.940367], [-87.838408, 41.940411], [-87.838467, 41.944914], [-87.844499, 41.944869], [-87.844439, 41.940367]]]}, "properties": {"sq": "860_9287", "crime_n": 0, "crime_night_n": 0, "nta": "O'Hare", "boro": "Chicago"}}, {"type": "Feature", "geometry": {"type": "Polygon", "coordinates": [[[-87.844499, 41.944869], [-87.838467, 41.944914], [-87.838526, 41.949417], [-87.844558, 41.949372], [-87.844499, 41.944869]]]}, "properties": {"sq": "860_9288", "crime_n": 0, "crime_night_n": 0, "nta": "O'Hare", "boro": "Chicago"}}, {"type": "Feature", "geometry": {"type": "Polygon", "coordinates": [[[-87.844558, 41.949372], [-87.838526, 41.949417], [-87.838585, 41.953919], [-87.844618, 41.953875], [-87.844558, 41.949372]]]}, "properties": {"sq": "860_9289", "crime_n": 0, "crime_night_n": 0, "nta": "O'Hare", "boro": "Chicago"}}, {"type": "Feature", "geometry": {"type": "Polygon", "coordinates": [[[-87.844618, 41.953875], [-87.838585, 41.953919], [-87.838644, 41.958422], [-87.844677, 41.958378], [-87.844618, 41.953875]]]}, "properties": {"sq": "860_9290", "crime_n": 0, "crime_night_n": 0, "nta": "O'Hare", "boro": "Chicago"}}, {"type": "Feature", "geometry": {"type": "Polygon", "coordinates": [[[-87.844677, 41.958378], [-87.838644, 41.958422], [-87.838703, 41.962925], [-87.844737, 41.962881], [-87.844677, 41.958378]]]}, "properties": {"sq": "860_9291", "crime_n": 1, "crime_night_n": 0, "nta": "O'Hare", "boro": "Chicago"}}, {"type": "Feature", "geometry": {"type": "Polygon", "coordinates": [[[-87.844737, 41.962881], [-87.838703, 41.962925], [-87.838763, 41.967428], [-87.844796, 41.967384], [-87.844737, 41.962881]]]}, "properties": {"sq": "860_9292", "crime_n": 0, "crime_night_n": 0, "nta": "O'Hare", "boro": "Chicago"}}, {"type": "Feature", "geometry": {"type": "Polygon", "coordinates": [[[-87.844796, 41.967384], [-87.838763, 41.967428], [-87.838822, 41.971931], [-87.844856, 41.971887], [-87.844796, 41.967384]]]}, "properties": {"sq": "860_9293", "crime_n": 1, "crime_night_n": 0, "nta": "O'Hare", "boro": "Chicago"}}, {"type": "Feature", "geometry": {"type": "Polygon", "coordinates": [[[-87.844856, 41.971887], [-87.838822, 41.971931], [-87.838881, 41.976434], [-87.844915, 41.97639], [-87.844856, 41.971887]]]}, "properties": {"sq": "860_9294", "crime_n": 15, "crime_night_n": 4, "nta": "O'Hare", "boro": "Chicago"}}, {"type": "Feature", "geometry": {"type": "Polygon", "coordinates": [[[-87.844915, 41.97639], [-87.838881, 41.976434], [-87.83894, 41.980937], [-87.844975, 41.980892], [-87.844915, 41.97639]]]}, "properties": {"sq": "860_9295", "crime_n": 30, "crime_night_n": 9, "nta": "O'Hare", "boro": "Chicago"}}, {"type": "Feature", "geometry": {"type": "Polygon", "coordinates": [[[-87.844975, 41.980892], [-87.83894, 41.980937], [-87.838999, 41.98544], [-87.845034, 41.985395], [-87.844975, 41.980892]]]}, "properties": {"sq": "860_9296", "crime_n": 5, "crime_night_n": 2, "nta": "O'Hare", "boro": "Chicago"}}, {"type": "Feature", "geometry": {"type": "Polygon", "coordinates": [[[-87.845034, 41.985395], [-87.838999, 41.98544], [-87.839058, 41.989942], [-87.845094, 41.989898], [-87.845034, 41.985395]]]}, "properties": {"sq": "860_9297", "crime_n": 4, "crime_night_n": 2, "nta": "O'Hare", "boro": "Chicago"}}, {"type": "Feature", "geometry": {"type": "Polygon", "coordinates": [[[-87.838349, 41.935908], [-87.832319, 41.935952], [-87.832377, 41.940455], [-87.838408, 41.940411], [-87.838349, 41.935908]]]}, "properties": {"sq": "861_9286", "crime_n": 5, "crime_night_n": 2, "nta": "O'Hare", "boro": "Chicago"}}, {"type": "Feature", "geometry": {"type": "Polygon", "coordinates": [[[-87.838408, 41.940411], [-87.832377, 41.940455], [-87.832436, 41.944958], [-87.838467, 41.944914], [-87.838408, 41.940411]]]}, "properties": {"sq": "861_9287", "crime_n": 4, "crime_night_n": 1, "nta": "Dunning", "boro": "Chicago"}}, {"type": "Feature", "geometry": {"type": "Polygon", "coordinates": [[[-87.838467, 41.944914], [-87.832436, 41.944958], [-87.832494, 41.94946], [-87.838526, 41.949417], [-87.838467, 41.944914]]]}, "properties": {"sq": "861_9288", "crime_n": 8, "crime_night_n": 3, "nta": "Dunning", "boro": "Chicago"}}, {"type": "Feature", "geometry": {"type": "Polygon", "coordinates": [[[-87.838526, 41.949417], [-87.832494, 41.94946], [-87.832553, 41.953963], [-87.838585, 41.953919], [-87.838526, 41.949417]]]}, "properties": {"sq": "861_9289", "crime_n": 6, "crime_night_n": 1, "nta": "Dunning", "boro": "Chicago"}}, {"type": "Feature", "geometry": {"type": "Polygon", "coordinates": [[[-87.838585, 41.953919], [-87.832553, 41.953963], [-87.832612, 41.958466], [-87.838644, 41.958422], [-87.838585, 41.953919]]]}, "properties": {"sq": "861_9290", "crime_n": 0, "crime_night_n": 0, "nta": "Dunning", "boro": "Chicago"}}, {"type": "Feature", "geometry": {"type": "Polygon", "coordinates": [[[-87.838644, 41.958422], [-87.832612, 41.958466], [-87.83267, 41.962969], [-87.838703, 41.962925], [-87.838644, 41.958422]]]}, "properties": {"sq": "861_9291", "crime_n": 3, "crime_night_n": 1, "nta": "O'Hare", "boro": "Chicago"}}, {"type": "Feature", "geometry": {"type": "Polygon", "coordinates": [[[-87.838703, 41.962925], [-87.83267, 41.962969], [-87.832729, 41.967472], [-87.838763, 41.967428], [-87.838703, 41.962925]]]}, "properties": {"sq": "861_9292", "crime_n": 8, "crime_night_n": 2, "nta": "O'Hare", "boro": "Chicago"}}, {"type": "Feature", "geometry": {"type": "Polygon", "coordinates": [[[-87.838763, 41.967428], [-87.832729, 41.967472], [-87.832788, 41.971975], [-87.838822, 41.971931], [-87.838763, 41.967428]]]}, "properties": {"sq": "861_9293", "crime_n": 1, "crime_night_n": 0, "nta": "O'Hare", "boro": "Chicago"}}, {"type": "Feature", "geometry": {"type": "Polygon", "coordinates": [[[-87.838822, 41.971931], [-87.832788, 41.971975], [-87.832846, 41.976478], [-87.838881, 41.976434], [-87.838822, 41.971931]]]}, "properties": {"sq": "861_9294", "crime_n": 7, "crime_night_n": 4, "nta": "O'Hare", "boro": "Chicago"}}, {"type": "Feature", "geometry": {"type": "Polygon", "coordinates": [[[-87.838881, 41.976434], [-87.832846, 41.976478], [-87.832905, 41.980981], [-87.83894, 41.980937], [-87.838881, 41.976434]]]}, "properties": {"sq": "861_9295", "crime_n": 11, "crime_night_n": 4, "nta": "O'Hare", "boro": "Chicago"}}, {"type": "Feature", "geometry": {"type": "Polygon", "coordinates": [[[-87.83894, 41.980937], [-87.832905, 41.980981], [-87.832964, 41.985483], [-87.838999, 41.98544], [-87.83894, 41.980937]]]}, "properties": {"sq": "861_9296", "crime_n": 13, "crime_night_n": 5, "nta": "O'Hare", "boro": "Chicago"}}, {"type": "Feature", "geometry": {"type": "Polygon", "coordinates": [[[-87.838999, 41.98544], [-87.832964, 41.985483], [-87.833022, 41.989986], [-87.839058, 41.989942], [-87.838999, 41.98544]]]}, "properties": {"sq": "861_9297", "crime_n": 0, "crime_night_n": 0, "nta": "Norwood Park", "boro": "Chicago"}}, {"type": "Feature", "geometry": {"type": "Polygon", "coordinates": [[[-87.832319, 41.935952], [-87.826288, 41.935995], [-87.826346, 41.940498], [-87.832377, 41.940455], [-87.832319, 41.935952]]]}, "properties": {"sq": "862_9286", "crime_n": 2, "crime_night_n": 1, "nta": "Dunning", "boro": "Chicago"}}, {"type": "Feature", "geometry": {"type": "Polygon", "coordinates": [[[-87.832377, 41.940455], [-87.826346, 41.940498], [-87.826404, 41.945001], [-87.832436, 41.944958], [-87.832377, 41.940455]]]}, "properties": {"sq": "862_9287", "crime_n": 17, "crime_night_n": 9, "nta": "Dunning", "boro": "Chicago"}}, {"type": "Feature", "geometry": {"type": "Polygon", "coordinates": [[[-87.832436, 41.944958], [-87.826404, 41.945001], [-87.826462, 41.949504], [-87.832494, 41.94946], [-87.832436, 41.944958]]]}, "properties": {"sq": "862_9288", "crime_n": 5, "crime_night_n": 1, "nta": "Dunning", "boro": "Chicago"}}, {"type": "Feature", "geometry": {"type": "Polygon", "coordinates": [[[-87.832494, 41.94946], [-87.826462, 41.949504], [-87.826521, 41.954007], [-87.832553, 41.953963], [-87.832494, 41.94946]]]}, "properties": {"sq": "862_9289", "crime_n": 1, "crime_night_n": 1, "nta": "Dunning", "boro": "Chicago"}}, {"type": "Feature", "geometry": {"type": "Polygon", "coordinates": [[[-87.832553, 41.953963], [-87.826521, 41.954007], [-87.826579, 41.95851], [-87.832612, 41.958466], [-87.832553, 41.953963]]]}, "properties": {"sq": "862_9290", "crime_n": 0, "crime_night_n": 0, "nta": "Dunning", "boro": "Chicago"}}, {"type": "Feature", "geometry": {"type": "Polygon", "coordinates": [[[-87.832612, 41.958466], [-87.826579, 41.95851], [-87.826637, 41.963013], [-87.83267, 41.962969], [-87.832612, 41.958466]]]}, "properties": {"sq": "862_9291", "crime_n": 0, "crime_night_n": 0, "nta": "Dunning", "boro": "Chicago"}}, {"type": "Feature", "geometry": {"type": "Polygon", "coordinates": [[[-87.832788, 41.971975], [-87.826753, 41.972018], [-87.826812, 41.976521], [-87.832846, 41.976478], [-87.832788, 41.971975]]]}, "properties": {"sq": "862_9294", "crime_n": 2, "crime_night_n": 2, "nta": "Norwood Park", "boro": "Chicago"}}, {"type": "Feature", "geometry": {"type": "Polygon", "coordinates": [[[-87.832846, 41.976478], [-87.826812, 41.976521], [-87.82687, 41.981024], [-87.832905, 41.980981], [-87.832846, 41.976478]]]}, "properties": {"sq": "862_9295", "crime_n": 0, "crime_night_n": 0, "nta": "Norwood Park", "boro": "Chicago"}}, {"type": "Feature", "geometry": {"type": "Polygon", "coordinates": [[[-87.832905, 41.980981], [-87.82687, 41.981024], [-87.826928, 41.985527], [-87.832964, 41.985483], [-87.832905, 41.980981]]]}, "properties": {"sq": "862_9296", "crime_n": 0, "crime_night_n": 0, "nta": "Norwood Park", "boro": "Chicago"}}, {"type": "Feature", "geometry": {"type": "Polygon", "coordinates": [[[-87.832964, 41.985483], [-87.826928, 41.985527], [-87.826987, 41.99003], [-87.833022, 41.989986], [-87.832964, 41.985483]]]}, "properties": {"sq": "862_9297", "crime_n": 0, "crime_night_n": 0, "nta": "Norwood Park", "boro": "Chicago"}}, {"type": "Feature", "geometry": {"type": "Polygon", "coordinates": [[[-87.826288, 41.935995], [-87.820257, 41.936039], [-87.820315, 41.940541], [-87.826346, 41.940498], [-87.826288, 41.935995]]]}, "properties": {"sq": "863_9286", "crime_n": 3, "crime_night_n": 2, "nta": "Dunning", "boro": "Chicago"}}, {"type": "Feature", "geometry": {"type": "Polygon", "coordinates": [[[-87.826346, 41.940498], [-87.820315, 41.940541], [-87.820373, 41.945044], [-87.826404, 41.945001], [-87.826346, 41.940498]]]}, "properties": {"sq": "863_9287", "crime_n": 3, "crime_night_n": 1, "nta": "Dunning", "boro": "Chicago"}}, {"type": "Feature", "geometry": {"type": "Polygon", "coordinates": [[[-87.826404, 41.945001], [-87.820373, 41.945044], [-87.82043, 41.949547], [-87.826462, 41.949504], [-87.826404, 41.945001]]]}, "properties": {"sq": "863_9288", "crime_n": 11, "crime_night_n": 2, "nta": "Dunning", "boro": "Chicago"}}, {"type": "Feature", "geometry": {"type": "Polygon", "coordinates": [[[-87.826462, 41.949504], [-87.82043, 41.949547], [-87.820488, 41.95405], [-87.826521, 41.954007], [-87.826462, 41.949504]]]}, "properties": {"sq": "863_9289", "crime_n": 0, "crime_night_n": 0, "nta": "Dunning", "boro": "Chicago"}}, {"type": "Feature", "geometry": {"type": "Polygon", "coordinates": [[[-87.826753, 41.972018], [-87.820719, 41.972062], [-87.820777, 41.976565], [-87.826812, 41.976521], [-87.826753, 41.972018]]]}, "properties": {"sq": "863_9294", "crime_n": 2, "crime_night_n": 2, "nta": "Norwood Park", "boro": "Chicago"}}, {"type": "Feature", "geometry": {"type": "Polygon", "coordinates": [[[-87.826812, 41.976521], [-87.820777, 41.976565], [-87.820835, 41.981068], [-87.82687, 41.981024], [-87.826812, 41.976521]]]}, "properties": {"sq": "863_9295", "crime_n": 1, "crime_night_n": 0, "nta": "Norwood Park", "boro": "Chicago"}}, {"type": "Feature", "geometry": {"type": "Polygon", "coordinates": [[[-87.82687, 41.981024], [-87.820835, 41.981068], [-87.820893, 41.98557], [-87.826928, 41.985527], [-87.82687, 41.981024]]]}, "properties": {"sq": "863_9296", "crime_n": 3, "crime_night_n": 2, "nta": "Norwood Park", "boro": "Chicago"}}, {"type": "Feature", "geometry": {"type": "Polygon", "coordinates": [[[-87.826928, 41.985527], [-87.820893, 41.98557], [-87.820951, 41.990073], [-87.826987, 41.99003], [-87.826928, 41.985527]]]}, "properties": {"sq": "863_9297", "crime_n": 2, "crime_night_n": 0, "nta": "Norwood Park", "boro": "Chicago"}}, {"type": "Feature", "geometry": {"type": "Polygon", "coordinates": [[[-87.826987, 41.99003], [-87.820951, 41.990073], [-87.821009, 41.994576], [-87.827045, 41.994533], [-87.826987, 41.99003]]]}, "properties": {"sq": "863_9298", "crime_n": 1, "crime_night_n": 0, "nta": "Norwood Park", "boro": "Chicago"}}, {"type": "Feature", "geometry": {"type": "Polygon", "coordinates": [[[-87.827045, 41.994533], [-87.821009, 41.994576], [-87.821066, 41.999079], [-87.827103, 41.999036], [-87.827045, 41.994533]]]}, "properties": {"sq": "863_9299", "crime_n": 0, "crime_night_n": 0, "nta": "Norwood Park", "boro": "Chicago"}}, {"type": "Feature", "geometry": {"type": "Polygon", "coordinates": [[[-87.827103, 41.999036], [-87.821066, 41.999079], [-87.821124, 42.003582], [-87.827161, 42.003539], [-87.827103, 41.999036]]]}, "properties": {"sq": "863_9300", "crime_n": 0, "crime_night_n": 0, "nta": "Edison Park", "boro": "Chicago"}}, {"type": "Feature", "geometry": {"type": "Polygon", "coordinates": [[[-87.827161, 42.003539], [-87.821124, 42.003582], [-87.821182, 42.008085], [-87.82722, 42.008041], [-87.827161, 42.003539]]]}, "properties": {"sq": "863_9301", "crime_n": 0, "crime_night_n": 0, "nta": "Edison Park", "boro": "Chicago"}}, {"type": "Feature", "geometry": {"type": "Polygon", "coordinates": [[[-87.82722, 42.008041], [-87.821182, 42.008085], [-87.82124, 42.012588], [-87.827278, 42.012544], [-87.82722, 42.008041]]]}, "properties": {"sq": "863_9302", "crime_n": 0, "crime_night_n": 0, "nta": "Edison Park", "boro": "Chicago"}}, {"type": "Feature", "geometry": {"type": "Polygon", "coordinates": [[[-87.8202, 41.931536], [-87.814169, 41.931578], [-87.814227, 41.936081], [-87.820257, 41.936039], [-87.8202, 41.931536]]]}, "properties": {"sq": "864_9285", "crime_n": 0, "crime_night_n": 0, "nta": "Dunning", "boro": "Chicago"}}, {"type": "Feature", "geometry": {"type": "Polygon", "coordinates": [[[-87.820257, 41.936039], [-87.814227, 41.936081], [-87.814284, 41.940584], [-87.820315, 41.940541], [-87.820257, 41.936039]]]}, "properties": {"sq": "864_9286", "crime_n": 9, "crime_night_n": 3, "nta": "Dunning", "boro": "Chicago"}}, {"type": "Feature", "geometry": {"type": "Polygon", "coordinates": [[[-87.820315, 41.940541], [-87.814284, 41.940584], [-87.814341, 41.945087], [-87.820373, 41.945044], [-87.820315, 41.940541]]]}, "properties": {"sq": "864_9287", "crime_n": 4, "crime_night_n": 1, "nta": "Dunning", "boro": "Chicago"}}, {"type": "Feature", "geometry": {"type": "Polygon", "coordinates": [[[-87.820373, 41.945044], [-87.814341, 41.945087], [-87.814399, 41.94959], [-87.82043, 41.949547], [-87.820373, 41.945044]]]}, "properties": {"sq": "864_9288", "crime_n": 7, "crime_night_n": 3, "nta": "Dunning", "boro": "Chicago"}}, {"type": "Feature", "geometry": {"type": "Polygon", "coordinates": [[[-87.82043, 41.949547], [-87.814399, 41.94959], [-87.814456, 41.954093], [-87.820488, 41.95405], [-87.82043, 41.949547]]]}, "properties": {"sq": "864_9289", "crime_n": 4, "crime_night_n": 1, "nta": "Dunning", "boro": "Chicago"}}, {"type": "Feature", "geometry": {"type": "Polygon", "coordinates": [[[-87.820662, 41.967559], [-87.814628, 41.967602], [-87.814685, 41.972105], [-87.820719, 41.972062], [-87.820662, 41.967559]]]}, "properties": {"sq": "864_9293", "crime_n": 1, "crime_night_n": 0, "nta": "Norwood Park", "boro": "Chicago"}}, {"type": "Feature", "geometry": {"type": "Polygon", "coordinates": [[[-87.820719, 41.972062], [-87.814685, 41.972105], [-87.814743, 41.976608], [-87.820777, 41.976565], [-87.820719, 41.972062]]]}, "properties": {"sq": "864_9294", "crime_n": 3, "crime_night_n": 2, "nta": "Norwood Park", "boro": "Chicago"}}, {"type": "Feature", "geometry": {"type": "Polygon", "coordinates": [[[-87.820777, 41.976565], [-87.814743, 41.976608], [-87.8148, 41.981111], [-87.820835, 41.981068], [-87.820777, 41.976565]]]}, "properties": {"sq": "864_9295", "crime_n": 1, "crime_night_n": 1, "nta": "Norwood Park", "boro": "Chicago"}}, {"type": "Feature", "geometry": {"type": "Polygon", "coordinates": [[[-87.820835, 41.981068], [-87.8148, 41.981111], [-87.814857, 41.985613], [-87.820893, 41.98557], [-87.820835, 41.981068]]]}, "properties": {"sq": "864_9296", "crime_n": 8, "crime_night_n": 2, "nta": "Norwood Park", "boro": "Chicago"}}, {"type": "Feature", "geometry": {"type": "Polygon", "coordinates": [[[-87.820893, 41.98557], [-87.814857, 41.985613], [-87.814915, 41.990116], [-87.820951, 41.990073], [-87.820893, 41.98557]]]}, "properties": {"sq": "864_9297", "crime_n": 0, "crime_night_n": 0, "nta": "Norwood Park", "boro": "Chicago"}}, {"type": "Feature", "geometry": {"type": "Polygon", "coordinates": [[[-87.820951, 41.990073], [-87.814915, 41.990116], [-87.814972, 41.994619], [-87.821009, 41.994576], [-87.820951, 41.990073]]]}, "properties": {"sq": "864_9298", "crime_n": 2, "crime_night_n": 1, "nta": "Norwood Park", "boro": "Chicago"}}, {"type": "Feature", "geometry": {"type": "Polygon", "coordinates": [[[-87.821009, 41.994576], [-87.814972, 41.994619], [-87.81503, 41.999122], [-87.821066, 41.999079], [-87.821009, 41.994576]]]}, "properties": {"sq": "864_9299", "crime_n": 2, "crime_night_n": 1, "nta": "Edison Park", "boro": "Chicago"}}, {"type": "Feature", "geometry": {"type": "Polygon", "coordinates": [[[-87.821066, 41.999079], [-87.81503, 41.999122], [-87.815087, 42.003625], [-87.821124, 42.003582], [-87.821066, 41.999079]]]}, "properties": {"sq": "864_9300", "crime_n": 23, "crime_night_n": 16, "nta": "Edison Park", "boro": "Chicago"}}, {"type": "Feature", "geometry": {"type": "Polygon", "coordinates": [[[-87.821124, 42.003582], [-87.815087, 42.003625], [-87.815145, 42.008128], [-87.821182, 42.008085], [-87.821124, 42.003582]]]}, "properties": {"sq": "864_9301", "crime_n": 5, "crime_night_n": 2, "nta": "Edison Park", "boro": "Chicago"}}, {"type": "Feature", "geometry": {"type": "Polygon", "coordinates": [[[-87.821182, 42.008085], [-87.815145, 42.008128], [-87.815202, 42.012631], [-87.82124, 42.012588], [-87.821182, 42.008085]]]}, "properties": {"sq": "864_9302", "crime_n": 2, "crime_night_n": 1, "nta": "Edison Park", "boro": "Chicago"}}, {"type": "Feature", "geometry": {"type": "Polygon", "coordinates": [[[-87.82124, 42.012588], [-87.815202, 42.012631], [-87.81526, 42.017134], [-87.821298, 42.017091], [-87.82124, 42.012588]]]}, "properties": {"sq": "864_9303", "crime_n": 0, "crime_night_n": 0, "nta": "Edison Park", "boro": "Chicago"}}, {"type": "Feature", "geometry": {"type": "Polygon", "coordinates": [[[-87.821298, 42.017091], [-87.81526, 42.017134], [-87.815317, 42.021636], [-87.821356, 42.021593], [-87.821298, 42.017091]]]}, "properties": {"sq": "864_9304", "crime_n": 0, "crime_night_n": 0, "nta": "Edison Park", "boro": "Chicago"}}, {"type": "Feature", "geometry": {"type": "Polygon", "coordinates": [[[-87.814169, 41.931578], [-87.808139, 41.931621], [-87.808196, 41.936124], [-87.814227, 41.936081], [-87.814169, 41.931578]]]}, "properties": {"sq": "865_9285", "crime_n": 0, "crime_night_n": 0, "nta": "Dunning", "boro": "Chicago"}}, {"type": "Feature", "geometry": {"type": "Polygon", "coordinates": [[[-87.814227, 41.936081], [-87.808196, 41.936124], [-87.808253, 41.940627], [-87.814284, 41.940584], [-87.814227, 41.936081]]]}, "properties": {"sq": "865_9286", "crime_n": 11, "crime_night_n": 5, "nta": "Dunning", "boro": "Chicago"}}, {"type": "Feature", "geometry": {"type": "Polygon", "coordinates": [[[-87.814284, 41.940584], [-87.808253, 41.940627], [-87.80831, 41.94513], [-87.814341, 41.945087], [-87.814284, 41.940584]]]}, "properties": {"sq": "865_9287", "crime_n": 10, "crime_night_n": 4, "nta": "Dunning", "boro": "Chicago"}}, {"type": "Feature", "geometry": {"type": "Polygon", "coordinates": [[[-87.814341, 41.945087], [-87.80831, 41.94513], [-87.808367, 41.949633], [-87.814399, 41.94959], [-87.814341, 41.945087]]]}, "properties": {"sq": "865_9288", "crime_n": 4, "crime_night_n": 3, "nta": "Dunning", "boro": "Chicago"}}, {"type": "Feature", "geometry": {"type": "Polygon", "coordinates": [[[-87.814399, 41.94959], [-87.808367, 41.949633], [-87.808423, 41.954136], [-87.814456, 41.954093], [-87.814399, 41.94959]]]}, "properties": {"sq": "865_9289", "crime_n": 9, "crime_night_n": 5, "nta": "Dunning", "boro": "Chicago"}}, {"type": "Feature", "geometry": {"type": "Polygon", "coordinates": [[[-87.814685, 41.972105], [-87.808651, 41.972147], [-87.808708, 41.97665], [-87.814743, 41.976608], [-87.814685, 41.972105]]]}, "properties": {"sq": "865_9294", "crime_n": 3, "crime_night_n": 2, "nta": "Norwood Park", "boro": "Chicago"}}, {"type": "Feature", "geometry": {"type": "Polygon", "coordinates": [[[-87.814743, 41.976608], [-87.808708, 41.97665], [-87.808765, 41.981153], [-87.8148, 41.981111], [-87.814743, 41.976608]]]}, "properties": {"sq": "865_9295", "crime_n": 9, "crime_night_n": 5, "nta": "Norwood Park", "boro": "Chicago"}}, {"type": "Feature", "geometry": {"type": "Polygon", "coordinates": [[[-87.8148, 41.981111], [-87.808765, 41.981153], [-87.808822, 41.985656], [-87.814857, 41.985613], [-87.8148, 41.981111]]]}, "properties": {"sq": "865_9296", "crime_n": 1, "crime_night_n": 0, "nta": "Norwood Park", "boro": "Chicago"}}, {"type": "Feature", "geometry": {"type": "Polygon", "coordinates": [[[-87.814857, 41.985613], [-87.808822, 41.985656], [-87.808879, 41.990159], [-87.814915, 41.990116], [-87.814857, 41.985613]]]}, "properties": {"sq": "865_9297", "crime_n": 5, "crime_night_n": 1, "nta": "Norwood Park", "boro": "Chicago"}}, {"type": "Feature", "geometry": {"type": "Polygon", "coordinates": [[[-87.814915, 41.990116], [-87.808879, 41.990159], [-87.808936, 41.994662], [-87.814972, 41.994619], [-87.814915, 41.990116]]]}, "properties": {"sq": "865_9298", "crime_n": 2, "crime_night_n": 2, "nta": "Norwood Park", "boro": "Chicago"}}, {"type": "Feature", "geometry": {"type": "Polygon", "coordinates": [[[-87.814972, 41.994619], [-87.808936, 41.994662], [-87.808993, 41.999165], [-87.81503, 41.999122], [-87.814972, 41.994619]]]}, "properties": {"sq": "865_9299", "crime_n": 2, "crime_night_n": 2, "nta": "Edison Park", "boro": "Chicago"}}, {"type": "Feature", "geometry": {"type": "Polygon", "coordinates": [[[-87.81503, 41.999122], [-87.808993, 41.999165], [-87.80905, 42.003668], [-87.815087, 42.003625], [-87.81503, 41.999122]]]}, "properties": {"sq": "865_9300", "crime_n": 5, "crime_night_n": 3, "nta": "Edison Park", "boro": "Chicago"}}, {"type": "Feature", "geometry": {"type": "Polygon", "coordinates": [[[-87.815087, 42.003625], [-87.80905, 42.003668], [-87.809107, 42.008171], [-87.815145, 42.008128], [-87.815087, 42.003625]]]}, "properties": {"sq": "865_9301", "crime_n": 1, "crime_night_n": 0, "nta": "Edison Park", "boro": "Chicago"}}, {"type": "Feature", "geometry": {"type": "Polygon", "coordinates": [[[-87.815145, 42.008128], [-87.809107, 42.008171], [-87.809164, 42.012673], [-87.815202, 42.012631], [-87.815145, 42.008128]]]}, "properties": {"sq": "865_9302", "crime_n": 4, "crime_night_n": 1, "nta": "Edison Park", "boro": "Chicago"}}, {"type": "Feature", "geometry": {"type": "Polygon", "coordinates": [[[-87.815202, 42.012631], [-87.809164, 42.012673], [-87.809221, 42.017176], [-87.81526, 42.017134], [-87.815202, 42.012631]]]}, "properties": {"sq": "865_9303", "crime_n": 3, "crime_night_n": 1, "nta": "Edison Park", "boro": "Chicago"}}, {"type": "Feature", "geometry": {"type": "Polygon", "coordinates": [[[-87.81526, 42.017134], [-87.809221, 42.017176], [-87.809278, 42.021679], [-87.815317, 42.021636], [-87.81526, 42.017134]]]}, "properties": {"sq": "865_9304", "crime_n": 0, "crime_night_n": 0, "nta": "Edison Park", "boro": "Chicago"}}, {"type": "Feature", "geometry": {"type": "Polygon", "coordinates": [[[-87.806101, 41.769513], [-87.800086, 41.769555], [-87.800142, 41.774058], [-87.806158, 41.774016], [-87.806101, 41.769513]]]}, "properties": {"sq": "866_9249", "crime_n": 0, "crime_night_n": 0, "nta": "Clearing", "boro": "Chicago"}}, {"type": "Feature", "geometry": {"type": "Polygon", "coordinates": [[[-87.806158, 41.774016], [-87.800142, 41.774058], [-87.800198, 41.778561], [-87.806214, 41.778519], [-87.806158, 41.774016]]]}, "properties": {"sq": "866_9250", "crime_n": 2, "crime_night_n": 1, "nta": "Clearing", "boro": "Chicago"}}, {"type": "Feature", "geometry": {"type": "Polygon", "coordinates": [[[-87.806214, 41.778519], [-87.800198, 41.778561], [-87.800254, 41.783064], [-87.80627, 41.783022], [-87.806214, 41.778519]]]}, "properties": {"sq": "866_9251", "crime_n": 1, "crime_night_n": 0, "nta": "Clearing", "boro": "Chicago"}}, {"type": "Feature", "geometry": {"type": "Polygon", "coordinates": [[[-87.80627, 41.783022], [-87.800254, 41.783064], [-87.80031, 41.787567], [-87.806327, 41.787525], [-87.80627, 41.783022]]]}, "properties": {"sq": "866_9252", "crime_n": 1, "crime_night_n": 1, "nta": "Garfield Ridge", "boro": "Chicago"}}, {"type": "Feature", "geometry": {"type": "Polygon", "coordinates": [[[-87.806327, 41.787525], [-87.80031, 41.787567], [-87.800366, 41.79207], [-87.806383, 41.792028], [-87.806327, 41.787525]]]}, "properties": {"sq": "866_9253", "crime_n": 9, "crime_night_n": 2, "nta": "Garfield Ridge", "boro": "Chicago"}}, {"type": "Feature", "geometry": {"type": "Polygon", "coordinates": [[[-87.806383, 41.792028], [-87.800366, 41.79207], [-87.800422, 41.796573], [-87.80644, 41.796531], [-87.806383, 41.792028]]]}, "properties": {"sq": "866_9254", "crime_n": 4, "crime_night_n": 3, "nta": "Garfield Ridge", "boro": "Chicago"}}, {"type": "Feature", "geometry": {"type": "Polygon", "coordinates": [[[-87.80644, 41.796531], [-87.800422, 41.796573], [-87.800478, 41.801076], [-87.806496, 41.801034], [-87.80644, 41.796531]]]}, "properties": {"sq": "866_9255", "crime_n": 0, "crime_night_n": 0, "nta": "Garfield Ridge", "boro": "Chicago"}}, {"type": "Feature", "geometry": {"type": "Polygon", "coordinates": [[[-87.807798, 41.904603], [-87.80177, 41.904646], [-87.801827, 41.909149], [-87.807855, 41.909106], [-87.807798, 41.904603]]]}, "properties": {"sq": "866_9279", "crime_n": 3, "crime_night_n": 2, "nta": "Austin", "boro": "Chicago"}}, {"type": "Feature", "geometry": {"type": "Polygon", "coordinates": [[[-87.807855, 41.909106], [-87.801827, 41.909149], [-87.801883, 41.913652], [-87.807912, 41.913609], [-87.807855, 41.909106]]]}, "properties": {"sq": "866_9280", "crime_n": 3, "crime_night_n": 0, "nta": "Austin", "boro": "Chicago"}}, {"type": "Feature", "geometry": {"type": "Polygon", "coordinates": [[[-87.807912, 41.913609], [-87.801883, 41.913652], [-87.80194, 41.918155], [-87.807969, 41.918112], [-87.807912, 41.913609]]]}, "properties": {"sq": "866_9281", "crime_n": 2, "crime_night_n": 1, "nta": "Austin", "boro": "Chicago"}}, {"type": "Feature", "geometry": {"type": "Polygon", "coordinates": [[[-87.807969, 41.918112], [-87.80194, 41.918155], [-87.801996, 41.922657], [-87.808025, 41.922615], [-87.807969, 41.918112]]]}, "properties": {"sq": "866_9282", "crime_n": 12, "crime_night_n": 5, "nta": "Austin", "boro": "Chicago"}}, {"type": "Feature", "geometry": {"type": "Polygon", "coordinates": [[[-87.808025, 41.922615], [-87.801996, 41.922657], [-87.802052, 41.92716], [-87.808082, 41.927118], [-87.808025, 41.922615]]]}, "properties": {"sq": "866_9283", "crime_n": 19, "crime_night_n": 11, "nta": "Montclare", "boro": "Chicago"}}, {"type": "Feature", "geometry": {"type": "Polygon", "coordinates": [[[-87.808082, 41.927118], [-87.802052, 41.92716], [-87.802109, 41.931663], [-87.808139, 41.931621], [-87.808082, 41.927118]]]}, "properties": {"sq": "866_9284", "crime_n": 16, "crime_night_n": 8, "nta": "Montclare", "boro": "Chicago"}}, {"type": "Feature", "geometry": {"type": "Polygon", "coordinates": [[[-87.808139, 41.931621], [-87.802109, 41.931663], [-87.802165, 41.936166], [-87.808196, 41.936124], [-87.808139, 41.931621]]]}, "properties": {"sq": "866_9285", "crime_n": 8, "crime_night_n": 1, "nta": "Dunning", "boro": "Chicago"}}, {"type": "Feature", "geometry": {"type": "Polygon", "coordinates": [[[-87.808196, 41.936124], [-87.802165, 41.936166], [-87.802222, 41.940669], [-87.808253, 41.940627], [-87.808196, 41.936124]]]}, "properties": {"sq": "866_9286", "crime_n": 16, "crime_night_n": 5, "nta": "Dunning", "boro": "Chicago"}}, {"type": "Feature", "geometry": {"type": "Polygon", "coordinates": [[[-87.808253, 41.940627], [-87.802222, 41.940669], [-87.802278, 41.945172], [-87.80831, 41.94513], [-87.808253, 41.940627]]]}, "properties": {"sq": "866_9287", "crime_n": 9, "crime_night_n": 3, "nta": "Dunning", "boro": "Chicago"}}, {"type": "Feature", "geometry": {"type": "Polygon", "coordinates": [[[-87.80831, 41.94513], [-87.802278, 41.945172], [-87.802335, 41.949675], [-87.808367, 41.949633], [-87.80831, 41.94513]]]}, "properties": {"sq": "866_9288", "crime_n": 11, "crime_night_n": 6, "nta": "Dunning", "boro": "Chicago"}}, {"type": "Feature", "geometry": {"type": "Polygon", "coordinates": [[[-87.808367, 41.949633], [-87.802335, 41.949675], [-87.802391, 41.954178], [-87.808423, 41.954136], [-87.808367, 41.949633]]]}, "properties": {"sq": "866_9289", "crime_n": 19, "crime_night_n": 5, "nta": "Dunning", "boro": "Chicago"}}, {"type": "Feature", "geometry": {"type": "Polygon", "coordinates": [[[-87.808423, 41.954136], [-87.802391, 41.954178], [-87.802447, 41.958681], [-87.80848, 41.958639], [-87.808423, 41.954136]]]}, "properties": {"sq": "866_9290", "crime_n": 0, "crime_night_n": 0, "nta": "Dunning", "boro": "Chicago"}}, {"type": "Feature", "geometry": {"type": "Polygon", "coordinates": [[[-87.808594, 41.967644], [-87.80256, 41.967687], [-87.802617, 41.97219], [-87.808651, 41.972147], [-87.808594, 41.967644]]]}, "properties": {"sq": "866_9293", "crime_n": 2, "crime_night_n": 0, "nta": "Norwood Park", "boro": "Chicago"}}, {"type": "Feature", "geometry": {"type": "Polygon", "coordinates": [[[-87.808651, 41.972147], [-87.802617, 41.97219], [-87.802674, 41.976693], [-87.808708, 41.97665], [-87.808651, 41.972147]]]}, "properties": {"sq": "866_9294", "crime_n": 6, "crime_night_n": 1, "nta": "Norwood Park", "boro": "Chicago"}}, {"type": "Feature", "geometry": {"type": "Polygon", "coordinates": [[[-87.808708, 41.97665], [-87.802674, 41.976693], [-87.80273, 41.981196], [-87.808765, 41.981153], [-87.808708, 41.97665]]]}, "properties": {"sq": "866_9295", "crime_n": 11, "crime_night_n": 7, "nta": "Norwood Park", "boro": "Chicago"}}, {"type": "Feature", "geometry": {"type": "Polygon", "coordinates": [[[-87.808765, 41.981153], [-87.80273, 41.981196], [-87.802787, 41.985698], [-87.808822, 41.985656], [-87.808765, 41.981153]]]}, "properties": {"sq": "866_9296", "crime_n": 12, "crime_night_n": 4, "nta": "Norwood Park", "boro": "Chicago"}}, {"type": "Feature", "geometry": {"type": "Polygon", "coordinates": [[[-87.808822, 41.985656], [-87.802787, 41.985698], [-87.802843, 41.990201], [-87.808879, 41.990159], [-87.808822, 41.985656]]]}, "properties": {"sq": "866_9297", "crime_n": 8, "crime_night_n": 3, "nta": "Norwood Park", "boro": "Chicago"}}, {"type": "Feature", "geometry": {"type": "Polygon", "coordinates": [[[-87.808879, 41.990159], [-87.802843, 41.990201], [-87.8029, 41.994704], [-87.808936, 41.994662], [-87.808879, 41.990159]]]}, "properties": {"sq": "866_9298", "crime_n": 1, "crime_night_n": 0, "nta": "Norwood Park", "boro": "Chicago"}}, {"type": "Feature", "geometry": {"type": "Polygon", "coordinates": [[[-87.808936, 41.994662], [-87.8029, 41.994704], [-87.802956, 41.999207], [-87.808993, 41.999165], [-87.808936, 41.994662]]]}, "properties": {"sq": "866_9299", "crime_n": 9, "crime_night_n": 3, "nta": "Norwood Park", "boro": "Chicago"}}, {"type": "Feature", "geometry": {"type": "Polygon", "coordinates": [[[-87.808993, 41.999165], [-87.802956, 41.999207], [-87.803013, 42.00371], [-87.80905, 42.003668], [-87.808993, 41.999165]]]}, "properties": {"sq": "866_9300", "crime_n": 2, "crime_night_n": 2, "nta": "Edison Park", "boro": "Chicago"}}, {"type": "Feature", "geometry": {"type": "Polygon", "coordinates": [[[-87.80905, 42.003668], [-87.803013, 42.00371], [-87.80307, 42.008213], [-87.809107, 42.008171], [-87.80905, 42.003668]]]}, "properties": {"sq": "866_9301", "crime_n": 0, "crime_night_n": 0, "nta": "Edison Park", "boro": "Chicago"}}, {"type": "Feature", "geometry": {"type": "Polygon", "coordinates": [[[-87.809107, 42.008171], [-87.80307, 42.008213], [-87.803126, 42.012716], [-87.809164, 42.012673], [-87.809107, 42.008171]]]}, "properties": {"sq": "866_9302", "crime_n": 5, "crime_night_n": 1, "nta": "Edison Park", "boro": "Chicago"}}, {"type": "Feature", "geometry": {"type": "Polygon", "coordinates": [[[-87.809164, 42.012673], [-87.803126, 42.012716], [-87.803183, 42.017219], [-87.809221, 42.017176], [-87.809164, 42.012673]]]}, "properties": {"sq": "866_9303", "crime_n": 2, "crime_night_n": 0, "nta": "Edison Park", "boro": "Chicago"}}, {"type": "Feature", "geometry": {"type": "Polygon", "coordinates": [[[-87.809221, 42.017176], [-87.803183, 42.017219], [-87.80324, 42.021722], [-87.809278, 42.021679], [-87.809221, 42.017176]]]}, "properties": {"sq": "866_9304", "crime_n": 3, "crime_night_n": 0, "nta": "Edison Park", "boro": "Chicago"}}, {"type": "Feature", "geometry": {"type": "Polygon", "coordinates": [[[-87.800086, 41.769555], [-87.794071, 41.769597], [-87.794126, 41.7741], [-87.800142, 41.774058], [-87.800086, 41.769555]]]}, "properties": {"sq": "867_9249", "crime_n": 1, "crime_night_n": 0, "nta": "Clearing", "boro": "Chicago"}}, {"type": "Feature", "geometry": {"type": "Polygon", "coordinates": [[[-87.800142, 41.774058], [-87.794126, 41.7741], [-87.794182, 41.778603], [-87.800198, 41.778561], [-87.800142, 41.774058]]]}, "properties": {"sq": "867_9250", "crime_n": 10, "crime_night_n": 5, "nta": "Clearing", "boro": "Chicago"}}, {"type": "Feature", "geometry": {"type": "Polygon", "coordinates": [[[-87.800198, 41.778561], [-87.794182, 41.778603], [-87.794238, 41.783106], [-87.800254, 41.783064], [-87.800198, 41.778561]]]}, "properties": {"sq": "867_9251", "crime_n": 1, "crime_night_n": 0, "nta": "Clearing", "boro": "Chicago"}}, {"type": "Feature", "geometry": {"type": "Polygon", "coordinates": [[[-87.800254, 41.783064], [-87.794238, 41.783106], [-87.794293, 41.787609], [-87.80031, 41.787567], [-87.800254, 41.783064]]]}, "properties": {"sq": "867_9252", "crime_n": 8, "crime_night_n": 3, "nta": "Clearing", "boro": "Chicago"}}, {"type": "Feature", "geometry": {"type": "Polygon", "coordinates": [[[-87.80031, 41.787567], [-87.794293, 41.787609], [-87.794349, 41.792112], [-87.800366, 41.79207], [-87.80031, 41.787567]]]}, "properties": {"sq": "867_9253", "crime_n": 7, "crime_night_n": 2, "nta": "Garfield Ridge", "boro": "Chicago"}}, {"type": "Feature", "geometry": {"type": "Polygon", "coordinates": [[[-87.800366, 41.79207], [-87.794349, 41.792112], [-87.794404, 41.796615], [-87.800422, 41.796573], [-87.800366, 41.79207]]]}, "properties": {"sq": "867_9254", "crime_n": 4, "crime_night_n": 1, "nta": "Garfield Ridge", "boro": "Chicago"}}, {"type": "Feature", "geometry": {"type": "Polygon", "coordinates": [[[-87.800422, 41.796573], [-87.794404, 41.796615], [-87.79446, 41.801118], [-87.800478, 41.801076], [-87.800422, 41.796573]]]}, "properties": {"sq": "867_9255", "crime_n": 6, "crime_night_n": 2, "nta": "Garfield Ridge", "boro": "Chicago"}}, {"type": "Feature", "geometry": {"type": "Polygon", "coordinates": [[[-87.80177, 41.904646], [-87.795743, 41.904688], [-87.795799, 41.909191], [-87.801827, 41.909149], [-87.80177, 41.904646]]]}, "properties": {"sq": "867_9279", "crime_n": 1, "crime_night_n": 0, "nta": "Austin", "boro": "Chicago"}}, {"type": "Feature", "geometry": {"type": "Polygon", "coordinates": [[[-87.801827, 41.909149], [-87.795799, 41.909191], [-87.795855, 41.913694], [-87.801883, 41.913652], [-87.801827, 41.909149]]]}, "properties": {"sq": "867_9280", "crime_n": 13, "crime_night_n": 1, "nta": "Austin", "boro": "Chicago"}}, {"type": "Feature", "geometry": {"type": "Polygon", "coordinates": [[[-87.801883, 41.913652], [-87.795855, 41.913694], [-87.79591, 41.918196], [-87.80194, 41.918155], [-87.801883, 41.913652]]]}, "properties": {"sq": "867_9281", "crime_n": 6, "crime_night_n": 3, "nta": "Austin", "boro": "Chicago"}}, {"type": "Feature", "geometry": {"type": "Polygon", "coordinates": [[[-87.80194, 41.918155], [-87.79591, 41.918196], [-87.795966, 41.922699], [-87.801996, 41.922657], [-87.80194, 41.918155]]]}, "properties": {"sq": "867_9282", "crime_n": 5, "crime_night_n": 1, "nta": "Austin", "boro": "Chicago"}}, {"type": "Feature", "geometry": {"type": "Polygon", "coordinates": [[[-87.801996, 41.922657], [-87.795966, 41.922699], [-87.796022, 41.927202], [-87.802052, 41.92716], [-87.801996, 41.922657]]]}, "properties": {"sq": "867_9283", "crime_n": 15, "crime_night_n": 5, "nta": "Montclare", "boro": "Chicago"}}, {"type": "Feature", "geometry": {"type": "Polygon", "coordinates": [[[-87.802052, 41.92716], [-87.796022, 41.927202], [-87.796078, 41.931705], [-87.802109, 41.931663], [-87.802052, 41.92716]]]}, "properties": {"sq": "867_9284", "crime_n": 20, "crime_night_n": 6, "nta": "Montclare", "boro": "Chicago"}}, {"type": "Feature", "geometry": {"type": "Polygon", "coordinates": [[[-87.802109, 41.931663], [-87.796078, 41.931705], [-87.796134, 41.936208], [-87.802165, 41.936166], [-87.802109, 41.931663]]]}, "properties": {"sq": "867_9285", "crime_n": 7, "crime_night_n": 3, "nta": "Montclare", "boro": "Chicago"}}, {"type": "Feature", "geometry": {"type": "Polygon", "coordinates": [[[-87.802165, 41.936166], [-87.796134, 41.936208], [-87.79619, 41.940711], [-87.802222, 41.940669], [-87.802165, 41.936166]]]}, "properties": {"sq": "867_9286", "crime_n": 7, "crime_night_n": 3, "nta": "Dunning", "boro": "Chicago"}}, {"type": "Feature", "geometry": {"type": "Polygon", "coordinates": [[[-87.802222, 41.940669], [-87.79619, 41.940711], [-87.796246, 41.945214], [-87.802278, 41.945172], [-87.802222, 41.940669]]]}, "properties": {"sq": "867_9287", "crime_n": 7, "crime_night_n": 2, "nta": "Dunning", "boro": "Chicago"}}, {"type": "Feature", "geometry": {"type": "Polygon", "coordinates": [[[-87.802278, 41.945172], [-87.796246, 41.945214], [-87.796302, 41.949717], [-87.802335, 41.949675], [-87.802278, 41.945172]]]}, "properties": {"sq": "867_9288", "crime_n": 14, "crime_night_n": 2, "nta": "Dunning", "boro": "Chicago"}}, {"type": "Feature", "geometry": {"type": "Polygon", "coordinates": [[[-87.802335, 41.949675], [-87.796302, 41.949717], [-87.796359, 41.95422], [-87.802391, 41.954178], [-87.802335, 41.949675]]]}, "properties": {"sq": "867_9289", "crime_n": 7, "crime_night_n": 3, "nta": "Dunning", "boro": "Chicago"}}, {"type": "Feature", "geometry": {"type": "Polygon", "coordinates": [[[-87.802391, 41.954178], [-87.796359, 41.95422], [-87.796415, 41.958723], [-87.802447, 41.958681], [-87.802391, 41.954178]]]}, "properties": {"sq": "867_9290", "crime_n": 1, "crime_night_n": 1, "nta": "Dunning", "boro": "Chicago"}}, {"type": "Feature", "geometry": {"type": "Polygon", "coordinates": [[[-87.802447, 41.958681], [-87.796415, 41.958723], [-87.796471, 41.963226], [-87.802504, 41.963184], [-87.802447, 41.958681]]]}, "properties": {"sq": "867_9291", "crime_n": 1, "crime_night_n": 0, "nta": "Dunning", "boro": "Chicago"}}, {"type": "Feature", "geometry": {"type": "Polygon", "coordinates": [[[-87.80256, 41.967687], [-87.796527, 41.967729], [-87.796583, 41.972232], [-87.802617, 41.97219], [-87.80256, 41.967687]]]}, "properties": {"sq": "867_9293", "crime_n": 4, "crime_night_n": 2, "nta": "Norwood Park", "boro": "Chicago"}}, {"type": "Feature", "geometry": {"type": "Polygon", "coordinates": [[[-87.802617, 41.97219], [-87.796583, 41.972232], [-87.796639, 41.976735], [-87.802674, 41.976693], [-87.802617, 41.97219]]]}, "properties": {"sq": "867_9294", "crime_n": 2, "crime_night_n": 0, "nta": "Norwood Park", "boro": "Chicago"}}, {"type": "Feature", "geometry": {"type": "Polygon", "coordinates": [[[-87.802674, 41.976693], [-87.796639, 41.976735], [-87.796695, 41.981238], [-87.80273, 41.981196], [-87.802674, 41.976693]]]}, "properties": {"sq": "867_9295", "crime_n": 4, "crime_night_n": 2, "nta": "Norwood Park", "boro": "Chicago"}}, {"type": "Feature", "geometry": {"type": "Polygon", "coordinates": [[[-87.80273, 41.981196], [-87.796695, 41.981238], [-87.796751, 41.985741], [-87.802787, 41.985698], [-87.80273, 41.981196]]]}, "properties": {"sq": "867_9296", "crime_n": 0, "crime_night_n": 0, "nta": "Norwood Park", "boro": "Chicago"}}, {"type": "Feature", "geometry": {"type": "Polygon", "coordinates": [[[-87.802787, 41.985698], [-87.796751, 41.985741], [-87.796807, 41.990243], [-87.802843, 41.990201], [-87.802787, 41.985698]]]}, "properties": {"sq": "867_9297", "crime_n": 0, "crime_night_n": 0, "nta": "Norwood Park", "boro": "Chicago"}}, {"type": "Feature", "geometry": {"type": "Polygon", "coordinates": [[[-87.802843, 41.990201], [-87.796807, 41.990243], [-87.796864, 41.994746], [-87.8029, 41.994704], [-87.802843, 41.990201]]]}, "properties": {"sq": "867_9298", "crime_n": 9, "crime_night_n": 6, "nta": "Norwood Park", "boro": "Chicago"}}, {"type": "Feature", "geometry": {"type": "Polygon", "coordinates": [[[-87.8029, 41.994704], [-87.796864, 41.994746], [-87.79692, 41.999249], [-87.802956, 41.999207], [-87.8029, 41.994704]]]}, "properties": {"sq": "867_9299", "crime_n": 3, "crime_night_n": 2, "nta": "Norwood Park", "boro": "Chicago"}}, {"type": "Feature", "geometry": {"type": "Polygon", "coordinates": [[[-87.802956, 41.999207], [-87.79692, 41.999249], [-87.796976, 42.003752], [-87.803013, 42.00371], [-87.802956, 41.999207]]]}, "properties": {"sq": "867_9300", "crime_n": 3, "crime_night_n": 1, "nta": "Norwood Park", "boro": "Chicago"}}, {"type": "Feature", "geometry": {"type": "Polygon", "coordinates": [[[-87.794071, 41.769597], [-87.788056, 41.769638], [-87.788111, 41.774141], [-87.794126, 41.7741], [-87.794071, 41.769597]]]}, "properties": {"sq": "868_9249", "crime_n": 0, "crime_night_n": 0, "nta": "Clearing", "boro": "Chicago"}}, {"type": "Feature", "geometry": {"type": "Polygon", "coordinates": [[[-87.794126, 41.7741], [-87.788111, 41.774141], [-87.788166, 41.778644], [-87.794182, 41.778603], [-87.794126, 41.7741]]]}, "properties": {"sq": "868_9250", "crime_n": 21, "crime_night_n": 5, "nta": "Clearing", "boro": "Chicago"}}, {"type": "Feature", "geometry": {"type": "Polygon", "coordinates": [[[-87.794182, 41.778603], [-87.788166, 41.778644], [-87.788221, 41.783147], [-87.794238, 41.783106], [-87.794182, 41.778603]]]}, "properties": {"sq": "868_9251", "crime_n": 8, "crime_night_n": 3, "nta": "Clearing", "boro": "Chicago"}}, {"type": "Feature", "geometry": {"type": "Polygon", "coordinates": [[[-87.794238, 41.783106], [-87.788221, 41.783147], [-87.788276, 41.78765], [-87.794293, 41.787609], [-87.794238, 41.783106]]]}, "properties": {"sq": "868_9252", "crime_n": 6, "crime_night_n": 3, "nta": "Garfield Ridge", "boro": "Chicago"}}, {"type": "Feature", "geometry": {"type": "Polygon", "coordinates": [[[-87.794293, 41.787609], [-87.788276, 41.78765], [-87.788331, 41.792154], [-87.794349, 41.792112], [-87.794293, 41.787609]]]}, "properties": {"sq": "868_9253", "crime_n": 7, "crime_night_n": 4, "nta": "Garfield Ridge", "boro": "Chicago"}}, {"type": "Feature", "geometry": {"type": "Polygon", "coordinates": [[[-87.794349, 41.792112], [-87.788331, 41.792154], [-87.788387, 41.796657], [-87.794404, 41.796615], [-87.794349, 41.792112]]]}, "properties": {"sq": "868_9254", "crime_n": 11, "crime_night_n": 8, "nta": "Garfield Ridge", "boro": "Chicago"}}, {"type": "Feature", "geometry": {"type": "Polygon", "coordinates": [[[-87.794404, 41.796615], [-87.788387, 41.796657], [-87.788442, 41.80116], [-87.79446, 41.801118], [-87.794404, 41.796615]]]}, "properties": {"sq": "868_9255", "crime_n": 5, "crime_night_n": 1, "nta": "Garfield Ridge", "boro": "Chicago"}}, {"type": "Feature", "geometry": {"type": "Polygon", "coordinates": [[[-87.795743, 41.904688], [-87.789715, 41.904729], [-87.78977, 41.909232], [-87.795799, 41.909191], [-87.795743, 41.904688]]]}, "properties": {"sq": "868_9279", "crime_n": 2, "crime_night_n": 0, "nta": "Austin", "boro": "Chicago"}}, {"type": "Feature", "geometry": {"type": "Polygon", "coordinates": [[[-87.795799, 41.909191], [-87.78977, 41.909232], [-87.789826, 41.913735], [-87.795855, 41.913694], [-87.795799, 41.909191]]]}, "properties": {"sq": "868_9280", "crime_n": 4, "crime_night_n": 1, "nta": "Austin", "boro": "Chicago"}}, {"type": "Feature", "geometry": {"type": "Polygon", "coordinates": [[[-87.795855, 41.913694], [-87.789826, 41.913735], [-87.789881, 41.918238], [-87.79591, 41.918196], [-87.795855, 41.913694]]]}, "properties": {"sq": "868_9281", "crime_n": 9, "crime_night_n": 1, "nta": "Austin", "boro": "Chicago"}}, {"type": "Feature", "geometry": {"type": "Polygon", "coordinates": [[[-87.79591, 41.918196], [-87.789881, 41.918238], [-87.789937, 41.922741], [-87.795966, 41.922699], [-87.79591, 41.918196]]]}, "properties": {"sq": "868_9282", "crime_n": 4, "crime_night_n": 2, "nta": "Montclare", "boro": "Chicago"}}, {"type": "Feature", "geometry": {"type": "Polygon", "coordinates": [[[-87.795966, 41.922699], [-87.789937, 41.922741], [-87.789992, 41.927244], [-87.796022, 41.927202], [-87.795966, 41.922699]]]}, "properties": {"sq": "868_9283", "crime_n": 23, "crime_night_n": 10, "nta": "Montclare", "boro": "Chicago"}}, {"type": "Feature", "geometry": {"type": "Polygon", "coordinates": [[[-87.796022, 41.927202], [-87.789992, 41.927244], [-87.790048, 41.931747], [-87.796078, 41.931705], [-87.796022, 41.927202]]]}, "properties": {"sq": "868_9284", "crime_n": 13, "crime_night_n": 3, "nta": "Montclare", "boro": "Chicago"}}, {"type": "Feature", "geometry": {"type": "Polygon", "coordinates": [[[-87.796078, 41.931705], [-87.790048, 41.931747], [-87.790104, 41.93625], [-87.796134, 41.936208], [-87.796078, 41.931705]]]}, "properties": {"sq": "868_9285", "crime_n": 15, "crime_night_n": 7, "nta": "Montclare", "boro": "Chicago"}}, {"type": "Feature", "geometry": {"type": "Polygon", "coordinates": [[[-87.796134, 41.936208], [-87.790104, 41.93625], [-87.790159, 41.940753], [-87.79619, 41.940711], [-87.796134, 41.936208]]]}, "properties": {"sq": "868_9286", "crime_n": 11, "crime_night_n": 4, "nta": "Montclare", "boro": "Chicago"}}, {"type": "Feature", "geometry": {"type": "Polygon", "coordinates": [[[-87.79619, 41.940711], [-87.790159, 41.940753], [-87.790215, 41.945256], [-87.796246, 41.945214], [-87.79619, 41.940711]]]}, "properties": {"sq": "868_9287", "crime_n": 5, "crime_night_n": 3, "nta": "Dunning", "boro": "Chicago"}}, {"type": "Feature", "geometry": {"type": "Polygon", "coordinates": [[[-87.796246, 41.945214], [-87.790215, 41.945256], [-87.79027, 41.949759], [-87.796302, 41.949717], [-87.796246, 41.945214]]]}, "properties": {"sq": "868_9288", "crime_n": 3, "crime_night_n": 0, "nta": "Dunning", "boro": "Chicago"}}, {"type": "Feature", "geometry": {"type": "Polygon", "coordinates": [[[-87.796302, 41.949717], [-87.79027, 41.949759], [-87.790326, 41.954262], [-87.796359, 41.95422], [-87.796302, 41.949717]]]}, "properties": {"sq": "868_9289", "crime_n": 13, "crime_night_n": 5, "nta": "Dunning", "boro": "Chicago"}}, {"type": "Feature", "geometry": {"type": "Polygon", "coordinates": [[[-87.796359, 41.95422], [-87.790326, 41.954262], [-87.790382, 41.958765], [-87.796415, 41.958723], [-87.796359, 41.95422]]]}, "properties": {"sq": "868_9290", "crime_n": 2, "crime_night_n": 0, "nta": "Dunning", "boro": "Chicago"}}, {"type": "Feature", "geometry": {"type": "Polygon", "coordinates": [[[-87.796415, 41.958723], [-87.790382, 41.958765], [-87.790437, 41.963268], [-87.796471, 41.963226], [-87.796415, 41.958723]]]}, "properties": {"sq": "868_9291", "crime_n": 0, "crime_night_n": 0, "nta": "Dunning", "boro": "Chicago"}}, {"type": "Feature", "geometry": {"type": "Polygon", "coordinates": [[[-87.796527, 41.967729], [-87.790493, 41.967771], [-87.790549, 41.972273], [-87.796583, 41.972232], [-87.796527, 41.967729]]]}, "properties": {"sq": "868_9293", "crime_n": 6, "crime_night_n": 0, "nta": "Norwood Park", "boro": "Chicago"}}, {"type": "Feature", "geometry": {"type": "Polygon", "coordinates": [[[-87.796583, 41.972232], [-87.790549, 41.972273], [-87.790604, 41.976776], [-87.796639, 41.976735], [-87.796583, 41.972232]]]}, "properties": {"sq": "868_9294", "crime_n": 4, "crime_night_n": 1, "nta": "Norwood Park", "boro": "Chicago"}}, {"type": "Feature", "geometry": {"type": "Polygon", "coordinates": [[[-87.796639, 41.976735], [-87.790604, 41.976776], [-87.79066, 41.981279], [-87.796695, 41.981238], [-87.796639, 41.976735]]]}, "properties": {"sq": "868_9295", "crime_n": 3, "crime_night_n": 1, "nta": "Norwood Park", "boro": "Chicago"}}, {"type": "Feature", "geometry": {"type": "Polygon", "coordinates": [[[-87.796695, 41.981238], [-87.79066, 41.981279], [-87.790716, 41.985782], [-87.796751, 41.985741], [-87.796695, 41.981238]]]}, "properties": {"sq": "868_9296", "crime_n": 5, "crime_night_n": 0, "nta": "Norwood Park", "boro": "Chicago"}}, {"type": "Feature", "geometry": {"type": "Polygon", "coordinates": [[[-87.796751, 41.985741], [-87.790716, 41.985782], [-87.790772, 41.990285], [-87.796807, 41.990243], [-87.796751, 41.985741]]]}, "properties": {"sq": "868_9297", "crime_n": 7, "crime_night_n": 1, "nta": "Norwood Park", "boro": "Chicago"}}, {"type": "Feature", "geometry": {"type": "Polygon", "coordinates": [[[-87.796807, 41.990243], [-87.790772, 41.990285], [-87.790827, 41.994788], [-87.796864, 41.994746], [-87.796807, 41.990243]]]}, "properties": {"sq": "868_9298", "crime_n": 0, "crime_night_n": 0, "nta": "Norwood Park", "boro": "Chicago"}}, {"type": "Feature", "geometry": {"type": "Polygon", "coordinates": [[[-87.796864, 41.994746], [-87.790827, 41.994788], [-87.790883, 41.999291], [-87.79692, 41.999249], [-87.796864, 41.994746]]]}, "properties": {"sq": "868_9299", "crime_n": 3, "crime_night_n": 2, "nta": "Norwood Park", "boro": "Chicago"}}, {"type": "Feature", "geometry": {"type": "Polygon", "coordinates": [[[-87.79692, 41.999249], [-87.790883, 41.999291], [-87.790939, 42.003794], [-87.796976, 42.003752], [-87.79692, 41.999249]]]}, "properties": {"sq": "868_9300", "crime_n": 0, "crime_night_n": 0, "nta": "Norwood Park", "boro": "Chicago"}}, {"type": "Feature", "geometry": {"type": "Polygon", "coordinates": [[[-87.788056, 41.769638], [-87.782041, 41.769679], [-87.782095, 41.774182], [-87.788111, 41.774141], [-87.788056, 41.769638]]]}, "properties": {"sq": "869_9249", "crime_n": 0, "crime_night_n": 0, "nta": "Clearing", "boro": "Chicago"}}, {"type": "Feature", "geometry": {"type": "Polygon", "coordinates": [[[-87.788111, 41.774141], [-87.782095, 41.774182], [-87.78215, 41.778685], [-87.788166, 41.778644], [-87.788111, 41.774141]]]}, "properties": {"sq": "869_9250", "crime_n": 10, "crime_night_n": 3, "nta": "Clearing", "boro": "Chicago"}}, {"type": "Feature", "geometry": {"type": "Polygon", "coordinates": [[[-87.788166, 41.778644], [-87.78215, 41.778685], [-87.782205, 41.783189], [-87.788221, 41.783147], [-87.788166, 41.778644]]]}, "properties": {"sq": "869_9251", "crime_n": 8, "crime_night_n": 2, "nta": "Clearing", "boro": "Chicago"}}, {"type": "Feature", "geometry": {"type": "Polygon", "coordinates": [[[-87.788221, 41.783147], [-87.782205, 41.783189], [-87.782259, 41.787692], [-87.788276, 41.78765], [-87.788221, 41.783147]]]}, "properties": {"sq": "869_9252", "crime_n": 2, "crime_night_n": 0, "nta": "Garfield Ridge", "boro": "Chicago"}}, {"type": "Feature", "geometry": {"type": "Polygon", "coordinates": [[[-87.788276, 41.78765], [-87.782259, 41.787692], [-87.782314, 41.792195], [-87.788331, 41.792154], [-87.788276, 41.78765]]]}, "properties": {"sq": "869_9253", "crime_n": 5, "crime_night_n": 1, "nta": "Garfield Ridge", "boro": "Chicago"}}, {"type": "Feature", "geometry": {"type": "Polygon", "coordinates": [[[-87.788331, 41.792154], [-87.782314, 41.792195], [-87.782369, 41.796698], [-87.788387, 41.796657], [-87.788331, 41.792154]]]}, "properties": {"sq": "869_9254", "crime_n": 7, "crime_night_n": 2, "nta": "Garfield Ridge", "boro": "Chicago"}}, {"type": "Feature", "geometry": {"type": "Polygon", "coordinates": [[[-87.788387, 41.796657], [-87.782369, 41.796698], [-87.782424, 41.801201], [-87.788442, 41.80116], [-87.788387, 41.796657]]]}, "properties": {"sq": "869_9255", "crime_n": 1, "crime_night_n": 0, "nta": "Garfield Ridge", "boro": "Chicago"}}, {"type": "Feature", "geometry": {"type": "Polygon", "coordinates": [[[-87.789715, 41.904729], [-87.783687, 41.90477], [-87.783742, 41.909273], [-87.78977, 41.909232], [-87.789715, 41.904729]]]}, "properties": {"sq": "869_9279", "crime_n": 4, "crime_night_n": 2, "nta": "Austin", "boro": "Chicago"}}, {"type": "Feature", "geometry": {"type": "Polygon", "coordinates": [[[-87.78977, 41.909232], [-87.783742, 41.909273], [-87.783797, 41.913776], [-87.789826, 41.913735], [-87.78977, 41.909232]]]}, "properties": {"sq": "869_9280", "crime_n": 12, "crime_night_n": 5, "nta": "Austin", "boro": "Chicago"}}, {"type": "Feature", "geometry": {"type": "Polygon", "coordinates": [[[-87.789826, 41.913735], [-87.783797, 41.913776], [-87.783852, 41.918279], [-87.789881, 41.918238], [-87.789826, 41.913735]]]}, "properties": {"sq": "869_9281", "crime_n": 11, "crime_night_n": 3, "nta": "Austin", "boro": "Chicago"}}, {"type": "Feature", "geometry": {"type": "Polygon", "coordinates": [[[-87.789881, 41.918238], [-87.783852, 41.918279], [-87.783907, 41.922782], [-87.789937, 41.922741], [-87.789881, 41.918238]]]}, "properties": {"sq": "869_9282", "crime_n": 28, "crime_night_n": 16, "nta": "Belmont Cragin", "boro": "Chicago"}}, {"type": "Feature", "geometry": {"type": "Polygon", "coordinates": [[[-87.789937, 41.922741], [-87.783907, 41.922782], [-87.783963, 41.927285], [-87.789992, 41.927244], [-87.789937, 41.922741]]]}, "properties": {"sq": "869_9283", "crime_n": 33, "crime_night_n": 12, "nta": "Belmont Cragin", "boro": "Chicago"}}, {"type": "Feature", "geometry": {"type": "Polygon", "coordinates": [[[-87.789992, 41.927244], [-87.783963, 41.927285], [-87.784018, 41.931788], [-87.790048, 41.931747], [-87.789992, 41.927244]]]}, "properties": {"sq": "869_9284", "crime_n": 45, "crime_night_n": 11, "nta": "Belmont Cragin", "boro": "Chicago"}}, {"type": "Feature", "geometry": {"type": "Polygon", "coordinates": [[[-87.790048, 41.931747], [-87.784018, 41.931788], [-87.784073, 41.936291], [-87.790104, 41.93625], [-87.790048, 41.931747]]]}, "properties": {"sq": "869_9285", "crime_n": 12, "crime_night_n": 3, "nta": "Belmont Cragin", "boro": "Chicago"}}, {"type": "Feature", "geometry": {"type": "Polygon", "coordinates": [[[-87.790104, 41.93625], [-87.784073, 41.936291], [-87.784128, 41.940794], [-87.790159, 41.940753], [-87.790104, 41.93625]]]}, "properties": {"sq": "869_9286", "crime_n": 15, "crime_night_n": 6, "nta": "Dunning", "boro": "Chicago"}}, {"type": "Feature", "geometry": {"type": "Polygon", "coordinates": [[[-87.790159, 41.940753], [-87.784128, 41.940794], [-87.784183, 41.945297], [-87.790215, 41.945256], [-87.790159, 41.940753]]]}, "properties": {"sq": "869_9287", "crime_n": 9, "crime_night_n": 6, "nta": "Dunning", "boro": "Chicago"}}, {"type": "Feature", "geometry": {"type": "Polygon", "coordinates": [[[-87.790215, 41.945256], [-87.784183, 41.945297], [-87.784238, 41.9498], [-87.79027, 41.949759], [-87.790215, 41.945256]]]}, "properties": {"sq": "869_9288", "crime_n": 11, "crime_night_n": 4, "nta": "Dunning", "boro": "Chicago"}}, {"type": "Feature", "geometry": {"type": "Polygon", "coordinates": [[[-87.79027, 41.949759], [-87.784238, 41.9498], [-87.784294, 41.954303], [-87.790326, 41.954262], [-87.79027, 41.949759]]]}, "properties": {"sq": "869_9289", "crime_n": 24, "crime_night_n": 5, "nta": "Dunning", "boro": "Chicago"}}, {"type": "Feature", "geometry": {"type": "Polygon", "coordinates": [[[-87.790326, 41.954262], [-87.784294, 41.954303], [-87.784349, 41.958806], [-87.790382, 41.958765], [-87.790326, 41.954262]]]}, "properties": {"sq": "869_9290", "crime_n": 5, "crime_night_n": 1, "nta": "Dunning", "boro": "Chicago"}}, {"type": "Feature", "geometry": {"type": "Polygon", "coordinates": [[[-87.790382, 41.958765], [-87.784349, 41.958806], [-87.784404, 41.963309], [-87.790437, 41.963268], [-87.790382, 41.958765]]]}, "properties": {"sq": "869_9291", "crime_n": 7, "crime_night_n": 3, "nta": "Dunning", "boro": "Chicago"}}, {"type": "Feature", "geometry": {"type": "Polygon", "coordinates": [[[-87.790437, 41.963268], [-87.784404, 41.963309], [-87.784459, 41.967812], [-87.790493, 41.967771], [-87.790437, 41.963268]]]}, "properties": {"sq": "869_9292", "crime_n": 1, "crime_night_n": 1, "nta": "Portage Park", "boro": "Chicago"}}, {"type": "Feature", "geometry": {"type": "Polygon", "coordinates": [[[-87.790493, 41.967771], [-87.784459, 41.967812], [-87.784515, 41.972315], [-87.790549, 41.972273], [-87.790493, 41.967771]]]}, "properties": {"sq": "869_9293", "crime_n": 4, "crime_night_n": 1, "nta": "Jefferson Park", "boro": "Chicago"}}, {"type": "Feature", "geometry": {"type": "Polygon", "coordinates": [[[-87.790549, 41.972273], [-87.784515, 41.972315], [-87.78457, 41.976818], [-87.790604, 41.976776], [-87.790549, 41.972273]]]}, "properties": {"sq": "869_9294", "crime_n": 15, "crime_night_n": 2, "nta": "Jefferson Park", "boro": "Chicago"}}, {"type": "Feature", "geometry": {"type": "Polygon", "coordinates": [[[-87.790604, 41.976776], [-87.78457, 41.976818], [-87.784625, 41.981321], [-87.79066, 41.981279], [-87.790604, 41.976776]]]}, "properties": {"sq": "869_9295", "crime_n": 3, "crime_night_n": 1, "nta": "Jefferson Park", "boro": "Chicago"}}, {"type": "Feature", "geometry": {"type": "Polygon", "coordinates": [[[-87.79066, 41.981279], [-87.784625, 41.981321], [-87.78468, 41.985824], [-87.790716, 41.985782], [-87.79066, 41.981279]]]}, "properties": {"sq": "869_9296", "crime_n": 11, "crime_night_n": 2, "nta": "Norwood Park", "boro": "Chicago"}}, {"type": "Feature", "geometry": {"type": "Polygon", "coordinates": [[[-87.790716, 41.985782], [-87.78468, 41.985824], [-87.784736, 41.990327], [-87.790772, 41.990285], [-87.790716, 41.985782]]]}, "properties": {"sq": "869_9297", "crime_n": 6, "crime_night_n": 2, "nta": "Norwood Park", "boro": "Chicago"}}, {"type": "Feature", "geometry": {"type": "Polygon", "coordinates": [[[-87.790772, 41.990285], [-87.784736, 41.990327], [-87.784791, 41.99483], [-87.790827, 41.994788], [-87.790772, 41.990285]]]}, "properties": {"sq": "869_9298", "crime_n": 6, "crime_night_n": 5, "nta": "Norwood Park", "boro": "Chicago"}}, {"type": "Feature", "geometry": {"type": "Polygon", "coordinates": [[[-87.790827, 41.994788], [-87.784791, 41.99483], [-87.784846, 41.999332], [-87.790883, 41.999291], [-87.790827, 41.994788]]]}, "properties": {"sq": "869_9299", "crime_n": 16, "crime_night_n": 4, "nta": "Norwood Park", "boro": "Chicago"}}, {"type": "Feature", "geometry": {"type": "Polygon", "coordinates": [[[-87.790883, 41.999291], [-87.784846, 41.999332], [-87.784902, 42.003835], [-87.790939, 42.003794], [-87.790883, 41.999291]]]}, "properties": {"sq": "869_9300", "crime_n": 0, "crime_night_n": 0, "nta": "Forest Glen", "boro": "Chicago"}}, {"type": "Feature", "geometry": {"type": "Polygon", "coordinates": [[[-87.790939, 42.003794], [-87.784902, 42.003835], [-87.784957, 42.008338], [-87.790995, 42.008297], [-87.790939, 42.003794]]]}, "properties": {"sq": "869_9301", "crime_n": 0, "crime_night_n": 0, "nta": "Forest Glen", "boro": "Chicago"}}, {"type": "Feature", "geometry": {"type": "Polygon", "coordinates": [[[-87.790995, 42.008297], [-87.784957, 42.008338], [-87.785012, 42.012841], [-87.79105, 42.0128], [-87.790995, 42.008297]]]}, "properties": {"sq": "869_9302", "crime_n": 2, "crime_night_n": 2, "nta": "Forest Glen", "boro": "Chicago"}}, {"type": "Feature", "geometry": {"type": "Polygon", "coordinates": [[[-87.782041, 41.769679], [-87.776025, 41.76972], [-87.77608, 41.774223], [-87.782095, 41.774182], [-87.782041, 41.769679]]]}, "properties": {"sq": "870_9249", "crime_n": 1, "crime_night_n": 0, "nta": "Clearing", "boro": "Chicago"}}, {"type": "Feature", "geometry": {"type": "Polygon", "coordinates": [[[-87.782095, 41.774182], [-87.77608, 41.774223], [-87.776134, 41.778726], [-87.78215, 41.778685], [-87.782095, 41.774182]]]}, "properties": {"sq": "870_9250", "crime_n": 14, "crime_night_n": 6, "nta": "Clearing", "boro": "Chicago"}}, {"type": "Feature", "geometry": {"type": "Polygon", "coordinates": [[[-87.78215, 41.778685], [-87.776134, 41.778726], [-87.776188, 41.783229], [-87.782205, 41.783189], [-87.78215, 41.778685]]]}, "properties": {"sq": "870_9251", "crime_n": 22, "crime_night_n": 3, "nta": "Clearing", "boro": "Chicago"}}, {"type": "Feature", "geometry": {"type": "Polygon", "coordinates": [[[-87.782205, 41.783189], [-87.776188, 41.783229], [-87.776243, 41.787732], [-87.782259, 41.787692], [-87.782205, 41.783189]]]}, "properties": {"sq": "870_9252", "crime_n": 7, "crime_night_n": 2, "nta": "Clearing", "boro": "Chicago"}}, {"type": "Feature", "geometry": {"type": "Polygon", "coordinates": [[[-87.782259, 41.787692], [-87.776243, 41.787732], [-87.776297, 41.792236], [-87.782314, 41.792195], [-87.782259, 41.787692]]]}, "properties": {"sq": "870_9253", "crime_n": 23, "crime_night_n": 3, "nta": "Garfield Ridge", "boro": "Chicago"}}, {"type": "Feature", "geometry": {"type": "Polygon", "coordinates": [[[-87.782314, 41.792195], [-87.776297, 41.792236], [-87.776351, 41.796739], [-87.782369, 41.796698], [-87.782314, 41.792195]]]}, "properties": {"sq": "870_9254", "crime_n": 5, "crime_night_n": 2, "nta": "Garfield Ridge", "boro": "Chicago"}}, {"type": "Feature", "geometry": {"type": "Polygon", "coordinates": [[[-87.782369, 41.796698], [-87.776351, 41.796739], [-87.776406, 41.801242], [-87.782424, 41.801201], [-87.782369, 41.796698]]]}, "properties": {"sq": "870_9255", "crime_n": 7, "crime_night_n": 2, "nta": "Garfield Ridge", "boro": "Chicago"}}, {"type": "Feature", "geometry": {"type": "Polygon", "coordinates": [[[-87.783687, 41.90477], [-87.777659, 41.904811], [-87.777714, 41.909314], [-87.783742, 41.909273], [-87.783687, 41.90477]]]}, "properties": {"sq": "870_9279", "crime_n": 3, "crime_night_n": 0, "nta": "Austin", "boro": "Chicago"}}, {"type": "Feature", "geometry": {"type": "Polygon", "coordinates": [[[-87.783742, 41.909273], [-87.777714, 41.909314], [-87.777769, 41.913817], [-87.783797, 41.913776], [-87.783742, 41.909273]]]}, "properties": {"sq": "870_9280", "crime_n": 28, "crime_night_n": 12, "nta": "Austin", "boro": "Chicago"}}, {"type": "Feature", "geometry": {"type": "Polygon", "coordinates": [[[-87.783797, 41.913776], [-87.777769, 41.913817], [-87.777823, 41.91832], [-87.783852, 41.918279], [-87.783797, 41.913776]]]}, "properties": {"sq": "870_9281", "crime_n": 4, "crime_night_n": 0, "nta": "Austin", "boro": "Chicago"}}, {"type": "Feature", "geometry": {"type": "Polygon", "coordinates": [[[-87.783852, 41.918279], [-87.777823, 41.91832], [-87.777878, 41.922823], [-87.783907, 41.922782], [-87.783852, 41.918279]]]}, "properties": {"sq": "870_9282", "crime_n": 30, "crime_night_n": 13, "nta": "Belmont Cragin", "boro": "Chicago"}}, {"type": "Feature", "geometry": {"type": "Polygon", "coordinates": [[[-87.783907, 41.922782], [-87.777878, 41.922823], [-87.777933, 41.927326], [-87.783963, 41.927285], [-87.783907, 41.922782]]]}, "properties": {"sq": "870_9283", "crime_n": 33, "crime_night_n": 8, "nta": "Belmont Cragin", "boro": "Chicago"}}, {"type": "Feature", "geometry": {"type": "Polygon", "coordinates": [[[-87.783963, 41.927285], [-87.777933, 41.927326], [-87.777987, 41.931829], [-87.784018, 41.931788], [-87.783963, 41.927285]]]}, "properties": {"sq": "870_9284", "crime_n": 25, "crime_night_n": 10, "nta": "Belmont Cragin", "boro": "Chicago"}}, {"type": "Feature", "geometry": {"type": "Polygon", "coordinates": [[[-87.784018, 41.931788], [-87.777987, 41.931829], [-87.778042, 41.936332], [-87.784073, 41.936291], [-87.784018, 41.931788]]]}, "properties": {"sq": "870_9285", "crime_n": 5, "crime_night_n": 1, "nta": "Belmont Cragin", "boro": "Chicago"}}, {"type": "Feature", "geometry": {"type": "Polygon", "coordinates": [[[-87.784073, 41.936291], [-87.778042, 41.936332], [-87.778097, 41.940835], [-87.784128, 41.940794], [-87.784073, 41.936291]]]}, "properties": {"sq": "870_9286", "crime_n": 15, "crime_night_n": 7, "nta": "Dunning", "boro": "Chicago"}}, {"type": "Feature", "geometry": {"type": "Polygon", "coordinates": [[[-87.784128, 41.940794], [-87.778097, 41.940835], [-87.778152, 41.945338], [-87.784183, 41.945297], [-87.784128, 41.940794]]]}, "properties": {"sq": "870_9287", "crime_n": 4, "crime_night_n": 3, "nta": "Dunning", "boro": "Chicago"}}, {"type": "Feature", "geometry": {"type": "Polygon", "coordinates": [[[-87.784183, 41.945297], [-87.778152, 41.945338], [-87.778206, 41.949841], [-87.784238, 41.9498], [-87.784183, 41.945297]]]}, "properties": {"sq": "870_9288", "crime_n": 16, "crime_night_n": 6, "nta": "Dunning", "boro": "Chicago"}}, {"type": "Feature", "geometry": {"type": "Polygon", "coordinates": [[[-87.784238, 41.9498], [-87.778206, 41.949841], [-87.778261, 41.954344], [-87.784294, 41.954303], [-87.784238, 41.9498]]]}, "properties": {"sq": "870_9289", "crime_n": 17, "crime_night_n": 6, "nta": "Dunning", "boro": "Chicago"}}, {"type": "Feature", "geometry": {"type": "Polygon", "coordinates": [[[-87.784294, 41.954303], [-87.778261, 41.954344], [-87.778316, 41.958847], [-87.784349, 41.958806], [-87.784294, 41.954303]]]}, "properties": {"sq": "870_9290", "crime_n": 5, "crime_night_n": 0, "nta": "Portage Park", "boro": "Chicago"}}, {"type": "Feature", "geometry": {"type": "Polygon", "coordinates": [[[-87.784349, 41.958806], [-87.778316, 41.958847], [-87.778371, 41.96335], [-87.784404, 41.963309], [-87.784349, 41.958806]]]}, "properties": {"sq": "870_9291", "crime_n": 16, "crime_night_n": 5, "nta": "Portage Park", "boro": "Chicago"}}, {"type": "Feature", "geometry": {"type": "Polygon", "coordinates": [[[-87.784404, 41.963309], [-87.778371, 41.96335], [-87.778426, 41.967853], [-87.784459, 41.967812], [-87.784404, 41.963309]]]}, "properties": {"sq": "870_9292", "crime_n": 17, "crime_night_n": 2, "nta": "Portage Park", "boro": "Chicago"}}, {"type": "Feature", "geometry": {"type": "Polygon", "coordinates": [[[-87.784459, 41.967812], [-87.778426, 41.967853], [-87.77848, 41.972356], [-87.784515, 41.972315], [-87.784459, 41.967812]]]}, "properties": {"sq": "870_9293", "crime_n": 10, "crime_night_n": 4, "nta": "Jefferson Park", "boro": "Chicago"}}, {"type": "Feature", "geometry": {"type": "Polygon", "coordinates": [[[-87.784515, 41.972315], [-87.77848, 41.972356], [-87.778535, 41.976859], [-87.78457, 41.976818], [-87.784515, 41.972315]]]}, "properties": {"sq": "870_9294", "crime_n": 8, "crime_night_n": 3, "nta": "Jefferson Park", "boro": "Chicago"}}, {"type": "Feature", "geometry": {"type": "Polygon", "coordinates": [[[-87.78457, 41.976818], [-87.778535, 41.976859], [-87.77859, 41.981362], [-87.784625, 41.981321], [-87.78457, 41.976818]]]}, "properties": {"sq": "870_9295", "crime_n": 2, "crime_night_n": 2, "nta": "Jefferson Park", "boro": "Chicago"}}, {"type": "Feature", "geometry": {"type": "Polygon", "coordinates": [[[-87.784625, 41.981321], [-87.77859, 41.981362], [-87.778645, 41.985865], [-87.78468, 41.985824], [-87.784625, 41.981321]]]}, "properties": {"sq": "870_9296", "crime_n": 10, "crime_night_n": 4, "nta": "Norwood Park", "boro": "Chicago"}}, {"type": "Feature", "geometry": {"type": "Polygon", "coordinates": [[[-87.78468, 41.985824], [-87.778645, 41.985865], [-87.7787, 41.990368], [-87.784736, 41.990327], [-87.78468, 41.985824]]]}, "properties": {"sq": "870_9297", "crime_n": 6, "crime_night_n": 2, "nta": "Norwood Park", "boro": "Chicago"}}, {"type": "Feature", "geometry": {"type": "Polygon", "coordinates": [[[-87.784736, 41.990327], [-87.7787, 41.990368], [-87.778755, 41.994871], [-87.784791, 41.99483], [-87.784736, 41.990327]]]}, "properties": {"sq": "870_9298", "crime_n": 13, "crime_night_n": 5, "nta": "Norwood Park", "boro": "Chicago"}}, {"type": "Feature", "geometry": {"type": "Polygon", "coordinates": [[[-87.784791, 41.99483], [-87.778755, 41.994871], [-87.77881, 41.999374], [-87.784846, 41.999332], [-87.784791, 41.99483]]]}, "properties": {"sq": "870_9299", "crime_n": 3, "crime_night_n": 1, "nta": "Norwood Park", "boro": "Chicago"}}, {"type": "Feature", "geometry": {"type": "Polygon", "coordinates": [[[-87.784846, 41.999332], [-87.77881, 41.999374], [-87.778864, 42.003876], [-87.784902, 42.003835], [-87.784846, 41.999332]]]}, "properties": {"sq": "870_9300", "crime_n": 0, "crime_night_n": 0, "nta": "Norwood Park", "boro": "Chicago"}}, {"type": "Feature", "geometry": {"type": "Polygon", "coordinates": [[[-87.784902, 42.003835], [-87.778864, 42.003876], [-87.778919, 42.008379], [-87.784957, 42.008338], [-87.784902, 42.003835]]]}, "properties": {"sq": "870_9301", "crime_n": 1, "crime_night_n": 0, "nta": "Forest Glen", "boro": "Chicago"}}, {"type": "Feature", "geometry": {"type": "Polygon", "coordinates": [[[-87.784957, 42.008338], [-87.778919, 42.008379], [-87.778974, 42.012882], [-87.785012, 42.012841], [-87.784957, 42.008338]]]}, "properties": {"sq": "870_9302", "crime_n": 1, "crime_night_n": 0, "nta": "Forest Glen", "boro": "Chicago"}}, {"type": "Feature", "geometry": {"type": "Polygon", "coordinates": [[[-87.785012, 42.012841], [-87.778974, 42.012882], [-87.779029, 42.017385], [-87.785068, 42.017344], [-87.785012, 42.012841]]]}, "properties": {"sq": "870_9303", "crime_n": 0, "crime_night_n": 0, "nta": "Forest Glen", "boro": "Chicago"}}, {"type": "Feature", "geometry": {"type": "Polygon", "coordinates": [[[-87.776025, 41.76972], [-87.77001, 41.769761], [-87.770064, 41.774264], [-87.77608, 41.774223], [-87.776025, 41.76972]]]}, "properties": {"sq": "871_9249", "crime_n": 0, "crime_night_n": 0, "nta": "Clearing", "boro": "Chicago"}}, {"type": "Feature", "geometry": {"type": "Polygon", "coordinates": [[[-87.77608, 41.774223], [-87.770064, 41.774264], [-87.770118, 41.778767], [-87.776134, 41.778726], [-87.77608, 41.774223]]]}, "properties": {"sq": "871_9250", "crime_n": 12, "crime_night_n": 3, "nta": "Clearing", "boro": "Chicago"}}, {"type": "Feature", "geometry": {"type": "Polygon", "coordinates": [[[-87.776134, 41.778726], [-87.770118, 41.778767], [-87.770172, 41.78327], [-87.776188, 41.783229], [-87.776134, 41.778726]]]}, "properties": {"sq": "871_9251", "crime_n": 12, "crime_night_n": 3, "nta": "Clearing", "boro": "Chicago"}}, {"type": "Feature", "geometry": {"type": "Polygon", "coordinates": [[[-87.776188, 41.783229], [-87.770172, 41.78327], [-87.770226, 41.787773], [-87.776243, 41.787732], [-87.776188, 41.783229]]]}, "properties": {"sq": "871_9252", "crime_n": 3, "crime_night_n": 1, "nta": "Clearing", "boro": "Chicago"}}, {"type": "Feature", "geometry": {"type": "Polygon", "coordinates": [[[-87.776243, 41.787732], [-87.770226, 41.787773], [-87.77028, 41.792276], [-87.776297, 41.792236], [-87.776243, 41.787732]]]}, "properties": {"sq": "871_9253", "crime_n": 7, "crime_night_n": 3, "nta": "Garfield Ridge", "boro": "Chicago"}}, {"type": "Feature", "geometry": {"type": "Polygon", "coordinates": [[[-87.776297, 41.792236], [-87.77028, 41.792276], [-87.770334, 41.796779], [-87.776351, 41.796739], [-87.776297, 41.792236]]]}, "properties": {"sq": "871_9254", "crime_n": 15, "crime_night_n": 5, "nta": "Garfield Ridge", "boro": "Chicago"}}, {"type": "Feature", "geometry": {"type": "Polygon", "coordinates": [[[-87.776351, 41.796739], [-87.770334, 41.796779], [-87.770388, 41.801282], [-87.776406, 41.801242], [-87.776351, 41.796739]]]}, "properties": {"sq": "871_9255", "crime_n": 3, "crime_night_n": 1, "nta": "Garfield Ridge", "boro": "Chicago"}}, {"type": "Feature", "geometry": {"type": "Polygon", "coordinates": [[[-87.777168, 41.864284], [-87.771144, 41.864325], [-87.771198, 41.868828], [-87.777222, 41.868787], [-87.777168, 41.864284]]]}, "properties": {"sq": "871_9270", "crime_n": 42, "crime_night_n": 12, "nta": "Austin", "boro": "Chicago"}}, {"type": "Feature", "geometry": {"type": "Polygon", "coordinates": [[[-87.777222, 41.868787], [-87.771198, 41.868828], [-87.771252, 41.873331], [-87.777277, 41.87329], [-87.777222, 41.868787]]]}, "properties": {"sq": "871_9271", "crime_n": 6, "crime_night_n": 1, "nta": "Austin", "boro": "Chicago"}}, {"type": "Feature", "geometry": {"type": "Polygon", "coordinates": [[[-87.777277, 41.87329], [-87.771252, 41.873331], [-87.771306, 41.877834], [-87.777332, 41.877793], [-87.777277, 41.87329]]]}, "properties": {"sq": "871_9272", "crime_n": 8, "crime_night_n": 3, "nta": "Austin", "boro": "Chicago"}}, {"type": "Feature", "geometry": {"type": "Polygon", "coordinates": [[[-87.777332, 41.877793], [-87.771306, 41.877834], [-87.77136, 41.882337], [-87.777386, 41.882296], [-87.777332, 41.877793]]]}, "properties": {"sq": "871_9273", "crime_n": 82, "crime_night_n": 31, "nta": "Austin", "boro": "Chicago"}}, {"type": "Feature", "geometry": {"type": "Polygon", "coordinates": [[[-87.777386, 41.882296], [-87.77136, 41.882337], [-87.771415, 41.88684], [-87.777441, 41.886799], [-87.777386, 41.882296]]]}, "properties": {"sq": "871_9274", "crime_n": 49, "crime_night_n": 22, "nta": "Austin", "boro": "Chicago"}}, {"type": "Feature", "geometry": {"type": "Polygon", "coordinates": [[[-87.777441, 41.886799], [-87.771415, 41.88684], [-87.771469, 41.891343], [-87.777495, 41.891302], [-87.777441, 41.886799]]]}, "properties": {"sq": "871_9275", "crime_n": 33, "crime_night_n": 12, "nta": "Austin", "boro": "Chicago"}}, {"type": "Feature", "geometry": {"type": "Polygon", "coordinates": [[[-87.777495, 41.891302], [-87.771469, 41.891343], [-87.771523, 41.895846], [-87.77755, 41.895805], [-87.777495, 41.891302]]]}, "properties": {"sq": "871_9276", "crime_n": 36, "crime_night_n": 13, "nta": "Austin", "boro": "Chicago"}}, {"type": "Feature", "geometry": {"type": "Polygon", "coordinates": [[[-87.77755, 41.895805], [-87.771523, 41.895846], [-87.771577, 41.900349], [-87.777605, 41.900308], [-87.77755, 41.895805]]]}, "properties": {"sq": "871_9277", "crime_n": 24, "crime_night_n": 14, "nta": "Austin", "boro": "Chicago"}}, {"type": "Feature", "geometry": {"type": "Polygon", "coordinates": [[[-87.777605, 41.900308], [-87.771577, 41.900349], [-87.771631, 41.904852], [-87.777659, 41.904811], [-87.777605, 41.900308]]]}, "properties": {"sq": "871_9278", "crime_n": 48, "crime_night_n": 23, "nta": "Austin", "boro": "Chicago"}}, {"type": "Feature", "geometry": {"type": "Polygon", "coordinates": [[[-87.777659, 41.904811], [-87.771631, 41.904852], [-87.771686, 41.909355], [-87.777714, 41.909314], [-87.777659, 41.904811]]]}, "properties": {"sq": "871_9279", "crime_n": 36, "crime_night_n": 13, "nta": "Austin", "boro": "Chicago"}}, {"type": "Feature", "geometry": {"type": "Polygon", "coordinates": [[[-87.777714, 41.909314], [-87.771686, 41.909355], [-87.77174, 41.913858], [-87.777769, 41.913817], [-87.777714, 41.909314]]]}, "properties": {"sq": "871_9280", "crime_n": 56, "crime_night_n": 33, "nta": "Austin", "boro": "Chicago"}}, {"type": "Feature", "geometry": {"type": "Polygon", "coordinates": [[[-87.777769, 41.913817], [-87.77174, 41.913858], [-87.771794, 41.918361], [-87.777823, 41.91832], [-87.777769, 41.913817]]]}, "properties": {"sq": "871_9281", "crime_n": 22, "crime_night_n": 7, "nta": "Austin", "boro": "Chicago"}}, {"type": "Feature", "geometry": {"type": "Polygon", "coordinates": [[[-87.777823, 41.91832], [-87.771794, 41.918361], [-87.771848, 41.922864], [-87.777878, 41.922823], [-87.777823, 41.91832]]]}, "properties": {"sq": "871_9282", "crime_n": 40, "crime_night_n": 17, "nta": "Belmont Cragin", "boro": "Chicago"}}, {"type": "Feature", "geometry": {"type": "Polygon", "coordinates": [[[-87.777878, 41.922823], [-87.771848, 41.922864], [-87.771903, 41.927367], [-87.777933, 41.927326], [-87.777878, 41.922823]]]}, "properties": {"sq": "871_9283", "crime_n": 27, "crime_night_n": 8, "nta": "Belmont Cragin", "boro": "Chicago"}}, {"type": "Feature", "geometry": {"type": "Polygon", "coordinates": [[[-87.777933, 41.927326], [-87.771903, 41.927367], [-87.771957, 41.93187], [-87.777987, 41.931829], [-87.777933, 41.927326]]]}, "properties": {"sq": "871_9284", "crime_n": 34, "crime_night_n": 13, "nta": "Belmont Cragin", "boro": "Chicago"}}, {"type": "Feature", "geometry": {"type": "Polygon", "coordinates": [[[-87.777987, 41.931829], [-87.771957, 41.93187], [-87.772011, 41.936373], [-87.778042, 41.936332], [-87.777987, 41.931829]]]}, "properties": {"sq": "871_9285", "crime_n": 19, "crime_night_n": 5, "nta": "Belmont Cragin", "boro": "Chicago"}}, {"type": "Feature", "geometry": {"type": "Polygon", "coordinates": [[[-87.778042, 41.936332], [-87.772011, 41.936373], [-87.772066, 41.940876], [-87.778097, 41.940835], [-87.778042, 41.936332]]]}, "properties": {"sq": "871_9286", "crime_n": 20, "crime_night_n": 9, "nta": "Belmont Cragin", "boro": "Chicago"}}, {"type": "Feature", "geometry": {"type": "Polygon", "coordinates": [[[-87.778097, 41.940835], [-87.772066, 41.940876], [-87.77212, 41.945379], [-87.778152, 41.945338], [-87.778097, 41.940835]]]}, "properties": {"sq": "871_9287", "crime_n": 13, "crime_night_n": 4, "nta": "Portage Park", "boro": "Chicago"}}, {"type": "Feature", "geometry": {"type": "Polygon", "coordinates": [[[-87.778152, 41.945338], [-87.77212, 41.945379], [-87.772174, 41.949882], [-87.778206, 41.949841], [-87.778152, 41.945338]]]}, "properties": {"sq": "871_9288", "crime_n": 16, "crime_night_n": 7, "nta": "Dunning", "boro": "Chicago"}}, {"type": "Feature", "geometry": {"type": "Polygon", "coordinates": [[[-87.778206, 41.949841], [-87.772174, 41.949882], [-87.772229, 41.954385], [-87.778261, 41.954344], [-87.778206, 41.949841]]]}, "properties": {"sq": "871_9289", "crime_n": 19, "crime_night_n": 9, "nta": "Portage Park", "boro": "Chicago"}}, {"type": "Feature", "geometry": {"type": "Polygon", "coordinates": [[[-87.778261, 41.954344], [-87.772229, 41.954385], [-87.772283, 41.958888], [-87.778316, 41.958847], [-87.778261, 41.954344]]]}, "properties": {"sq": "871_9290", "crime_n": 7, "crime_night_n": 3, "nta": "Portage Park", "boro": "Chicago"}}, {"type": "Feature", "geometry": {"type": "Polygon", "coordinates": [[[-87.778316, 41.958847], [-87.772283, 41.958888], [-87.772337, 41.963391], [-87.778371, 41.96335], [-87.778316, 41.958847]]]}, "properties": {"sq": "871_9291", "crime_n": 16, "crime_night_n": 7, "nta": "Portage Park", "boro": "Chicago"}}, {"type": "Feature", "geometry": {"type": "Polygon", "coordinates": [[[-87.778371, 41.96335], [-87.772337, 41.963391], [-87.772392, 41.967894], [-87.778426, 41.967853], [-87.778371, 41.96335]]]}, "properties": {"sq": "871_9292", "crime_n": 20, "crime_night_n": 11, "nta": "Portage Park", "boro": "Chicago"}}, {"type": "Feature", "geometry": {"type": "Polygon", "coordinates": [[[-87.778426, 41.967853], [-87.772392, 41.967894], [-87.772446, 41.972397], [-87.77848, 41.972356], [-87.778426, 41.967853]]]}, "properties": {"sq": "871_9293", "crime_n": 10, "crime_night_n": 3, "nta": "Jefferson Park", "boro": "Chicago"}}, {"type": "Feature", "geometry": {"type": "Polygon", "coordinates": [[[-87.77848, 41.972356], [-87.772446, 41.972397], [-87.772501, 41.9769], [-87.778535, 41.976859], [-87.77848, 41.972356]]]}, "properties": {"sq": "871_9294", "crime_n": 5, "crime_night_n": 3, "nta": "Jefferson Park", "boro": "Chicago"}}, {"type": "Feature", "geometry": {"type": "Polygon", "coordinates": [[[-87.778535, 41.976859], [-87.772501, 41.9769], [-87.772555, 41.981403], [-87.77859, 41.981362], [-87.778535, 41.976859]]]}, "properties": {"sq": "871_9295", "crime_n": 10, "crime_night_n": 4, "nta": "Jefferson Park", "boro": "Chicago"}}, {"type": "Feature", "geometry": {"type": "Polygon", "coordinates": [[[-87.77859, 41.981362], [-87.772555, 41.981403], [-87.772609, 41.985906], [-87.778645, 41.985865], [-87.77859, 41.981362]]]}, "properties": {"sq": "871_9296", "crime_n": 14, "crime_night_n": 7, "nta": "Jefferson Park", "boro": "Chicago"}}, {"type": "Feature", "geometry": {"type": "Polygon", "coordinates": [[[-87.778645, 41.985865], [-87.772609, 41.985906], [-87.772664, 41.990408], [-87.7787, 41.990368], [-87.778645, 41.985865]]]}, "properties": {"sq": "871_9297", "crime_n": 6, "crime_night_n": 2, "nta": "Jefferson Park", "boro": "Chicago"}}, {"type": "Feature", "geometry": {"type": "Polygon", "coordinates": [[[-87.7787, 41.990368], [-87.772664, 41.990408], [-87.772718, 41.994911], [-87.778755, 41.994871], [-87.7787, 41.990368]]]}, "properties": {"sq": "871_9298", "crime_n": 0, "crime_night_n": 0, "nta": "Jefferson Park", "boro": "Chicago"}}, {"type": "Feature", "geometry": {"type": "Polygon", "coordinates": [[[-87.778755, 41.994871], [-87.772718, 41.994911], [-87.772773, 41.999414], [-87.77881, 41.999374], [-87.778755, 41.994871]]]}, "properties": {"sq": "871_9299", "crime_n": 0, "crime_night_n": 0, "nta": "Forest Glen", "boro": "Chicago"}}, {"type": "Feature", "geometry": {"type": "Polygon", "coordinates": [[[-87.77881, 41.999374], [-87.772773, 41.999414], [-87.772827, 42.003917], [-87.778864, 42.003876], [-87.77881, 41.999374]]]}, "properties": {"sq": "871_9300", "crime_n": 0, "crime_night_n": 0, "nta": "Forest Glen", "boro": "Chicago"}}, {"type": "Feature", "geometry": {"type": "Polygon", "coordinates": [[[-87.778864, 42.003876], [-87.772827, 42.003917], [-87.772882, 42.00842], [-87.778919, 42.008379], [-87.778864, 42.003876]]]}, "properties": {"sq": "871_9301", "crime_n": 0, "crime_night_n": 0, "nta": "Forest Glen", "boro": "Chicago"}}, {"type": "Feature", "geometry": {"type": "Polygon", "coordinates": [[[-87.778919, 42.008379], [-87.772882, 42.00842], [-87.772936, 42.012923], [-87.778974, 42.012882], [-87.778919, 42.008379]]]}, "properties": {"sq": "871_9302", "crime_n": 2, "crime_night_n": 0, "nta": "Forest Glen", "boro": "Chicago"}}, {"type": "Feature", "geometry": {"type": "Polygon", "coordinates": [[[-87.778974, 42.012882], [-87.772936, 42.012923], [-87.772991, 42.017426], [-87.779029, 42.017385], [-87.778974, 42.012882]]]}, "properties": {"sq": "871_9303", "crime_n": 0, "crime_night_n": 0, "nta": "Forest Glen", "boro": "Chicago"}}, {"type": "Feature", "geometry": {"type": "Polygon", "coordinates": [[[-87.770064, 41.774264], [-87.764049, 41.774304], [-87.764102, 41.778807], [-87.770118, 41.778767], [-87.770064, 41.774264]]]}, "properties": {"sq": "872_9250", "crime_n": 11, "crime_night_n": 5, "nta": "Clearing", "boro": "Chicago"}}, {"type": "Feature", "geometry": {"type": "Polygon", "coordinates": [[[-87.770118, 41.778767], [-87.764102, 41.778807], [-87.764155, 41.78331], [-87.770172, 41.78327], [-87.770118, 41.778767]]]}, "properties": {"sq": "872_9251", "crime_n": 18, "crime_night_n": 10, "nta": "Clearing", "boro": "Chicago"}}, {"type": "Feature", "geometry": {"type": "Polygon", "coordinates": [[[-87.770172, 41.78327], [-87.764155, 41.78331], [-87.764209, 41.787813], [-87.770226, 41.787773], [-87.770172, 41.78327]]]}, "properties": {"sq": "872_9252", "crime_n": 5, "crime_night_n": 3, "nta": "Clearing", "boro": "Chicago"}}, {"type": "Feature", "geometry": {"type": "Polygon", "coordinates": [[[-87.770226, 41.787773], [-87.764209, 41.787813], [-87.764262, 41.792316], [-87.77028, 41.792276], [-87.770226, 41.787773]]]}, "properties": {"sq": "872_9253", "crime_n": 8, "crime_night_n": 3, "nta": "Garfield Ridge", "boro": "Chicago"}}, {"type": "Feature", "geometry": {"type": "Polygon", "coordinates": [[[-87.77028, 41.792276], [-87.764262, 41.792316], [-87.764316, 41.796819], [-87.770334, 41.796779], [-87.77028, 41.792276]]]}, "properties": {"sq": "872_9254", "crime_n": 10, "crime_night_n": 5, "nta": "Garfield Ridge", "boro": "Chicago"}}, {"type": "Feature", "geometry": {"type": "Polygon", "coordinates": [[[-87.770334, 41.796779], [-87.764316, 41.796819], [-87.764369, 41.801322], [-87.770388, 41.801282], [-87.770334, 41.796779]]]}, "properties": {"sq": "872_9255", "crime_n": 4, "crime_night_n": 1, "nta": "Garfield Ridge", "boro": "Chicago"}}, {"type": "Feature", "geometry": {"type": "Polygon", "coordinates": [[[-87.771144, 41.864325], [-87.76512, 41.864365], [-87.765174, 41.868868], [-87.771198, 41.868828], [-87.771144, 41.864325]]]}, "properties": {"sq": "872_9270", "crime_n": 22, "crime_night_n": 10, "nta": "Austin", "boro": "Chicago"}}, {"type": "Feature", "geometry": {"type": "Polygon", "coordinates": [[[-87.771198, 41.868828], [-87.765174, 41.868868], [-87.765227, 41.873371], [-87.771252, 41.873331], [-87.771198, 41.868828]]]}, "properties": {"sq": "872_9271", "crime_n": 3, "crime_night_n": 2, "nta": "Austin", "boro": "Chicago"}}, {"type": "Feature", "geometry": {"type": "Polygon", "coordinates": [[[-87.771252, 41.873331], [-87.765227, 41.873371], [-87.765281, 41.877874], [-87.771306, 41.877834], [-87.771252, 41.873331]]]}, "properties": {"sq": "872_9272", "crime_n": 7, "crime_night_n": 2, "nta": "Austin", "boro": "Chicago"}}, {"type": "Feature", "geometry": {"type": "Polygon", "coordinates": [[[-87.771306, 41.877834], [-87.765281, 41.877874], [-87.765335, 41.882377], [-87.77136, 41.882337], [-87.771306, 41.877834]]]}, "properties": {"sq": "872_9273", "crime_n": 142, "crime_night_n": 64, "nta": "Austin", "boro": "Chicago"}}, {"type": "Feature", "geometry": {"type": "Polygon", "coordinates": [[[-87.77136, 41.882337], [-87.765335, 41.882377], [-87.765388, 41.88688], [-87.771415, 41.88684], [-87.77136, 41.882337]]]}, "properties": {"sq": "872_9274", "crime_n": 65, "crime_night_n": 27, "nta": "Austin", "boro": "Chicago"}}, {"type": "Feature", "geometry": {"type": "Polygon", "coordinates": [[[-87.771415, 41.88684], [-87.765388, 41.88688], [-87.765442, 41.891383], [-87.771469, 41.891343], [-87.771415, 41.88684]]]}, "properties": {"sq": "872_9275", "crime_n": 58, "crime_night_n": 29, "nta": "Austin", "boro": "Chicago"}}, {"type": "Feature", "geometry": {"type": "Polygon", "coordinates": [[[-87.771469, 41.891343], [-87.765442, 41.891383], [-87.765496, 41.895886], [-87.771523, 41.895846], [-87.771469, 41.891343]]]}, "properties": {"sq": "872_9276", "crime_n": 86, "crime_night_n": 26, "nta": "Austin", "boro": "Chicago"}}, {"type": "Feature", "geometry": {"type": "Polygon", "coordinates": [[[-87.771523, 41.895846], [-87.765496, 41.895886], [-87.76555, 41.900389], [-87.771577, 41.900349], [-87.771523, 41.895846]]]}, "properties": {"sq": "872_9277", "crime_n": 48, "crime_night_n": 21, "nta": "Austin", "boro": "Chicago"}}, {"type": "Feature", "geometry": {"type": "Polygon", "coordinates": [[[-87.771577, 41.900349], [-87.76555, 41.900389], [-87.765604, 41.904892], [-87.771631, 41.904852], [-87.771577, 41.900349]]]}, "properties": {"sq": "872_9278", "crime_n": 76, "crime_night_n": 36, "nta": "Austin", "boro": "Chicago"}}, {"type": "Feature", "geometry": {"type": "Polygon", "coordinates": [[[-87.771631, 41.904852], [-87.765604, 41.904892], [-87.765657, 41.909395], [-87.771686, 41.909355], [-87.771631, 41.904852]]]}, "properties": {"sq": "872_9279", "crime_n": 67, "crime_night_n": 26, "nta": "Austin", "boro": "Chicago"}}, {"type": "Feature", "geometry": {"type": "Polygon", "coordinates": [[[-87.771686, 41.909355], [-87.765657, 41.909395], [-87.765711, 41.913898], [-87.77174, 41.913858], [-87.771686, 41.909355]]]}, "properties": {"sq": "872_9280", "crime_n": 30, "crime_night_n": 10, "nta": "Austin", "boro": "Chicago"}}, {"type": "Feature", "geometry": {"type": "Polygon", "coordinates": [[[-87.77174, 41.913858], [-87.765711, 41.913898], [-87.765765, 41.918401], [-87.771794, 41.918361], [-87.77174, 41.913858]]]}, "properties": {"sq": "872_9281", "crime_n": 7, "crime_night_n": 4, "nta": "Belmont Cragin", "boro": "Chicago"}}, {"type": "Feature", "geometry": {"type": "Polygon", "coordinates": [[[-87.771794, 41.918361], [-87.765765, 41.918401], [-87.765819, 41.922904], [-87.771848, 41.922864], [-87.771794, 41.918361]]]}, "properties": {"sq": "872_9282", "crime_n": 84, "crime_night_n": 43, "nta": "Belmont Cragin", "boro": "Chicago"}}, {"type": "Feature", "geometry": {"type": "Polygon", "coordinates": [[[-87.771848, 41.922864], [-87.765819, 41.922904], [-87.765873, 41.927407], [-87.771903, 41.927367], [-87.771848, 41.922864]]]}, "properties": {"sq": "872_9283", "crime_n": 60, "crime_night_n": 26, "nta": "Belmont Cragin", "boro": "Chicago"}}, {"type": "Feature", "geometry": {"type": "Polygon", "coordinates": [[[-87.771903, 41.927367], [-87.765873, 41.927407], [-87.765927, 41.93191], [-87.771957, 41.93187], [-87.771903, 41.927367]]]}, "properties": {"sq": "872_9284", "crime_n": 49, "crime_night_n": 24, "nta": "Belmont Cragin", "boro": "Chicago"}}, {"type": "Feature", "geometry": {"type": "Polygon", "coordinates": [[[-87.771957, 41.93187], [-87.765927, 41.93191], [-87.76598, 41.936413], [-87.772011, 41.936373], [-87.771957, 41.93187]]]}, "properties": {"sq": "872_9285", "crime_n": 39, "crime_night_n": 13, "nta": "Belmont Cragin", "boro": "Chicago"}}, {"type": "Feature", "geometry": {"type": "Polygon", "coordinates": [[[-87.772011, 41.936373], [-87.76598, 41.936413], [-87.766034, 41.940916], [-87.772066, 41.940876], [-87.772011, 41.936373]]]}, "properties": {"sq": "872_9286", "crime_n": 78, "crime_night_n": 44, "nta": "Belmont Cragin", "boro": "Chicago"}}, {"type": "Feature", "geometry": {"type": "Polygon", "coordinates": [[[-87.772066, 41.940876], [-87.766034, 41.940916], [-87.766088, 41.945419], [-87.77212, 41.945379], [-87.772066, 41.940876]]]}, "properties": {"sq": "872_9287", "crime_n": 23, "crime_night_n": 10, "nta": "Portage Park", "boro": "Chicago"}}, {"type": "Feature", "geometry": {"type": "Polygon", "coordinates": [[[-87.77212, 41.945379], [-87.766088, 41.945419], [-87.766142, 41.949922], [-87.772174, 41.949882], [-87.77212, 41.945379]]]}, "properties": {"sq": "872_9288", "crime_n": 21, "crime_night_n": 7, "nta": "Portage Park", "boro": "Chicago"}}, {"type": "Feature", "geometry": {"type": "Polygon", "coordinates": [[[-87.772174, 41.949882], [-87.766142, 41.949922], [-87.766196, 41.954425], [-87.772229, 41.954385], [-87.772174, 41.949882]]]}, "properties": {"sq": "872_9289", "crime_n": 25, "crime_night_n": 8, "nta": "Portage Park", "boro": "Chicago"}}, {"type": "Feature", "geometry": {"type": "Polygon", "coordinates": [[[-87.772229, 41.954385], [-87.766196, 41.954425], [-87.76625, 41.958928], [-87.772283, 41.958888], [-87.772229, 41.954385]]]}, "properties": {"sq": "872_9290", "crime_n": 13, "crime_night_n": 5, "nta": "Portage Park", "boro": "Chicago"}}, {"type": "Feature", "geometry": {"type": "Polygon", "coordinates": [[[-87.772283, 41.958888], [-87.76625, 41.958928], [-87.766304, 41.963431], [-87.772337, 41.963391], [-87.772283, 41.958888]]]}, "properties": {"sq": "872_9291", "crime_n": 12, "crime_night_n": 6, "nta": "Portage Park", "boro": "Chicago"}}, {"type": "Feature", "geometry": {"type": "Polygon", "coordinates": [[[-87.772337, 41.963391], [-87.766304, 41.963431], [-87.766358, 41.967934], [-87.772392, 41.967894], [-87.772337, 41.963391]]]}, "properties": {"sq": "872_9292", "crime_n": 20, "crime_night_n": 6, "nta": "Portage Park", "boro": "Chicago"}}, {"type": "Feature", "geometry": {"type": "Polygon", "coordinates": [[[-87.772392, 41.967894], [-87.766358, 41.967934], [-87.766412, 41.972437], [-87.772446, 41.972397], [-87.772392, 41.967894]]]}, "properties": {"sq": "872_9293", "crime_n": 20, "crime_night_n": 14, "nta": "Jefferson Park", "boro": "Chicago"}}, {"type": "Feature", "geometry": {"type": "Polygon", "coordinates": [[[-87.772446, 41.972397], [-87.766412, 41.972437], [-87.766466, 41.97694], [-87.772501, 41.9769], [-87.772446, 41.972397]]]}, "properties": {"sq": "872_9294", "crime_n": 16, "crime_night_n": 6, "nta": "Jefferson Park", "boro": "Chicago"}}, {"type": "Feature", "geometry": {"type": "Polygon", "coordinates": [[[-87.772501, 41.9769], [-87.766466, 41.97694], [-87.76652, 41.981443], [-87.772555, 41.981403], [-87.772501, 41.9769]]]}, "properties": {"sq": "872_9295", "crime_n": 14, "crime_night_n": 6, "nta": "Jefferson Park", "boro": "Chicago"}}, {"type": "Feature", "geometry": {"type": "Polygon", "coordinates": [[[-87.772555, 41.981403], [-87.76652, 41.981443], [-87.766574, 41.985946], [-87.772609, 41.985906], [-87.772555, 41.981403]]]}, "properties": {"sq": "872_9296", "crime_n": 14, "crime_night_n": 7, "nta": "Jefferson Park", "boro": "Chicago"}}, {"type": "Feature", "geometry": {"type": "Polygon", "coordinates": [[[-87.772609, 41.985906], [-87.766574, 41.985946], [-87.766628, 41.990449], [-87.772664, 41.990408], [-87.772609, 41.985906]]]}, "properties": {"sq": "872_9297", "crime_n": 4, "crime_night_n": 3, "nta": "Jefferson Park", "boro": "Chicago"}}, {"type": "Feature", "geometry": {"type": "Polygon", "coordinates": [[[-87.772664, 41.990408], [-87.766628, 41.990449], [-87.766682, 41.994952], [-87.772718, 41.994911], [-87.772664, 41.990408]]]}, "properties": {"sq": "872_9298", "crime_n": 0, "crime_night_n": 0, "nta": "Forest Glen", "boro": "Chicago"}}, {"type": "Feature", "geometry": {"type": "Polygon", "coordinates": [[[-87.772718, 41.994911], [-87.766682, 41.994952], [-87.766736, 41.999455], [-87.772773, 41.999414], [-87.772718, 41.994911]]]}, "properties": {"sq": "872_9299", "crime_n": 1, "crime_night_n": 1, "nta": "Forest Glen", "boro": "Chicago"}}, {"type": "Feature", "geometry": {"type": "Polygon", "coordinates": [[[-87.772773, 41.999414], [-87.766736, 41.999455], [-87.76679, 42.003958], [-87.772827, 42.003917], [-87.772773, 41.999414]]]}, "properties": {"sq": "872_9300", "crime_n": 1, "crime_night_n": 1, "nta": "Forest Glen", "boro": "Chicago"}}, {"type": "Feature", "geometry": {"type": "Polygon", "coordinates": [[[-87.772827, 42.003917], [-87.76679, 42.003958], [-87.766844, 42.008461], [-87.772882, 42.00842], [-87.772827, 42.003917]]]}, "properties": {"sq": "872_9301", "crime_n": 0, "crime_night_n": 0, "nta": "Forest Glen", "boro": "Chicago"}}, {"type": "Feature", "geometry": {"type": "Polygon", "coordinates": [[[-87.772882, 42.00842], [-87.766844, 42.008461], [-87.766898, 42.012964], [-87.772936, 42.012923], [-87.772882, 42.00842]]]}, "properties": {"sq": "872_9302", "crime_n": 0, "crime_night_n": 0, "nta": "Forest Glen", "boro": "Chicago"}}, {"type": "Feature", "geometry": {"type": "Polygon", "coordinates": [[[-87.764049, 41.774304], [-87.758033, 41.774344], [-87.758086, 41.778847], [-87.764102, 41.778807], [-87.764049, 41.774304]]]}, "properties": {"sq": "873_9250", "crime_n": 25, "crime_night_n": 15, "nta": "Clearing", "boro": "Chicago"}}, {"type": "Feature", "geometry": {"type": "Polygon", "coordinates": [[[-87.764102, 41.778807], [-87.758086, 41.778847], [-87.758139, 41.78335], [-87.764155, 41.78331], [-87.764102, 41.778807]]]}, "properties": {"sq": "873_9251", "crime_n": 10, "crime_night_n": 8, "nta": "Clearing", "boro": "Chicago"}}, {"type": "Feature", "geometry": {"type": "Polygon", "coordinates": [[[-87.764155, 41.78331], [-87.758139, 41.78335], [-87.758192, 41.787853], [-87.764209, 41.787813], [-87.764155, 41.78331]]]}, "properties": {"sq": "873_9252", "crime_n": 0, "crime_night_n": 0, "nta": "Garfield Ridge", "boro": "Chicago"}}, {"type": "Feature", "geometry": {"type": "Polygon", "coordinates": [[[-87.764209, 41.787813], [-87.758192, 41.787853], [-87.758245, 41.792356], [-87.764262, 41.792316], [-87.764209, 41.787813]]]}, "properties": {"sq": "873_9253", "crime_n": 5, "crime_night_n": 0, "nta": "Garfield Ridge", "boro": "Chicago"}}, {"type": "Feature", "geometry": {"type": "Polygon", "coordinates": [[[-87.764262, 41.792316], [-87.758245, 41.792356], [-87.758298, 41.796859], [-87.764316, 41.796819], [-87.764262, 41.792316]]]}, "properties": {"sq": "873_9254", "crime_n": 16, "crime_night_n": 5, "nta": "Garfield Ridge", "boro": "Chicago"}}, {"type": "Feature", "geometry": {"type": "Polygon", "coordinates": [[[-87.764316, 41.796819], [-87.758298, 41.796859], [-87.758351, 41.801362], [-87.764369, 41.801322], [-87.764316, 41.796819]]]}, "properties": {"sq": "873_9255", "crime_n": 8, "crime_night_n": 4, "nta": "Garfield Ridge", "boro": "Chicago"}}, {"type": "Feature", "geometry": {"type": "Polygon", "coordinates": [[[-87.76512, 41.864365], [-87.759096, 41.864405], [-87.759149, 41.868908], [-87.765174, 41.868868], [-87.76512, 41.864365]]]}, "properties": {"sq": "873_9270", "crime_n": 10, "crime_night_n": 4, "nta": "Austin", "boro": "Chicago"}}, {"type": "Feature", "geometry": {"type": "Polygon", "coordinates": [[[-87.765174, 41.868868], [-87.759149, 41.868908], [-87.759202, 41.873411], [-87.765227, 41.873371], [-87.765174, 41.868868]]]}, "properties": {"sq": "873_9271", "crime_n": 42, "crime_night_n": 20, "nta": "Austin", "boro": "Chicago"}}, {"type": "Feature", "geometry": {"type": "Polygon", "coordinates": [[[-87.765227, 41.873371], [-87.759202, 41.873411], [-87.759256, 41.877914], [-87.765281, 41.877874], [-87.765227, 41.873371]]]}, "properties": {"sq": "873_9272", "crime_n": 138, "crime_night_n": 63, "nta": "Austin", "boro": "Chicago"}}, {"type": "Feature", "geometry": {"type": "Polygon", "coordinates": [[[-87.765281, 41.877874], [-87.759256, 41.877914], [-87.759309, 41.882417], [-87.765335, 41.882377], [-87.765281, 41.877874]]]}, "properties": {"sq": "873_9273", "crime_n": 157, "crime_night_n": 66, "nta": "Austin", "boro": "Chicago"}}, {"type": "Feature", "geometry": {"type": "Polygon", "coordinates": [[[-87.765335, 41.882377], [-87.759309, 41.882417], [-87.759362, 41.88692], [-87.765388, 41.88688], [-87.765335, 41.882377]]]}, "properties": {"sq": "873_9274", "crime_n": 168, "crime_night_n": 60, "nta": "Austin", "boro": "Chicago"}}, {"type": "Feature", "geometry": {"type": "Polygon", "coordinates": [[[-87.765388, 41.88688], [-87.759362, 41.88692], [-87.759416, 41.891423], [-87.765442, 41.891383], [-87.765388, 41.88688]]]}, "properties": {"sq": "873_9275", "crime_n": 127, "crime_night_n": 55, "nta": "Austin", "boro": "Chicago"}}, {"type": "Feature", "geometry": {"type": "Polygon", "coordinates": [[[-87.765442, 41.891383], [-87.759416, 41.891423], [-87.759469, 41.895926], [-87.765496, 41.895886], [-87.765442, 41.891383]]]}, "properties": {"sq": "873_9276", "crime_n": 86, "crime_night_n": 35, "nta": "Austin", "boro": "Chicago"}}, {"type": "Feature", "geometry": {"type": "Polygon", "coordinates": [[[-87.765496, 41.895886], [-87.759469, 41.895926], [-87.759522, 41.90043], [-87.76555, 41.900389], [-87.765496, 41.895886]]]}, "properties": {"sq": "873_9277", "crime_n": 59, "crime_night_n": 23, "nta": "Austin", "boro": "Chicago"}}, {"type": "Feature", "geometry": {"type": "Polygon", "coordinates": [[[-87.76555, 41.900389], [-87.759522, 41.90043], [-87.759576, 41.904933], [-87.765604, 41.904892], [-87.76555, 41.900389]]]}, "properties": {"sq": "873_9278", "crime_n": 61, "crime_night_n": 30, "nta": "Austin", "boro": "Chicago"}}, {"type": "Feature", "geometry": {"type": "Polygon", "coordinates": [[[-87.765604, 41.904892], [-87.759576, 41.904933], [-87.759629, 41.909436], [-87.765657, 41.909395], [-87.765604, 41.904892]]]}, "properties": {"sq": "873_9279", "crime_n": 70, "crime_night_n": 22, "nta": "Austin", "boro": "Chicago"}}, {"type": "Feature", "geometry": {"type": "Polygon", "coordinates": [[[-87.765657, 41.909395], [-87.759629, 41.909436], [-87.759682, 41.913939], [-87.765711, 41.913898], [-87.765657, 41.909395]]]}, "properties": {"sq": "873_9280", "crime_n": 78, "crime_night_n": 35, "nta": "Austin", "boro": "Chicago"}}, {"type": "Feature", "geometry": {"type": "Polygon", "coordinates": [[[-87.765711, 41.913898], [-87.759682, 41.913939], [-87.759736, 41.918442], [-87.765765, 41.918401], [-87.765711, 41.913898]]]}, "properties": {"sq": "873_9281", "crime_n": 19, "crime_night_n": 5, "nta": "Austin", "boro": "Chicago"}}, {"type": "Feature", "geometry": {"type": "Polygon", "coordinates": [[[-87.765765, 41.918401], [-87.759736, 41.918442], [-87.759789, 41.922945], [-87.765819, 41.922904], [-87.765765, 41.918401]]]}, "properties": {"sq": "873_9282", "crime_n": 16, "crime_night_n": 7, "nta": "Belmont Cragin", "boro": "Chicago"}}, {"type": "Feature", "geometry": {"type": "Polygon", "coordinates": [[[-87.765819, 41.922904], [-87.759789, 41.922945], [-87.759843, 41.927448], [-87.765873, 41.927407], [-87.765819, 41.922904]]]}, "properties": {"sq": "873_9283", "crime_n": 44, "crime_night_n": 16, "nta": "Belmont Cragin", "boro": "Chicago"}}, {"type": "Feature", "geometry": {"type": "Polygon", "coordinates": [[[-87.765873, 41.927407], [-87.759843, 41.927448], [-87.759896, 41.931951], [-87.765927, 41.93191], [-87.765873, 41.927407]]]}, "properties": {"sq": "873_9284", "crime_n": 48, "crime_night_n": 17, "nta": "Belmont Cragin", "boro": "Chicago"}}, {"type": "Feature", "geometry": {"type": "Polygon", "coordinates": [[[-87.765927, 41.93191], [-87.759896, 41.931951], [-87.75995, 41.936454], [-87.76598, 41.936413], [-87.765927, 41.93191]]]}, "properties": {"sq": "873_9285", "crime_n": 23, "crime_night_n": 10, "nta": "Belmont Cragin", "boro": "Chicago"}}, {"type": "Feature", "geometry": {"type": "Polygon", "coordinates": [[[-87.76598, 41.936413], [-87.75995, 41.936454], [-87.760003, 41.940956], [-87.766034, 41.940916], [-87.76598, 41.936413]]]}, "properties": {"sq": "873_9286", "crime_n": 46, "crime_night_n": 18, "nta": "Portage Park", "boro": "Chicago"}}, {"type": "Feature", "geometry": {"type": "Polygon", "coordinates": [[[-87.766034, 41.940916], [-87.760003, 41.940956], [-87.760057, 41.945459], [-87.766088, 41.945419], [-87.766034, 41.940916]]]}, "properties": {"sq": "873_9287", "crime_n": 20, "crime_night_n": 5, "nta": "Portage Park", "boro": "Chicago"}}, {"type": "Feature", "geometry": {"type": "Polygon", "coordinates": [[[-87.766088, 41.945419], [-87.760057, 41.945459], [-87.76011, 41.949962], [-87.766142, 41.949922], [-87.766088, 41.945419]]]}, "properties": {"sq": "873_9288", "crime_n": 13, "crime_night_n": 8, "nta": "Portage Park", "boro": "Chicago"}}, {"type": "Feature", "geometry": {"type": "Polygon", "coordinates": [[[-87.766142, 41.949922], [-87.76011, 41.949962], [-87.760164, 41.954465], [-87.766196, 41.954425], [-87.766142, 41.949922]]]}, "properties": {"sq": "873_9289", "crime_n": 13, "crime_night_n": 9, "nta": "Portage Park", "boro": "Chicago"}}, {"type": "Feature", "geometry": {"type": "Polygon", "coordinates": [[[-87.766196, 41.954425], [-87.760164, 41.954465], [-87.760217, 41.958968], [-87.76625, 41.958928], [-87.766196, 41.954425]]]}, "properties": {"sq": "873_9290", "crime_n": 22, "crime_night_n": 6, "nta": "Portage Park", "boro": "Chicago"}}, {"type": "Feature", "geometry": {"type": "Polygon", "coordinates": [[[-87.76625, 41.958928], [-87.760217, 41.958968], [-87.760271, 41.963471], [-87.766304, 41.963431], [-87.76625, 41.958928]]]}, "properties": {"sq": "873_9291", "crime_n": 15, "crime_night_n": 9, "nta": "Portage Park", "boro": "Chicago"}}, {"type": "Feature", "geometry": {"type": "Polygon", "coordinates": [[[-87.766304, 41.963431], [-87.760271, 41.963471], [-87.760324, 41.967974], [-87.766358, 41.967934], [-87.766304, 41.963431]]]}, "properties": {"sq": "873_9292", "crime_n": 9, "crime_night_n": 3, "nta": "Portage Park", "boro": "Chicago"}}, {"type": "Feature", "geometry": {"type": "Polygon", "coordinates": [[[-87.766358, 41.967934], [-87.760324, 41.967974], [-87.760378, 41.972477], [-87.766412, 41.972437], [-87.766358, 41.967934]]]}, "properties": {"sq": "873_9293", "crime_n": 45, "crime_night_n": 21, "nta": "Jefferson Park", "boro": "Chicago"}}, {"type": "Feature", "geometry": {"type": "Polygon", "coordinates": [[[-87.766412, 41.972437], [-87.760378, 41.972477], [-87.760431, 41.97698], [-87.766466, 41.97694], [-87.766412, 41.972437]]]}, "properties": {"sq": "873_9294", "crime_n": 9, "crime_night_n": 4, "nta": "Jefferson Park", "boro": "Chicago"}}, {"type": "Feature", "geometry": {"type": "Polygon", "coordinates": [[[-87.766466, 41.97694], [-87.760431, 41.97698], [-87.760485, 41.981483], [-87.76652, 41.981443], [-87.766466, 41.97694]]]}, "properties": {"sq": "873_9295", "crime_n": 13, "crime_night_n": 6, "nta": "Jefferson Park", "boro": "Chicago"}}, {"type": "Feature", "geometry": {"type": "Polygon", "coordinates": [[[-87.76652, 41.981443], [-87.760485, 41.981483], [-87.760538, 41.985986], [-87.766574, 41.985946], [-87.76652, 41.981443]]]}, "properties": {"sq": "873_9296", "crime_n": 5, "crime_night_n": 1, "nta": "Jefferson Park", "boro": "Chicago"}}, {"type": "Feature", "geometry": {"type": "Polygon", "coordinates": [[[-87.766574, 41.985946], [-87.760538, 41.985986], [-87.760592, 41.990489], [-87.766628, 41.990449], [-87.766574, 41.985946]]]}, "properties": {"sq": "873_9297", "crime_n": 2, "crime_night_n": 0, "nta": "Jefferson Park", "boro": "Chicago"}}, {"type": "Feature", "geometry": {"type": "Polygon", "coordinates": [[[-87.766628, 41.990449], [-87.760592, 41.990489], [-87.760646, 41.994992], [-87.766682, 41.994952], [-87.766628, 41.990449]]]}, "properties": {"sq": "873_9298", "crime_n": 1, "crime_night_n": 0, "nta": "Forest Glen", "boro": "Chicago"}}, {"type": "Feature", "geometry": {"type": "Polygon", "coordinates": [[[-87.766682, 41.994952], [-87.760646, 41.994992], [-87.760699, 41.999495], [-87.766736, 41.999455], [-87.766682, 41.994952]]]}, "properties": {"sq": "873_9299", "crime_n": 7, "crime_night_n": 4, "nta": "Forest Glen", "boro": "Chicago"}}, {"type": "Feature", "geometry": {"type": "Polygon", "coordinates": [[[-87.766736, 41.999455], [-87.760699, 41.999495], [-87.760753, 42.003998], [-87.76679, 42.003958], [-87.766736, 41.999455]]]}, "properties": {"sq": "873_9300", "crime_n": 2, "crime_night_n": 1, "nta": "Forest Glen", "boro": "Chicago"}}, {"type": "Feature", "geometry": {"type": "Polygon", "coordinates": [[[-87.76679, 42.003958], [-87.760753, 42.003998], [-87.760807, 42.008501], [-87.766844, 42.008461], [-87.76679, 42.003958]]]}, "properties": {"sq": "873_9301", "crime_n": 1, "crime_night_n": 0, "nta": "Forest Glen", "boro": "Chicago"}}, {"type": "Feature", "geometry": {"type": "Polygon", "coordinates": [[[-87.758033, 41.774344], [-87.752017, 41.774383], [-87.75207, 41.778886], [-87.758086, 41.778847], [-87.758033, 41.774344]]]}, "properties": {"sq": "874_9250", "crime_n": 19, "crime_night_n": 6, "nta": "Clearing", "boro": "Chicago"}}, {"type": "Feature", "geometry": {"type": "Polygon", "coordinates": [[[-87.758086, 41.778847], [-87.75207, 41.778886], [-87.752122, 41.783389], [-87.758139, 41.78335], [-87.758086, 41.778847]]]}, "properties": {"sq": "874_9251", "crime_n": 0, "crime_night_n": 0, "nta": "Clearing", "boro": "Chicago"}}, {"type": "Feature", "geometry": {"type": "Polygon", "coordinates": [[[-87.758139, 41.78335], [-87.752122, 41.783389], [-87.752175, 41.787893], [-87.758192, 41.787853], [-87.758139, 41.78335]]]}, "properties": {"sq": "874_9252", "crime_n": 0, "crime_night_n": 0, "nta": "Garfield Ridge", "boro": "Chicago"}}, {"type": "Feature", "geometry": {"type": "Polygon", "coordinates": [[[-87.758192, 41.787853], [-87.752175, 41.787893], [-87.752228, 41.792396], [-87.758245, 41.792356], [-87.758192, 41.787853]]]}, "properties": {"sq": "874_9253", "crime_n": 0, "crime_night_n": 0, "nta": "Garfield Ridge", "boro": "Chicago"}}, {"type": "Feature", "geometry": {"type": "Polygon", "coordinates": [[[-87.758245, 41.792356], [-87.752228, 41.792396], [-87.75228, 41.796899], [-87.758298, 41.796859], [-87.758245, 41.792356]]]}, "properties": {"sq": "874_9254", "crime_n": 22, "crime_night_n": 12, "nta": "Garfield Ridge", "boro": "Chicago"}}, {"type": "Feature", "geometry": {"type": "Polygon", "coordinates": [[[-87.758298, 41.796859], [-87.75228, 41.796899], [-87.752333, 41.801402], [-87.758351, 41.801362], [-87.758298, 41.796859]]]}, "properties": {"sq": "874_9255", "crime_n": 13, "crime_night_n": 5, "nta": "Garfield Ridge", "boro": "Chicago"}}, {"type": "Feature", "geometry": {"type": "Polygon", "coordinates": [[[-87.758351, 41.801362], [-87.752333, 41.801402], [-87.752386, 41.805905], [-87.758404, 41.805865], [-87.758351, 41.801362]]]}, "properties": {"sq": "874_9256", "crime_n": 1, "crime_night_n": 1, "nta": "Garfield Ridge", "boro": "Chicago"}}, {"type": "Feature", "geometry": {"type": "Polygon", "coordinates": [[[-87.758404, 41.805865], [-87.752386, 41.805905], [-87.752438, 41.810408], [-87.758457, 41.810368], [-87.758404, 41.805865]]]}, "properties": {"sq": "874_9257", "crime_n": 2, "crime_night_n": 0, "nta": "Garfield Ridge", "boro": "Chicago"}}, {"type": "Feature", "geometry": {"type": "Polygon", "coordinates": [[[-87.758457, 41.810368], [-87.752438, 41.810408], [-87.752491, 41.814911], [-87.758511, 41.814872], [-87.758457, 41.810368]]]}, "properties": {"sq": "874_9258", "crime_n": 0, "crime_night_n": 0, "nta": "Garfield Ridge", "boro": "Chicago"}}, {"type": "Feature", "geometry": {"type": "Polygon", "coordinates": [[[-87.759096, 41.864405], [-87.753072, 41.864445], [-87.753125, 41.868948], [-87.759149, 41.868908], [-87.759096, 41.864405]]]}, "properties": {"sq": "874_9270", "crime_n": 8, "crime_night_n": 3, "nta": "Austin", "boro": "Chicago"}}, {"type": "Feature", "geometry": {"type": "Polygon", "coordinates": [[[-87.759149, 41.868908], [-87.753125, 41.868948], [-87.753177, 41.873451], [-87.759202, 41.873411], [-87.759149, 41.868908]]]}, "properties": {"sq": "874_9271", "crime_n": 41, "crime_night_n": 18, "nta": "Austin", "boro": "Chicago"}}, {"type": "Feature", "geometry": {"type": "Polygon", "coordinates": [[[-87.759202, 41.873411], [-87.753177, 41.873451], [-87.75323, 41.877954], [-87.759256, 41.877914], [-87.759202, 41.873411]]]}, "properties": {"sq": "874_9272", "crime_n": 69, "crime_night_n": 32, "nta": "Austin", "boro": "Chicago"}}, {"type": "Feature", "geometry": {"type": "Polygon", "coordinates": [[[-87.759256, 41.877914], [-87.75323, 41.877954], [-87.753283, 41.882457], [-87.759309, 41.882417], [-87.759256, 41.877914]]]}, "properties": {"sq": "874_9273", "crime_n": 182, "crime_night_n": 86, "nta": "Austin", "boro": "Chicago"}}, {"type": "Feature", "geometry": {"type": "Polygon", "coordinates": [[[-87.759309, 41.882417], [-87.753283, 41.882457], [-87.753336, 41.88696], [-87.759362, 41.88692], [-87.759309, 41.882417]]]}, "properties": {"sq": "874_9274", "crime_n": 109, "crime_night_n": 56, "nta": "Austin", "boro": "Chicago"}}, {"type": "Feature", "geometry": {"type": "Polygon", "coordinates": [[[-87.759362, 41.88692], [-87.753336, 41.88696], [-87.753389, 41.891463], [-87.759416, 41.891423], [-87.759362, 41.88692]]]}, "properties": {"sq": "874_9275", "crime_n": 124, "crime_night_n": 53, "nta": "Austin", "boro": "Chicago"}}, {"type": "Feature", "geometry": {"type": "Polygon", "coordinates": [[[-87.759416, 41.891423], [-87.753389, 41.891463], [-87.753442, 41.895966], [-87.759469, 41.895926], [-87.759416, 41.891423]]]}, "properties": {"sq": "874_9276", "crime_n": 151, "crime_night_n": 73, "nta": "Austin", "boro": "Chicago"}}, {"type": "Feature", "geometry": {"type": "Polygon", "coordinates": [[[-87.759469, 41.895926], [-87.753442, 41.895966], [-87.753495, 41.900469], [-87.759522, 41.90043], [-87.759469, 41.895926]]]}, "properties": {"sq": "874_9277", "crime_n": 53, "crime_night_n": 33, "nta": "Austin", "boro": "Chicago"}}, {"type": "Feature", "geometry": {"type": "Polygon", "coordinates": [[[-87.759522, 41.90043], [-87.753495, 41.900469], [-87.753548, 41.904972], [-87.759576, 41.904933], [-87.759522, 41.90043]]]}, "properties": {"sq": "874_9278", "crime_n": 101, "crime_night_n": 39, "nta": "Austin", "boro": "Chicago"}}, {"type": "Feature", "geometry": {"type": "Polygon", "coordinates": [[[-87.759576, 41.904933], [-87.753548, 41.904972], [-87.753601, 41.909475], [-87.759629, 41.909436], [-87.759576, 41.904933]]]}, "properties": {"sq": "874_9279", "crime_n": 50, "crime_night_n": 24, "nta": "Austin", "boro": "Chicago"}}, {"type": "Feature", "geometry": {"type": "Polygon", "coordinates": [[[-87.759629, 41.909436], [-87.753601, 41.909475], [-87.753654, 41.913978], [-87.759682, 41.913939], [-87.759629, 41.909436]]]}, "properties": {"sq": "874_9280", "crime_n": 100, "crime_night_n": 46, "nta": "Austin", "boro": "Chicago"}}, {"type": "Feature", "geometry": {"type": "Polygon", "coordinates": [[[-87.759682, 41.913939], [-87.753654, 41.913978], [-87.753707, 41.918481], [-87.759736, 41.918442], [-87.759682, 41.913939]]]}, "properties": {"sq": "874_9281", "crime_n": 40, "crime_night_n": 13, "nta": "Belmont Cragin", "boro": "Chicago"}}, {"type": "Feature", "geometry": {"type": "Polygon", "coordinates": [[[-87.759736, 41.918442], [-87.753707, 41.918481], [-87.75376, 41.922984], [-87.759789, 41.922945], [-87.759736, 41.918442]]]}, "properties": {"sq": "874_9282", "crime_n": 43, "crime_night_n": 19, "nta": "Belmont Cragin", "boro": "Chicago"}}, {"type": "Feature", "geometry": {"type": "Polygon", "coordinates": [[[-87.759789, 41.922945], [-87.75376, 41.922984], [-87.753813, 41.927487], [-87.759843, 41.927448], [-87.759789, 41.922945]]]}, "properties": {"sq": "874_9283", "crime_n": 42, "crime_night_n": 24, "nta": "Belmont Cragin", "boro": "Chicago"}}, {"type": "Feature", "geometry": {"type": "Polygon", "coordinates": [[[-87.759843, 41.927448], [-87.753813, 41.927487], [-87.753866, 41.93199], [-87.759896, 41.931951], [-87.759843, 41.927448]]]}, "properties": {"sq": "874_9284", "crime_n": 58, "crime_night_n": 23, "nta": "Belmont Cragin", "boro": "Chicago"}}, {"type": "Feature", "geometry": {"type": "Polygon", "coordinates": [[[-87.759896, 41.931951], [-87.753866, 41.93199], [-87.753919, 41.936493], [-87.75995, 41.936454], [-87.759896, 41.931951]]]}, "properties": {"sq": "874_9285", "crime_n": 39, "crime_night_n": 16, "nta": "Belmont Cragin", "boro": "Chicago"}}, {"type": "Feature", "geometry": {"type": "Polygon", "coordinates": [[[-87.75995, 41.936454], [-87.753919, 41.936493], [-87.753972, 41.940996], [-87.760003, 41.940956], [-87.75995, 41.936454]]]}, "properties": {"sq": "874_9286", "crime_n": 38, "crime_night_n": 20, "nta": "Portage Park", "boro": "Chicago"}}, {"type": "Feature", "geometry": {"type": "Polygon", "coordinates": [[[-87.760003, 41.940956], [-87.753972, 41.940996], [-87.754025, 41.945499], [-87.760057, 41.945459], [-87.760003, 41.940956]]]}, "properties": {"sq": "874_9287", "crime_n": 17, "crime_night_n": 5, "nta": "Portage Park", "boro": "Chicago"}}, {"type": "Feature", "geometry": {"type": "Polygon", "coordinates": [[[-87.760057, 41.945459], [-87.754025, 41.945499], [-87.754078, 41.950002], [-87.76011, 41.949962], [-87.760057, 41.945459]]]}, "properties": {"sq": "874_9288", "crime_n": 18, "crime_night_n": 6, "nta": "Portage Park", "boro": "Chicago"}}, {"type": "Feature", "geometry": {"type": "Polygon", "coordinates": [[[-87.76011, 41.949962], [-87.754078, 41.950002], [-87.754131, 41.954505], [-87.760164, 41.954465], [-87.76011, 41.949962]]]}, "properties": {"sq": "874_9289", "crime_n": 17, "crime_night_n": 10, "nta": "Portage Park", "boro": "Chicago"}}, {"type": "Feature", "geometry": {"type": "Polygon", "coordinates": [[[-87.760164, 41.954465], [-87.754131, 41.954505], [-87.754184, 41.959008], [-87.760217, 41.958968], [-87.760164, 41.954465]]]}, "properties": {"sq": "874_9290", "crime_n": 13, "crime_night_n": 8, "nta": "Portage Park", "boro": "Chicago"}}, {"type": "Feature", "geometry": {"type": "Polygon", "coordinates": [[[-87.760217, 41.958968], [-87.754184, 41.959008], [-87.754237, 41.963511], [-87.760271, 41.963471], [-87.760217, 41.958968]]]}, "properties": {"sq": "874_9291", "crime_n": 13, "crime_night_n": 6, "nta": "Portage Park", "boro": "Chicago"}}, {"type": "Feature", "geometry": {"type": "Polygon", "coordinates": [[[-87.760271, 41.963471], [-87.754237, 41.963511], [-87.75429, 41.968014], [-87.760324, 41.967974], [-87.760271, 41.963471]]]}, "properties": {"sq": "874_9292", "crime_n": 20, "crime_night_n": 8, "nta": "Portage Park", "boro": "Chicago"}}, {"type": "Feature", "geometry": {"type": "Polygon", "coordinates": [[[-87.760324, 41.967974], [-87.75429, 41.968014], [-87.754343, 41.972517], [-87.760378, 41.972477], [-87.760324, 41.967974]]]}, "properties": {"sq": "874_9293", "crime_n": 11, "crime_night_n": 1, "nta": "Jefferson Park", "boro": "Chicago"}}, {"type": "Feature", "geometry": {"type": "Polygon", "coordinates": [[[-87.760378, 41.972477], [-87.754343, 41.972517], [-87.754397, 41.97702], [-87.760431, 41.97698], [-87.760378, 41.972477]]]}, "properties": {"sq": "874_9294", "crime_n": 15, "crime_night_n": 4, "nta": "Jefferson Park", "boro": "Chicago"}}, {"type": "Feature", "geometry": {"type": "Polygon", "coordinates": [[[-87.760431, 41.97698], [-87.754397, 41.97702], [-87.75445, 41.981523], [-87.760485, 41.981483], [-87.760431, 41.97698]]]}, "properties": {"sq": "874_9295", "crime_n": 8, "crime_night_n": 4, "nta": "Jefferson Park", "boro": "Chicago"}}, {"type": "Feature", "geometry": {"type": "Polygon", "coordinates": [[[-87.760485, 41.981483], [-87.75445, 41.981523], [-87.754503, 41.986026], [-87.760538, 41.985986], [-87.760485, 41.981483]]]}, "properties": {"sq": "874_9296", "crime_n": 0, "crime_night_n": 0, "nta": "Forest Glen", "boro": "Chicago"}}, {"type": "Feature", "geometry": {"type": "Polygon", "coordinates": [[[-87.760538, 41.985986], [-87.754503, 41.986026], [-87.754556, 41.990529], [-87.760592, 41.990489], [-87.760538, 41.985986]]]}, "properties": {"sq": "874_9297", "crime_n": 0, "crime_night_n": 0, "nta": "Forest Glen", "boro": "Chicago"}}, {"type": "Feature", "geometry": {"type": "Polygon", "coordinates": [[[-87.760592, 41.990489], [-87.754556, 41.990529], [-87.754609, 41.995032], [-87.760646, 41.994992], [-87.760592, 41.990489]]]}, "properties": {"sq": "874_9298", "crime_n": 0, "crime_night_n": 0, "nta": "Forest Glen", "boro": "Chicago"}}, {"type": "Feature", "geometry": {"type": "Polygon", "coordinates": [[[-87.760646, 41.994992], [-87.754609, 41.995032], [-87.754662, 41.999535], [-87.760699, 41.999495], [-87.760646, 41.994992]]]}, "properties": {"sq": "874_9299", "crime_n": 1, "crime_night_n": 0, "nta": "Forest Glen", "boro": "Chicago"}}, {"type": "Feature", "geometry": {"type": "Polygon", "coordinates": [[[-87.760699, 41.999495], [-87.754662, 41.999535], [-87.754716, 42.004038], [-87.760753, 42.003998], [-87.760699, 41.999495]]]}, "properties": {"sq": "874_9300", "crime_n": 0, "crime_night_n": 0, "nta": "Forest Glen", "boro": "Chicago"}}, {"type": "Feature", "geometry": {"type": "Polygon", "coordinates": [[[-87.752017, 41.774383], [-87.746002, 41.774422], [-87.746054, 41.778926], [-87.75207, 41.778886], [-87.752017, 41.774383]]]}, "properties": {"sq": "875_9250", "crime_n": 6, "crime_night_n": 5, "nta": "Clearing", "boro": "Chicago"}}, {"type": "Feature", "geometry": {"type": "Polygon", "coordinates": [[[-87.75207, 41.778886], [-87.746054, 41.778926], [-87.746106, 41.783429], [-87.752122, 41.783389], [-87.75207, 41.778886]]]}, "properties": {"sq": "875_9251", "crime_n": 1, "crime_night_n": 0, "nta": "Clearing", "boro": "Chicago"}}, {"type": "Feature", "geometry": {"type": "Polygon", "coordinates": [[[-87.752122, 41.783389], [-87.746106, 41.783429], [-87.746158, 41.787932], [-87.752175, 41.787893], [-87.752122, 41.783389]]]}, "properties": {"sq": "875_9252", "crime_n": 0, "crime_night_n": 0, "nta": "Garfield Ridge", "boro": "Chicago"}}, {"type": "Feature", "geometry": {"type": "Polygon", "coordinates": [[[-87.752175, 41.787893], [-87.746158, 41.787932], [-87.74621, 41.792435], [-87.752228, 41.792396], [-87.752175, 41.787893]]]}, "properties": {"sq": "875_9253", "crime_n": 0, "crime_night_n": 0, "nta": "Garfield Ridge", "boro": "Chicago"}}, {"type": "Feature", "geometry": {"type": "Polygon", "coordinates": [[[-87.752228, 41.792396], [-87.74621, 41.792435], [-87.746263, 41.796938], [-87.75228, 41.796899], [-87.752228, 41.792396]]]}, "properties": {"sq": "875_9254", "crime_n": 1, "crime_night_n": 1, "nta": "Garfield Ridge", "boro": "Chicago"}}, {"type": "Feature", "geometry": {"type": "Polygon", "coordinates": [[[-87.75228, 41.796899], [-87.746263, 41.796938], [-87.746315, 41.801441], [-87.752333, 41.801402], [-87.75228, 41.796899]]]}, "properties": {"sq": "875_9255", "crime_n": 16, "crime_night_n": 11, "nta": "Garfield Ridge", "boro": "Chicago"}}, {"type": "Feature", "geometry": {"type": "Polygon", "coordinates": [[[-87.752333, 41.801402], [-87.746315, 41.801441], [-87.746367, 41.805944], [-87.752386, 41.805905], [-87.752333, 41.801402]]]}, "properties": {"sq": "875_9256", "crime_n": 16, "crime_night_n": 6, "nta": "Garfield Ridge", "boro": "Chicago"}}, {"type": "Feature", "geometry": {"type": "Polygon", "coordinates": [[[-87.752386, 41.805905], [-87.746367, 41.805944], [-87.746419, 41.810447], [-87.752438, 41.810408], [-87.752386, 41.805905]]]}, "properties": {"sq": "875_9257", "crime_n": 15, "crime_night_n": 7, "nta": "Garfield Ridge", "boro": "Chicago"}}, {"type": "Feature", "geometry": {"type": "Polygon", "coordinates": [[[-87.752438, 41.810408], [-87.746419, 41.810447], [-87.746472, 41.81495], [-87.752491, 41.814911], [-87.752438, 41.810408]]]}, "properties": {"sq": "875_9258", "crime_n": 19, "crime_night_n": 7, "nta": "Garfield Ridge", "boro": "Chicago"}}, {"type": "Feature", "geometry": {"type": "Polygon", "coordinates": [[[-87.752491, 41.814911], [-87.746472, 41.81495], [-87.746524, 41.819454], [-87.752544, 41.819414], [-87.752491, 41.814911]]]}, "properties": {"sq": "875_9259", "crime_n": 0, "crime_night_n": 0, "nta": "Garfield Ridge", "boro": "Chicago"}}, {"type": "Feature", "geometry": {"type": "Polygon", "coordinates": [[[-87.753072, 41.864445], [-87.747048, 41.864484], [-87.7471, 41.868987], [-87.753125, 41.868948], [-87.753072, 41.864445]]]}, "properties": {"sq": "875_9270", "crime_n": 4, "crime_night_n": 1, "nta": "Austin", "boro": "Chicago"}}, {"type": "Feature", "geometry": {"type": "Polygon", "coordinates": [[[-87.753125, 41.868948], [-87.7471, 41.868987], [-87.747153, 41.87349], [-87.753177, 41.873451], [-87.753125, 41.868948]]]}, "properties": {"sq": "875_9271", "crime_n": 24, "crime_night_n": 11, "nta": "Austin", "boro": "Chicago"}}, {"type": "Feature", "geometry": {"type": "Polygon", "coordinates": [[[-87.753177, 41.873451], [-87.747153, 41.87349], [-87.747205, 41.877993], [-87.75323, 41.877954], [-87.753177, 41.873451]]]}, "properties": {"sq": "875_9272", "crime_n": 110, "crime_night_n": 45, "nta": "Austin", "boro": "Chicago"}}, {"type": "Feature", "geometry": {"type": "Polygon", "coordinates": [[[-87.75323, 41.877954], [-87.747205, 41.877993], [-87.747257, 41.882496], [-87.753283, 41.882457], [-87.75323, 41.877954]]]}, "properties": {"sq": "875_9273", "crime_n": 217, "crime_night_n": 76, "nta": "Austin", "boro": "Chicago"}}, {"type": "Feature", "geometry": {"type": "Polygon", "coordinates": [[[-87.753283, 41.882457], [-87.747257, 41.882496], [-87.74731, 41.887], [-87.753336, 41.88696], [-87.753283, 41.882457]]]}, "properties": {"sq": "875_9274", "crime_n": 97, "crime_night_n": 51, "nta": "Austin", "boro": "Chicago"}}, {"type": "Feature", "geometry": {"type": "Polygon", "coordinates": [[[-87.753336, 41.88696], [-87.74731, 41.887], [-87.747362, 41.891503], [-87.753389, 41.891463], [-87.753336, 41.88696]]]}, "properties": {"sq": "875_9275", "crime_n": 80, "crime_night_n": 36, "nta": "Austin", "boro": "Chicago"}}, {"type": "Feature", "geometry": {"type": "Polygon", "coordinates": [[[-87.753389, 41.891463], [-87.747362, 41.891503], [-87.747415, 41.896006], [-87.753442, 41.895966], [-87.753389, 41.891463]]]}, "properties": {"sq": "875_9276", "crime_n": 94, "crime_night_n": 43, "nta": "Austin", "boro": "Chicago"}}, {"type": "Feature", "geometry": {"type": "Polygon", "coordinates": [[[-87.753442, 41.895966], [-87.747415, 41.896006], [-87.747467, 41.900509], [-87.753495, 41.900469], [-87.753442, 41.895966]]]}, "properties": {"sq": "875_9277", "crime_n": 91, "crime_night_n": 36, "nta": "Austin", "boro": "Chicago"}}, {"type": "Feature", "geometry": {"type": "Polygon", "coordinates": [[[-87.753495, 41.900469], [-87.747467, 41.900509], [-87.74752, 41.905012], [-87.753548, 41.904972], [-87.753495, 41.900469]]]}, "properties": {"sq": "875_9278", "crime_n": 71, "crime_night_n": 23, "nta": "Austin", "boro": "Chicago"}}, {"type": "Feature", "geometry": {"type": "Polygon", "coordinates": [[[-87.753548, 41.904972], [-87.74752, 41.905012], [-87.747572, 41.909515], [-87.753601, 41.909475], [-87.753548, 41.904972]]]}, "properties": {"sq": "875_9279", "crime_n": 16, "crime_night_n": 6, "nta": "Austin", "boro": "Chicago"}}, {"type": "Feature", "geometry": {"type": "Polygon", "coordinates": [[[-87.753601, 41.909475], [-87.747572, 41.909515], [-87.747625, 41.914018], [-87.753654, 41.913978], [-87.753601, 41.909475]]]}, "properties": {"sq": "875_9280", "crime_n": 82, "crime_night_n": 42, "nta": "Austin", "boro": "Chicago"}}, {"type": "Feature", "geometry": {"type": "Polygon", "coordinates": [[[-87.753654, 41.913978], [-87.747625, 41.914018], [-87.747678, 41.918521], [-87.753707, 41.918481], [-87.753654, 41.913978]]]}, "properties": {"sq": "875_9281", "crime_n": 52, "crime_night_n": 23, "nta": "Belmont Cragin", "boro": "Chicago"}}, {"type": "Feature", "geometry": {"type": "Polygon", "coordinates": [[[-87.753707, 41.918481], [-87.747678, 41.918521], [-87.74773, 41.923024], [-87.75376, 41.922984], [-87.753707, 41.918481]]]}, "properties": {"sq": "875_9282", "crime_n": 51, "crime_night_n": 27, "nta": "Belmont Cragin", "boro": "Chicago"}}, {"type": "Feature", "geometry": {"type": "Polygon", "coordinates": [[[-87.75376, 41.922984], [-87.74773, 41.923024], [-87.747783, 41.927527], [-87.753813, 41.927487], [-87.75376, 41.922984]]]}, "properties": {"sq": "875_9283", "crime_n": 38, "crime_night_n": 22, "nta": "Belmont Cragin", "boro": "Chicago"}}, {"type": "Feature", "geometry": {"type": "Polygon", "coordinates": [[[-87.753813, 41.927487], [-87.747783, 41.927527], [-87.747835, 41.93203], [-87.753866, 41.93199], [-87.753813, 41.927487]]]}, "properties": {"sq": "875_9284", "crime_n": 19, "crime_night_n": 7, "nta": "Belmont Cragin", "boro": "Chicago"}}, {"type": "Feature", "geometry": {"type": "Polygon", "coordinates": [[[-87.753866, 41.93199], [-87.747835, 41.93203], [-87.747888, 41.936533], [-87.753919, 41.936493], [-87.753866, 41.93199]]]}, "properties": {"sq": "875_9285", "crime_n": 28, "crime_night_n": 13, "nta": "Belmont Cragin", "boro": "Chicago"}}, {"type": "Feature", "geometry": {"type": "Polygon", "coordinates": [[[-87.753919, 41.936493], [-87.747888, 41.936533], [-87.747941, 41.941036], [-87.753972, 41.940996], [-87.753919, 41.936493]]]}, "properties": {"sq": "875_9286", "crime_n": 30, "crime_night_n": 14, "nta": "Belmont Cragin", "boro": "Chicago"}}, {"type": "Feature", "geometry": {"type": "Polygon", "coordinates": [[[-87.753972, 41.940996], [-87.747941, 41.941036], [-87.747993, 41.945539], [-87.754025, 41.945499], [-87.753972, 41.940996]]]}, "properties": {"sq": "875_9287", "crime_n": 21, "crime_night_n": 7, "nta": "Portage Park", "boro": "Chicago"}}, {"type": "Feature", "geometry": {"type": "Polygon", "coordinates": [[[-87.754025, 41.945499], [-87.747993, 41.945539], [-87.748046, 41.950042], [-87.754078, 41.950002], [-87.754025, 41.945499]]]}, "properties": {"sq": "875_9288", "crime_n": 12, "crime_night_n": 5, "nta": "Portage Park", "boro": "Chicago"}}, {"type": "Feature", "geometry": {"type": "Polygon", "coordinates": [[[-87.754078, 41.950002], [-87.748046, 41.950042], [-87.748098, 41.954545], [-87.754131, 41.954505], [-87.754078, 41.950002]]]}, "properties": {"sq": "875_9289", "crime_n": 25, "crime_night_n": 11, "nta": "Portage Park", "boro": "Chicago"}}, {"type": "Feature", "geometry": {"type": "Polygon", "coordinates": [[[-87.754131, 41.954505], [-87.748098, 41.954545], [-87.748151, 41.959048], [-87.754184, 41.959008], [-87.754131, 41.954505]]]}, "properties": {"sq": "875_9290", "crime_n": 19, "crime_night_n": 3, "nta": "Portage Park", "boro": "Chicago"}}, {"type": "Feature", "geometry": {"type": "Polygon", "coordinates": [[[-87.754184, 41.959008], [-87.748151, 41.959048], [-87.748204, 41.963551], [-87.754237, 41.963511], [-87.754184, 41.959008]]]}, "properties": {"sq": "875_9291", "crime_n": 18, "crime_night_n": 7, "nta": "Portage Park", "boro": "Chicago"}}, {"type": "Feature", "geometry": {"type": "Polygon", "coordinates": [[[-87.754237, 41.963511], [-87.748204, 41.963551], [-87.748257, 41.968054], [-87.75429, 41.968014], [-87.754237, 41.963511]]]}, "properties": {"sq": "875_9292", "crime_n": 12, "crime_night_n": 7, "nta": "Portage Park", "boro": "Chicago"}}, {"type": "Feature", "geometry": {"type": "Polygon", "coordinates": [[[-87.75429, 41.968014], [-87.748257, 41.968054], [-87.748309, 41.972557], [-87.754343, 41.972517], [-87.75429, 41.968014]]]}, "properties": {"sq": "875_9293", "crime_n": 8, "crime_night_n": 5, "nta": "Forest Glen", "boro": "Chicago"}}, {"type": "Feature", "geometry": {"type": "Polygon", "coordinates": [[[-87.754343, 41.972517], [-87.748309, 41.972557], [-87.748362, 41.97706], [-87.754397, 41.97702], [-87.754343, 41.972517]]]}, "properties": {"sq": "875_9294", "crime_n": 8, "crime_night_n": 3, "nta": "Forest Glen", "boro": "Chicago"}}, {"type": "Feature", "geometry": {"type": "Polygon", "coordinates": [[[-87.754397, 41.97702], [-87.748362, 41.97706], [-87.748415, 41.981563], [-87.75445, 41.981523], [-87.754397, 41.97702]]]}, "properties": {"sq": "875_9295", "crime_n": 7, "crime_night_n": 4, "nta": "Forest Glen", "boro": "Chicago"}}, {"type": "Feature", "geometry": {"type": "Polygon", "coordinates": [[[-87.75445, 41.981523], [-87.748415, 41.981563], [-87.748467, 41.986065], [-87.754503, 41.986026], [-87.75445, 41.981523]]]}, "properties": {"sq": "875_9296", "crime_n": 1, "crime_night_n": 0, "nta": "Forest Glen", "boro": "Chicago"}}, {"type": "Feature", "geometry": {"type": "Polygon", "coordinates": [[[-87.754503, 41.986026], [-87.748467, 41.986065], [-87.74852, 41.990568], [-87.754556, 41.990529], [-87.754503, 41.986026]]]}, "properties": {"sq": "875_9297", "crime_n": 1, "crime_night_n": 0, "nta": "Forest Glen", "boro": "Chicago"}}, {"type": "Feature", "geometry": {"type": "Polygon", "coordinates": [[[-87.754556, 41.990529], [-87.74852, 41.990568], [-87.748573, 41.995071], [-87.754609, 41.995032], [-87.754556, 41.990529]]]}, "properties": {"sq": "875_9298", "crime_n": 3, "crime_night_n": 1, "nta": "Forest Glen", "boro": "Chicago"}}, {"type": "Feature", "geometry": {"type": "Polygon", "coordinates": [[[-87.754609, 41.995032], [-87.748573, 41.995071], [-87.748626, 41.999574], [-87.754662, 41.999535], [-87.754609, 41.995032]]]}, "properties": {"sq": "875_9299", "crime_n": 0, "crime_night_n": 0, "nta": "Forest Glen", "boro": "Chicago"}}, {"type": "Feature", "geometry": {"type": "Polygon", "coordinates": [[[-87.744908, 41.679856], [-87.738902, 41.679895], [-87.738953, 41.684398], [-87.74496, 41.684359], [-87.744908, 41.679856]]]}, "properties": {"sq": "876_9229", "crime_n": 0, "crime_night_n": 0, "nta": "Mount Greenwood", "boro": "Chicago"}}, {"type": "Feature", "geometry": {"type": "Polygon", "coordinates": [[[-87.74496, 41.684359], [-87.738953, 41.684398], [-87.739005, 41.688901], [-87.745012, 41.688862], [-87.74496, 41.684359]]]}, "properties": {"sq": "876_9230", "crime_n": 0, "crime_night_n": 0, "nta": "Mount Greenwood", "boro": "Chicago"}}, {"type": "Feature", "geometry": {"type": "Polygon", "coordinates": [[[-87.745012, 41.688862], [-87.739005, 41.688901], [-87.739056, 41.693404], [-87.745064, 41.693366], [-87.745012, 41.688862]]]}, "properties": {"sq": "876_9231", "crime_n": 1, "crime_night_n": 0, "nta": "Mount Greenwood", "boro": "Chicago"}}, {"type": "Feature", "geometry": {"type": "Polygon", "coordinates": [[[-87.745532, 41.733894], [-87.739521, 41.733933], [-87.739572, 41.738436], [-87.745585, 41.738397], [-87.745532, 41.733894]]]}, "properties": {"sq": "876_9241", "crime_n": 0, "crime_night_n": 0, "nta": "Ashburn", "boro": "Chicago"}}, {"type": "Feature", "geometry": {"type": "Polygon", "coordinates": [[[-87.745585, 41.738397], [-87.739572, 41.738436], [-87.739624, 41.742939], [-87.745637, 41.7429], [-87.745585, 41.738397]]]}, "properties": {"sq": "876_9242", "crime_n": 9, "crime_night_n": 2, "nta": "Ashburn", "boro": "Chicago"}}, {"type": "Feature", "geometry": {"type": "Polygon", "coordinates": [[[-87.745637, 41.7429], [-87.739624, 41.742939], [-87.739676, 41.747442], [-87.745689, 41.747404], [-87.745637, 41.7429]]]}, "properties": {"sq": "876_9243", "crime_n": 2, "crime_night_n": 0, "nta": "Ashburn", "boro": "Chicago"}}, {"type": "Feature", "geometry": {"type": "Polygon", "coordinates": [[[-87.745689, 41.747404], [-87.739676, 41.747442], [-87.739727, 41.751946], [-87.745741, 41.751907], [-87.745689, 41.747404]]]}, "properties": {"sq": "876_9244", "crime_n": 17, "crime_night_n": 4, "nta": "Ashburn", "boro": "Chicago"}}, {"type": "Feature", "geometry": {"type": "Polygon", "coordinates": [[[-87.745741, 41.751907], [-87.739727, 41.751946], [-87.739779, 41.756449], [-87.745793, 41.75641], [-87.745741, 41.751907]]]}, "properties": {"sq": "876_9245", "crime_n": 36, "crime_night_n": 6, "nta": "West Lawn", "boro": "Chicago"}}, {"type": "Feature", "geometry": {"type": "Polygon", "coordinates": [[[-87.745793, 41.75641], [-87.739779, 41.756449], [-87.739831, 41.760952], [-87.745845, 41.760913], [-87.745793, 41.75641]]]}, "properties": {"sq": "876_9246", "crime_n": 10, "crime_night_n": 4, "nta": "West Lawn", "boro": "Chicago"}}, {"type": "Feature", "geometry": {"type": "Polygon", "coordinates": [[[-87.745845, 41.760913], [-87.739831, 41.760952], [-87.739882, 41.765455], [-87.745897, 41.765416], [-87.745845, 41.760913]]]}, "properties": {"sq": "876_9247", "crime_n": 1, "crime_night_n": 0, "nta": "West Lawn", "boro": "Chicago"}}, {"type": "Feature", "geometry": {"type": "Polygon", "coordinates": [[[-87.745897, 41.765416], [-87.739882, 41.765455], [-87.739934, 41.769958], [-87.745949, 41.769919], [-87.745897, 41.765416]]]}, "properties": {"sq": "876_9248", "crime_n": 1, "crime_night_n": 1, "nta": "West Lawn", "boro": "Chicago"}}, {"type": "Feature", "geometry": {"type": "Polygon", "coordinates": [[[-87.745949, 41.769919], [-87.739934, 41.769958], [-87.739986, 41.774461], [-87.746002, 41.774422], [-87.745949, 41.769919]]]}, "properties": {"sq": "876_9249", "crime_n": 13, "crime_night_n": 4, "nta": "Clearing", "boro": "Chicago"}}, {"type": "Feature", "geometry": {"type": "Polygon", "coordinates": [[[-87.746002, 41.774422], [-87.739986, 41.774461], [-87.740038, 41.778964], [-87.746054, 41.778926], [-87.746002, 41.774422]]]}, "properties": {"sq": "876_9250", "crime_n": 19, "crime_night_n": 6, "nta": "Clearing", "boro": "Chicago"}}, {"type": "Feature", "geometry": {"type": "Polygon", "coordinates": [[[-87.746054, 41.778926], [-87.740038, 41.778964], [-87.74009, 41.783468], [-87.746106, 41.783429], [-87.746054, 41.778926]]]}, "properties": {"sq": "876_9251", "crime_n": 8, "crime_night_n": 5, "nta": "Clearing", "boro": "Chicago"}}, {"type": "Feature", "geometry": {"type": "Polygon", "coordinates": [[[-87.746106, 41.783429], [-87.74009, 41.783468], [-87.740141, 41.787971], [-87.746158, 41.787932], [-87.746106, 41.783429]]]}, "properties": {"sq": "876_9252", "crime_n": 3, "crime_night_n": 0, "nta": "Clearing", "boro": "Chicago"}}, {"type": "Feature", "geometry": {"type": "Polygon", "coordinates": [[[-87.746158, 41.787932], [-87.740141, 41.787971], [-87.740193, 41.792474], [-87.74621, 41.792435], [-87.746158, 41.787932]]]}, "properties": {"sq": "876_9253", "crime_n": 24, "crime_night_n": 11, "nta": "Garfield Ridge", "boro": "Chicago"}}, {"type": "Feature", "geometry": {"type": "Polygon", "coordinates": [[[-87.74621, 41.792435], [-87.740193, 41.792474], [-87.740245, 41.796977], [-87.746263, 41.796938], [-87.74621, 41.792435]]]}, "properties": {"sq": "876_9254", "crime_n": 16, "crime_night_n": 4, "nta": "Garfield Ridge", "boro": "Chicago"}}, {"type": "Feature", "geometry": {"type": "Polygon", "coordinates": [[[-87.746263, 41.796938], [-87.740245, 41.796977], [-87.740297, 41.80148], [-87.746315, 41.801441], [-87.746263, 41.796938]]]}, "properties": {"sq": "876_9255", "crime_n": 42, "crime_night_n": 21, "nta": "Garfield Ridge", "boro": "Chicago"}}, {"type": "Feature", "geometry": {"type": "Polygon", "coordinates": [[[-87.746315, 41.801441], [-87.740297, 41.80148], [-87.740349, 41.805983], [-87.746367, 41.805944], [-87.746315, 41.801441]]]}, "properties": {"sq": "876_9256", "crime_n": 52, "crime_night_n": 27, "nta": "Garfield Ridge", "boro": "Chicago"}}, {"type": "Feature", "geometry": {"type": "Polygon", "coordinates": [[[-87.746367, 41.805944], [-87.740349, 41.805983], [-87.7404, 41.810486], [-87.746419, 41.810447], [-87.746367, 41.805944]]]}, "properties": {"sq": "876_9257", "crime_n": 36, "crime_night_n": 17, "nta": "Garfield Ridge", "boro": "Chicago"}}, {"type": "Feature", "geometry": {"type": "Polygon", "coordinates": [[[-87.746419, 41.810447], [-87.7404, 41.810486], [-87.740452, 41.814989], [-87.746472, 41.81495], [-87.746419, 41.810447]]]}, "properties": {"sq": "876_9258", "crime_n": 19, "crime_night_n": 6, "nta": "Garfield Ridge", "boro": "Chicago"}}, {"type": "Feature", "geometry": {"type": "Polygon", "coordinates": [[[-87.746472, 41.81495], [-87.740452, 41.814989], [-87.740504, 41.819492], [-87.746524, 41.819454], [-87.746472, 41.81495]]]}, "properties": {"sq": "876_9259", "crime_n": 8, "crime_night_n": 2, "nta": "Garfield Ridge", "boro": "Chicago"}}, {"type": "Feature", "geometry": {"type": "Polygon", "coordinates": [[[-87.746524, 41.819454], [-87.740504, 41.819492], [-87.740556, 41.823996], [-87.746576, 41.823957], [-87.746524, 41.819454]]]}, "properties": {"sq": "876_9260", "crime_n": 1, "crime_night_n": 0, "nta": "Garfield Ridge", "boro": "Chicago"}}, {"type": "Feature", "geometry": {"type": "Polygon", "coordinates": [[[-87.747048, 41.864484], [-87.741024, 41.864523], [-87.741076, 41.869026], [-87.7471, 41.868987], [-87.747048, 41.864484]]]}, "properties": {"sq": "876_9270", "crime_n": 24, "crime_night_n": 14, "nta": "Austin", "boro": "Chicago"}}, {"type": "Feature", "geometry": {"type": "Polygon", "coordinates": [[[-87.7471, 41.868987], [-87.741076, 41.869026], [-87.741128, 41.873529], [-87.747153, 41.87349], [-87.7471, 41.868987]]]}, "properties": {"sq": "876_9271", "crime_n": 147, "crime_night_n": 78, "nta": "Austin", "boro": "Chicago"}}, {"type": "Feature", "geometry": {"type": "Polygon", "coordinates": [[[-87.747153, 41.87349], [-87.741128, 41.873529], [-87.74118, 41.878032], [-87.747205, 41.877993], [-87.747153, 41.87349]]]}, "properties": {"sq": "876_9272", "crime_n": 193, "crime_night_n": 89, "nta": "Austin", "boro": "Chicago"}}, {"type": "Feature", "geometry": {"type": "Polygon", "coordinates": [[[-87.747205, 41.877993], [-87.74118, 41.878032], [-87.741232, 41.882536], [-87.747257, 41.882496], [-87.747205, 41.877993]]]}, "properties": {"sq": "876_9273", "crime_n": 163, "crime_night_n": 73, "nta": "Austin", "boro": "Chicago"}}, {"type": "Feature", "geometry": {"type": "Polygon", "coordinates": [[[-87.747257, 41.882496], [-87.741232, 41.882536], [-87.741284, 41.887039], [-87.74731, 41.887], [-87.747257, 41.882496]]]}, "properties": {"sq": "876_9274", "crime_n": 143, "crime_night_n": 67, "nta": "Austin", "boro": "Chicago"}}, {"type": "Feature", "geometry": {"type": "Polygon", "coordinates": [[[-87.74731, 41.887], [-87.741284, 41.887039], [-87.741336, 41.891542], [-87.747362, 41.891503], [-87.74731, 41.887]]]}, "properties": {"sq": "876_9275", "crime_n": 43, "crime_night_n": 16, "nta": "Austin", "boro": "Chicago"}}, {"type": "Feature", "geometry": {"type": "Polygon", "coordinates": [[[-87.747362, 41.891503], [-87.741336, 41.891542], [-87.741388, 41.896045], [-87.747415, 41.896006], [-87.747362, 41.891503]]]}, "properties": {"sq": "876_9276", "crime_n": 84, "crime_night_n": 34, "nta": "Austin", "boro": "Chicago"}}, {"type": "Feature", "geometry": {"type": "Polygon", "coordinates": [[[-87.747415, 41.896006], [-87.741388, 41.896045], [-87.74144, 41.900548], [-87.747467, 41.900509], [-87.747415, 41.896006]]]}, "properties": {"sq": "876_9277", "crime_n": 57, "crime_night_n": 24, "nta": "Austin", "boro": "Chicago"}}, {"type": "Feature", "geometry": {"type": "Polygon", "coordinates": [[[-87.747467, 41.900509], [-87.74144, 41.900548], [-87.741492, 41.905051], [-87.74752, 41.905012], [-87.747467, 41.900509]]]}, "properties": {"sq": "876_9278", "crime_n": 34, "crime_night_n": 13, "nta": "Austin", "boro": "Chicago"}}, {"type": "Feature", "geometry": {"type": "Polygon", "coordinates": [[[-87.74752, 41.905012], [-87.741492, 41.905051], [-87.741544, 41.909554], [-87.747572, 41.909515], [-87.74752, 41.905012]]]}, "properties": {"sq": "876_9279", "crime_n": 34, "crime_night_n": 13, "nta": "Austin", "boro": "Chicago"}}, {"type": "Feature", "geometry": {"type": "Polygon", "coordinates": [[[-87.747572, 41.909515], [-87.741544, 41.909554], [-87.741596, 41.914057], [-87.747625, 41.914018], [-87.747572, 41.909515]]]}, "properties": {"sq": "876_9280", "crime_n": 131, "crime_night_n": 58, "nta": "Austin", "boro": "Chicago"}}, {"type": "Feature", "geometry": {"type": "Polygon", "coordinates": [[[-87.747625, 41.914018], [-87.741596, 41.914057], [-87.741648, 41.91856], [-87.747678, 41.918521], [-87.747625, 41.914018]]]}, "properties": {"sq": "876_9281", "crime_n": 90, "crime_night_n": 34, "nta": "Belmont Cragin", "boro": "Chicago"}}, {"type": "Feature", "geometry": {"type": "Polygon", "coordinates": [[[-87.747678, 41.918521], [-87.741648, 41.91856], [-87.741701, 41.923063], [-87.74773, 41.923024], [-87.747678, 41.918521]]]}, "properties": {"sq": "876_9282", "crime_n": 41, "crime_night_n": 24, "nta": "Belmont Cragin", "boro": "Chicago"}}, {"type": "Feature", "geometry": {"type": "Polygon", "coordinates": [[[-87.74773, 41.923024], [-87.741701, 41.923063], [-87.741753, 41.927566], [-87.747783, 41.927527], [-87.74773, 41.923024]]]}, "properties": {"sq": "876_9283", "crime_n": 54, "crime_night_n": 28, "nta": "Belmont Cragin", "boro": "Chicago"}}, {"type": "Feature", "geometry": {"type": "Polygon", "coordinates": [[[-87.747783, 41.927527], [-87.741753, 41.927566], [-87.741805, 41.932069], [-87.747835, 41.93203], [-87.747783, 41.927527]]]}, "properties": {"sq": "876_9284", "crime_n": 67, "crime_night_n": 20, "nta": "Belmont Cragin", "boro": "Chicago"}}, {"type": "Feature", "geometry": {"type": "Polygon", "coordinates": [[[-87.747835, 41.93203], [-87.741805, 41.932069], [-87.741857, 41.936572], [-87.747888, 41.936533], [-87.747835, 41.93203]]]}, "properties": {"sq": "876_9285", "crime_n": 38, "crime_night_n": 22, "nta": "Belmont Cragin", "boro": "Chicago"}}, {"type": "Feature", "geometry": {"type": "Polygon", "coordinates": [[[-87.747888, 41.936533], [-87.741857, 41.936572], [-87.741909, 41.941075], [-87.747941, 41.941036], [-87.747888, 41.936533]]]}, "properties": {"sq": "876_9286", "crime_n": 51, "crime_night_n": 20, "nta": "Belmont Cragin", "boro": "Chicago"}}, {"type": "Feature", "geometry": {"type": "Polygon", "coordinates": [[[-87.747941, 41.941036], [-87.741909, 41.941075], [-87.741961, 41.945578], [-87.747993, 41.945539], [-87.747941, 41.941036]]]}, "properties": {"sq": "876_9287", "crime_n": 27, "crime_night_n": 15, "nta": "Portage Park", "boro": "Chicago"}}, {"type": "Feature", "geometry": {"type": "Polygon", "coordinates": [[[-87.747993, 41.945539], [-87.741961, 41.945578], [-87.742014, 41.950081], [-87.748046, 41.950042], [-87.747993, 41.945539]]]}, "properties": {"sq": "876_9288", "crime_n": 23, "crime_night_n": 10, "nta": "Portage Park", "boro": "Chicago"}}, {"type": "Feature", "geometry": {"type": "Polygon", "coordinates": [[[-87.748046, 41.950042], [-87.742014, 41.950081], [-87.742066, 41.954584], [-87.748098, 41.954545], [-87.748046, 41.950042]]]}, "properties": {"sq": "876_9289", "crime_n": 30, "crime_night_n": 9, "nta": "Portage Park", "boro": "Chicago"}}, {"type": "Feature", "geometry": {"type": "Polygon", "coordinates": [[[-87.748098, 41.954545], [-87.742066, 41.954584], [-87.742118, 41.959087], [-87.748151, 41.959048], [-87.748098, 41.954545]]]}, "properties": {"sq": "876_9290", "crime_n": 19, "crime_night_n": 3, "nta": "Portage Park", "boro": "Chicago"}}, {"type": "Feature", "geometry": {"type": "Polygon", "coordinates": [[[-87.748151, 41.959048], [-87.742118, 41.959087], [-87.74217, 41.96359], [-87.748204, 41.963551], [-87.748151, 41.959048]]]}, "properties": {"sq": "876_9291", "crime_n": 20, "crime_night_n": 9, "nta": "Portage Park", "boro": "Chicago"}}, {"type": "Feature", "geometry": {"type": "Polygon", "coordinates": [[[-87.748204, 41.963551], [-87.74217, 41.96359], [-87.742223, 41.968093], [-87.748257, 41.968054], [-87.748204, 41.963551]]]}, "properties": {"sq": "876_9292", "crime_n": 16, "crime_night_n": 7, "nta": "Irving Park", "boro": "Chicago"}}, {"type": "Feature", "geometry": {"type": "Polygon", "coordinates": [[[-87.748257, 41.968054], [-87.742223, 41.968093], [-87.742275, 41.972596], [-87.748309, 41.972557], [-87.748257, 41.968054]]]}, "properties": {"sq": "876_9293", "crime_n": 10, "crime_night_n": 5, "nta": "Albany Park", "boro": "Chicago"}}, {"type": "Feature", "geometry": {"type": "Polygon", "coordinates": [[[-87.748309, 41.972557], [-87.742275, 41.972596], [-87.742327, 41.977099], [-87.748362, 41.97706], [-87.748309, 41.972557]]]}, "properties": {"sq": "876_9294", "crime_n": 9, "crime_night_n": 3, "nta": "Albany Park", "boro": "Chicago"}}, {"type": "Feature", "geometry": {"type": "Polygon", "coordinates": [[[-87.748362, 41.97706], [-87.742327, 41.977099], [-87.74238, 41.981602], [-87.748415, 41.981563], [-87.748362, 41.97706]]]}, "properties": {"sq": "876_9295", "crime_n": 1, "crime_night_n": 1, "nta": "Forest Glen", "boro": "Chicago"}}, {"type": "Feature", "geometry": {"type": "Polygon", "coordinates": [[[-87.748415, 41.981563], [-87.74238, 41.981602], [-87.742432, 41.986105], [-87.748467, 41.986065], [-87.748415, 41.981563]]]}, "properties": {"sq": "876_9296", "crime_n": 3, "crime_night_n": 0, "nta": "Forest Glen", "boro": "Chicago"}}, {"type": "Feature", "geometry": {"type": "Polygon", "coordinates": [[[-87.748467, 41.986065], [-87.742432, 41.986105], [-87.742484, 41.990608], [-87.74852, 41.990568], [-87.748467, 41.986065]]]}, "properties": {"sq": "876_9297", "crime_n": 6, "crime_night_n": 3, "nta": "Forest Glen", "boro": "Chicago"}}, {"type": "Feature", "geometry": {"type": "Polygon", "coordinates": [[[-87.74852, 41.990568], [-87.742484, 41.990608], [-87.742537, 41.995111], [-87.748573, 41.995071], [-87.74852, 41.990568]]]}, "properties": {"sq": "876_9298", "crime_n": 6, "crime_night_n": 4, "nta": "Forest Glen", "boro": "Chicago"}}, {"type": "Feature", "geometry": {"type": "Polygon", "coordinates": [[[-87.748573, 41.995071], [-87.742537, 41.995111], [-87.742589, 41.999614], [-87.748626, 41.999574], [-87.748573, 41.995071]]]}, "properties": {"sq": "876_9299", "crime_n": 1, "crime_night_n": 1, "nta": "Forest Glen", "boro": "Chicago"}}, {"type": "Feature", "geometry": {"type": "Polygon", "coordinates": [[[-87.738902, 41.679895], [-87.732895, 41.679933], [-87.732946, 41.684436], [-87.738953, 41.684398], [-87.738902, 41.679895]]]}, "properties": {"sq": "877_9229", "crime_n": 0, "crime_night_n": 0, "nta": "Mount Greenwood", "boro": "Chicago"}}, {"type": "Feature", "geometry": {"type": "Polygon", "coordinates": [[[-87.738953, 41.684398], [-87.732946, 41.684436], [-87.732997, 41.68894], [-87.739005, 41.688901], [-87.738953, 41.684398]]]}, "properties": {"sq": "877_9230", "crime_n": 0, "crime_night_n": 0, "nta": "Mount Greenwood", "boro": "Chicago"}}, {"type": "Feature", "geometry": {"type": "Polygon", "coordinates": [[[-87.739005, 41.688901], [-87.732997, 41.68894], [-87.733048, 41.693443], [-87.739056, 41.693404], [-87.739005, 41.688901]]]}, "properties": {"sq": "877_9231", "crime_n": 0, "crime_night_n": 0, "nta": "Mount Greenwood", "boro": "Chicago"}}, {"type": "Feature", "geometry": {"type": "Polygon", "coordinates": [[[-87.739521, 41.733933], [-87.733509, 41.733971], [-87.73356, 41.738475], [-87.739572, 41.738436], [-87.739521, 41.733933]]]}, "properties": {"sq": "877_9241", "crime_n": 9, "crime_night_n": 4, "nta": "Ashburn", "boro": "Chicago"}}, {"type": "Feature", "geometry": {"type": "Polygon", "coordinates": [[[-87.739572, 41.738436], [-87.73356, 41.738475], [-87.733611, 41.742978], [-87.739624, 41.742939], [-87.739572, 41.738436]]]}, "properties": {"sq": "877_9242", "crime_n": 8, "crime_night_n": 1, "nta": "Ashburn", "boro": "Chicago"}}, {"type": "Feature", "geometry": {"type": "Polygon", "coordinates": [[[-87.739624, 41.742939], [-87.733611, 41.742978], [-87.733662, 41.747481], [-87.739676, 41.747442], [-87.739624, 41.742939]]]}, "properties": {"sq": "877_9243", "crime_n": 7, "crime_night_n": 3, "nta": "Ashburn", "boro": "Chicago"}}, {"type": "Feature", "geometry": {"type": "Polygon", "coordinates": [[[-87.739676, 41.747442], [-87.733662, 41.747481], [-87.733714, 41.751984], [-87.739727, 41.751946], [-87.739676, 41.747442]]]}, "properties": {"sq": "877_9244", "crime_n": 7, "crime_night_n": 4, "nta": "Ashburn", "boro": "Chicago"}}, {"type": "Feature", "geometry": {"type": "Polygon", "coordinates": [[[-87.739727, 41.751946], [-87.733714, 41.751984], [-87.733765, 41.756487], [-87.739779, 41.756449], [-87.739727, 41.751946]]]}, "properties": {"sq": "877_9245", "crime_n": 2, "crime_night_n": 1, "nta": "Ashburn", "boro": "Chicago"}}, {"type": "Feature", "geometry": {"type": "Polygon", "coordinates": [[[-87.739779, 41.756449], [-87.733765, 41.756487], [-87.733816, 41.76099], [-87.739831, 41.760952], [-87.739779, 41.756449]]]}, "properties": {"sq": "877_9246", "crime_n": 0, "crime_night_n": 0, "nta": "West Lawn", "boro": "Chicago"}}, {"type": "Feature", "geometry": {"type": "Polygon", "coordinates": [[[-87.739831, 41.760952], [-87.733816, 41.76099], [-87.733868, 41.765494], [-87.739882, 41.765455], [-87.739831, 41.760952]]]}, "properties": {"sq": "877_9247", "crime_n": 2, "crime_night_n": 1, "nta": "West Lawn", "boro": "Chicago"}}, {"type": "Feature", "geometry": {"type": "Polygon", "coordinates": [[[-87.739882, 41.765455], [-87.733868, 41.765494], [-87.733919, 41.769997], [-87.739934, 41.769958], [-87.739882, 41.765455]]]}, "properties": {"sq": "877_9248", "crime_n": 0, "crime_night_n": 0, "nta": "West Lawn", "boro": "Chicago"}}, {"type": "Feature", "geometry": {"type": "Polygon", "coordinates": [[[-87.739934, 41.769958], [-87.733919, 41.769997], [-87.73397, 41.7745], [-87.739986, 41.774461], [-87.739934, 41.769958]]]}, "properties": {"sq": "877_9249", "crime_n": 8, "crime_night_n": 5, "nta": "West Lawn", "boro": "Chicago"}}, {"type": "Feature", "geometry": {"type": "Polygon", "coordinates": [[[-87.739986, 41.774461], [-87.73397, 41.7745], [-87.734022, 41.779003], [-87.740038, 41.778964], [-87.739986, 41.774461]]]}, "properties": {"sq": "877_9250", "crime_n": 21, "crime_night_n": 12, "nta": "West Lawn", "boro": "Chicago"}}, {"type": "Feature", "geometry": {"type": "Polygon", "coordinates": [[[-87.740038, 41.778964], [-87.734022, 41.779003], [-87.734073, 41.783506], [-87.74009, 41.783468], [-87.740038, 41.778964]]]}, "properties": {"sq": "877_9251", "crime_n": 9, "crime_night_n": 4, "nta": "West Lawn", "boro": "Chicago"}}, {"type": "Feature", "geometry": {"type": "Polygon", "coordinates": [[[-87.74009, 41.783468], [-87.734073, 41.783506], [-87.734124, 41.788009], [-87.740141, 41.787971], [-87.74009, 41.783468]]]}, "properties": {"sq": "877_9252", "crime_n": 24, "crime_night_n": 6, "nta": "West Elsdon", "boro": "Chicago"}}, {"type": "Feature", "geometry": {"type": "Polygon", "coordinates": [[[-87.740141, 41.787971], [-87.734124, 41.788009], [-87.734176, 41.792512], [-87.740193, 41.792474], [-87.740141, 41.787971]]]}, "properties": {"sq": "877_9253", "crime_n": 10, "crime_night_n": 5, "nta": "West Elsdon", "boro": "Chicago"}}, {"type": "Feature", "geometry": {"type": "Polygon", "coordinates": [[[-87.740193, 41.792474], [-87.734176, 41.792512], [-87.734227, 41.797016], [-87.740245, 41.796977], [-87.740193, 41.792474]]]}, "properties": {"sq": "877_9254", "crime_n": 15, "crime_night_n": 5, "nta": "West Elsdon", "boro": "Chicago"}}, {"type": "Feature", "geometry": {"type": "Polygon", "coordinates": [[[-87.740245, 41.796977], [-87.734227, 41.797016], [-87.734279, 41.801519], [-87.740297, 41.80148], [-87.740245, 41.796977]]]}, "properties": {"sq": "877_9255", "crime_n": 18, "crime_night_n": 5, "nta": "Archer Heights", "boro": "Chicago"}}, {"type": "Feature", "geometry": {"type": "Polygon", "coordinates": [[[-87.740297, 41.80148], [-87.734279, 41.801519], [-87.73433, 41.806022], [-87.740349, 41.805983], [-87.740297, 41.80148]]]}, "properties": {"sq": "877_9256", "crime_n": 12, "crime_night_n": 4, "nta": "Archer Heights", "boro": "Chicago"}}, {"type": "Feature", "geometry": {"type": "Polygon", "coordinates": [[[-87.740349, 41.805983], [-87.73433, 41.806022], [-87.734381, 41.810525], [-87.7404, 41.810486], [-87.740349, 41.805983]]]}, "properties": {"sq": "877_9257", "crime_n": 2, "crime_night_n": 1, "nta": "Garfield Ridge", "boro": "Chicago"}}, {"type": "Feature", "geometry": {"type": "Polygon", "coordinates": [[[-87.7404, 41.810486], [-87.734381, 41.810525], [-87.734433, 41.815028], [-87.740452, 41.814989], [-87.7404, 41.810486]]]}, "properties": {"sq": "877_9258", "crime_n": 2, "crime_night_n": 1, "nta": "Garfield Ridge", "boro": "Chicago"}}, {"type": "Feature", "geometry": {"type": "Polygon", "coordinates": [[[-87.740452, 41.814989], [-87.734433, 41.815028], [-87.734484, 41.819531], [-87.740504, 41.819492], [-87.740452, 41.814989]]]}, "properties": {"sq": "877_9259", "crime_n": 1, "crime_night_n": 0, "nta": "Archer Heights", "boro": "Chicago"}}, {"type": "Feature", "geometry": {"type": "Polygon", "coordinates": [[[-87.740504, 41.819492], [-87.734484, 41.819531], [-87.734536, 41.824034], [-87.740556, 41.823996], [-87.740504, 41.819492]]]}, "properties": {"sq": "877_9260", "crime_n": 0, "crime_night_n": 0, "nta": "South Lawndale", "boro": "Chicago"}}, {"type": "Feature", "geometry": {"type": "Polygon", "coordinates": [[[-87.740556, 41.823996], [-87.734536, 41.824034], [-87.734587, 41.828537], [-87.740608, 41.828499], [-87.740556, 41.823996]]]}, "properties": {"sq": "877_9261", "crime_n": 0, "crime_night_n": 0, "nta": "South Lawndale", "boro": "Chicago"}}, {"type": "Feature", "geometry": {"type": "Polygon", "coordinates": [[[-87.740608, 41.828499], [-87.734587, 41.828537], [-87.734639, 41.83304], [-87.74066, 41.833002], [-87.740608, 41.828499]]]}, "properties": {"sq": "877_9262", "crime_n": 0, "crime_night_n": 0, "nta": "South Lawndale", "boro": "Chicago"}}, {"type": "Feature", "geometry": {"type": "Polygon", "coordinates": [[[-87.74066, 41.833002], [-87.734639, 41.83304], [-87.73469, 41.837544], [-87.740712, 41.837505], [-87.74066, 41.833002]]]}, "properties": {"sq": "877_9263", "crime_n": 1, "crime_night_n": 1, "nta": "South Lawndale", "boro": "Chicago"}}, {"type": "Feature", "geometry": {"type": "Polygon", "coordinates": [[[-87.740712, 41.837505], [-87.73469, 41.837544], [-87.734742, 41.842047], [-87.740764, 41.842008], [-87.740712, 41.837505]]]}, "properties": {"sq": "877_9264", "crime_n": 5, "crime_night_n": 2, "nta": "South Lawndale", "boro": "Chicago"}}, {"type": "Feature", "geometry": {"type": "Polygon", "coordinates": [[[-87.740764, 41.842008], [-87.734742, 41.842047], [-87.734793, 41.84655], [-87.740816, 41.846511], [-87.740764, 41.842008]]]}, "properties": {"sq": "877_9265", "crime_n": 5, "crime_night_n": 3, "nta": "South Lawndale", "boro": "Chicago"}}, {"type": "Feature", "geometry": {"type": "Polygon", "coordinates": [[[-87.740816, 41.846511], [-87.734793, 41.84655], [-87.734845, 41.851053], [-87.740868, 41.851014], [-87.740816, 41.846511]]]}, "properties": {"sq": "877_9266", "crime_n": 6, "crime_night_n": 1, "nta": "North Lawndale", "boro": "Chicago"}}, {"type": "Feature", "geometry": {"type": "Polygon", "coordinates": [[[-87.740868, 41.851014], [-87.734845, 41.851053], [-87.734896, 41.855556], [-87.74092, 41.855517], [-87.740868, 41.851014]]]}, "properties": {"sq": "877_9267", "crime_n": 4, "crime_night_n": 1, "nta": "North Lawndale", "boro": "Chicago"}}, {"type": "Feature", "geometry": {"type": "Polygon", "coordinates": [[[-87.74092, 41.855517], [-87.734896, 41.855556], [-87.734948, 41.860059], [-87.740972, 41.86002], [-87.74092, 41.855517]]]}, "properties": {"sq": "877_9268", "crime_n": 12, "crime_night_n": 6, "nta": "North Lawndale", "boro": "Chicago"}}, {"type": "Feature", "geometry": {"type": "Polygon", "coordinates": [[[-87.740972, 41.86002], [-87.734948, 41.860059], [-87.734999, 41.864562], [-87.741024, 41.864523], [-87.740972, 41.86002]]]}, "properties": {"sq": "877_9269", "crime_n": 6, "crime_night_n": 4, "nta": "North Lawndale", "boro": "Chicago"}}, {"type": "Feature", "geometry": {"type": "Polygon", "coordinates": [[[-87.741024, 41.864523], [-87.734999, 41.864562], [-87.735051, 41.869065], [-87.741076, 41.869026], [-87.741024, 41.864523]]]}, "properties": {"sq": "877_9270", "crime_n": 16, "crime_night_n": 5, "nta": "North Lawndale", "boro": "Chicago"}}, {"type": "Feature", "geometry": {"type": "Polygon", "coordinates": [[[-87.741076, 41.869026], [-87.735051, 41.869065], [-87.735103, 41.873568], [-87.741128, 41.873529], [-87.741076, 41.869026]]]}, "properties": {"sq": "877_9271", "crime_n": 78, "crime_night_n": 39, "nta": "West Garfield Park", "boro": "Chicago"}}, {"type": "Feature", "geometry": {"type": "Polygon", "coordinates": [[[-87.741128, 41.873529], [-87.735103, 41.873568], [-87.735154, 41.878071], [-87.74118, 41.878032], [-87.741128, 41.873529]]]}, "properties": {"sq": "877_9272", "crime_n": 116, "crime_night_n": 46, "nta": "West Garfield Park", "boro": "Chicago"}}, {"type": "Feature", "geometry": {"type": "Polygon", "coordinates": [[[-87.74118, 41.878032], [-87.735154, 41.878071], [-87.735206, 41.882574], [-87.741232, 41.882536], [-87.74118, 41.878032]]]}, "properties": {"sq": "877_9273", "crime_n": 149, "crime_night_n": 65, "nta": "West Garfield Park", "boro": "Chicago"}}, {"type": "Feature", "geometry": {"type": "Polygon", "coordinates": [[[-87.741232, 41.882536], [-87.735206, 41.882574], [-87.735257, 41.887077], [-87.741284, 41.887039], [-87.741232, 41.882536]]]}, "properties": {"sq": "877_9274", "crime_n": 77, "crime_night_n": 43, "nta": "West Garfield Park", "boro": "Chicago"}}, {"type": "Feature", "geometry": {"type": "Polygon", "coordinates": [[[-87.741284, 41.887039], [-87.735257, 41.887077], [-87.735309, 41.89158], [-87.741336, 41.891542], [-87.741284, 41.887039]]]}, "properties": {"sq": "877_9275", "crime_n": 5, "crime_night_n": 0, "nta": "Humboldt Park", "boro": "Chicago"}}, {"type": "Feature", "geometry": {"type": "Polygon", "coordinates": [[[-87.741336, 41.891542], [-87.735309, 41.89158], [-87.735361, 41.896083], [-87.741388, 41.896045], [-87.741336, 41.891542]]]}, "properties": {"sq": "877_9276", "crime_n": 11, "crime_night_n": 2, "nta": "Humboldt Park", "boro": "Chicago"}}, {"type": "Feature", "geometry": {"type": "Polygon", "coordinates": [[[-87.741388, 41.896045], [-87.735361, 41.896083], [-87.735412, 41.900586], [-87.74144, 41.900548], [-87.741388, 41.896045]]]}, "properties": {"sq": "877_9277", "crime_n": 32, "crime_night_n": 14, "nta": "Humboldt Park", "boro": "Chicago"}}, {"type": "Feature", "geometry": {"type": "Polygon", "coordinates": [[[-87.74144, 41.900548], [-87.735412, 41.900586], [-87.735464, 41.905089], [-87.741492, 41.905051], [-87.74144, 41.900548]]]}, "properties": {"sq": "877_9278", "crime_n": 41, "crime_night_n": 16, "nta": "Humboldt Park", "boro": "Chicago"}}, {"type": "Feature", "geometry": {"type": "Polygon", "coordinates": [[[-87.741492, 41.905051], [-87.735464, 41.905089], [-87.735516, 41.909593], [-87.741544, 41.909554], [-87.741492, 41.905051]]]}, "properties": {"sq": "877_9279", "crime_n": 7, "crime_night_n": 4, "nta": "Humboldt Park", "boro": "Chicago"}}, {"type": "Feature", "geometry": {"type": "Polygon", "coordinates": [[[-87.741544, 41.909554], [-87.735516, 41.909593], [-87.735568, 41.914096], [-87.741596, 41.914057], [-87.741544, 41.909554]]]}, "properties": {"sq": "877_9280", "crime_n": 54, "crime_night_n": 7, "nta": "Humboldt Park", "boro": "Chicago"}}, {"type": "Feature", "geometry": {"type": "Polygon", "coordinates": [[[-87.741596, 41.914057], [-87.735568, 41.914096], [-87.735619, 41.918599], [-87.741648, 41.91856], [-87.741596, 41.914057]]]}, "properties": {"sq": "877_9281", "crime_n": 47, "crime_night_n": 22, "nta": "Hermosa", "boro": "Chicago"}}, {"type": "Feature", "geometry": {"type": "Polygon", "coordinates": [[[-87.741648, 41.91856], [-87.735619, 41.918599], [-87.735671, 41.923102], [-87.741701, 41.923063], [-87.741648, 41.91856]]]}, "properties": {"sq": "877_9282", "crime_n": 43, "crime_night_n": 23, "nta": "Hermosa", "boro": "Chicago"}}, {"type": "Feature", "geometry": {"type": "Polygon", "coordinates": [[[-87.741701, 41.923063], [-87.735671, 41.923102], [-87.735723, 41.927605], [-87.741753, 41.927566], [-87.741701, 41.923063]]]}, "properties": {"sq": "877_9283", "crime_n": 35, "crime_night_n": 16, "nta": "Hermosa", "boro": "Chicago"}}, {"type": "Feature", "geometry": {"type": "Polygon", "coordinates": [[[-87.741753, 41.927566], [-87.735723, 41.927605], [-87.735774, 41.932108], [-87.741805, 41.932069], [-87.741753, 41.927566]]]}, "properties": {"sq": "877_9284", "crime_n": 49, "crime_night_n": 13, "nta": "Hermosa", "boro": "Chicago"}}, {"type": "Feature", "geometry": {"type": "Polygon", "coordinates": [[[-87.741805, 41.932069], [-87.735774, 41.932108], [-87.735826, 41.936611], [-87.741857, 41.936572], [-87.741805, 41.932069]]]}, "properties": {"sq": "877_9285", "crime_n": 24, "crime_night_n": 11, "nta": "Hermosa", "boro": "Chicago"}}, {"type": "Feature", "geometry": {"type": "Polygon", "coordinates": [[[-87.741857, 41.936572], [-87.735826, 41.936611], [-87.735878, 41.941114], [-87.741909, 41.941075], [-87.741857, 41.936572]]]}, "properties": {"sq": "877_9286", "crime_n": 18, "crime_night_n": 8, "nta": "Irving Park", "boro": "Chicago"}}, {"type": "Feature", "geometry": {"type": "Polygon", "coordinates": [[[-87.741909, 41.941075], [-87.735878, 41.941114], [-87.73593, 41.945617], [-87.741961, 41.945578], [-87.741909, 41.941075]]]}, "properties": {"sq": "877_9287", "crime_n": 29, "crime_night_n": 9, "nta": "Irving Park", "boro": "Chicago"}}, {"type": "Feature", "geometry": {"type": "Polygon", "coordinates": [[[-87.741961, 41.945578], [-87.73593, 41.945617], [-87.735982, 41.95012], [-87.742014, 41.950081], [-87.741961, 41.945578]]]}, "properties": {"sq": "877_9288", "crime_n": 9, "crime_night_n": 4, "nta": "Irving Park", "boro": "Chicago"}}, {"type": "Feature", "geometry": {"type": "Polygon", "coordinates": [[[-87.742014, 41.950081], [-87.735982, 41.95012], [-87.736033, 41.954623], [-87.742066, 41.954584], [-87.742014, 41.950081]]]}, "properties": {"sq": "877_9289", "crime_n": 11, "crime_night_n": 4, "nta": "Irving Park", "boro": "Chicago"}}, {"type": "Feature", "geometry": {"type": "Polygon", "coordinates": [[[-87.742066, 41.954584], [-87.736033, 41.954623], [-87.736085, 41.959126], [-87.742118, 41.959087], [-87.742066, 41.954584]]]}, "properties": {"sq": "877_9290", "crime_n": 8, "crime_night_n": 3, "nta": "Irving Park", "boro": "Chicago"}}, {"type": "Feature", "geometry": {"type": "Polygon", "coordinates": [[[-87.742118, 41.959087], [-87.736085, 41.959126], [-87.736137, 41.963629], [-87.74217, 41.96359], [-87.742118, 41.959087]]]}, "properties": {"sq": "877_9291", "crime_n": 10, "crime_night_n": 5, "nta": "Irving Park", "boro": "Chicago"}}, {"type": "Feature", "geometry": {"type": "Polygon", "coordinates": [[[-87.74217, 41.96359], [-87.736137, 41.963629], [-87.736189, 41.968132], [-87.742223, 41.968093], [-87.74217, 41.96359]]]}, "properties": {"sq": "877_9292", "crime_n": 14, "crime_night_n": 6, "nta": "Irving Park", "boro": "Chicago"}}, {"type": "Feature", "geometry": {"type": "Polygon", "coordinates": [[[-87.742223, 41.968093], [-87.736189, 41.968132], [-87.736241, 41.972635], [-87.742275, 41.972596], [-87.742223, 41.968093]]]}, "properties": {"sq": "877_9293", "crime_n": 17, "crime_night_n": 11, "nta": "Albany Park", "boro": "Chicago"}}, {"type": "Feature", "geometry": {"type": "Polygon", "coordinates": [[[-87.742275, 41.972596], [-87.736241, 41.972635], [-87.736293, 41.977138], [-87.742327, 41.977099], [-87.742275, 41.972596]]]}, "properties": {"sq": "877_9294", "crime_n": 6, "crime_night_n": 2, "nta": "North Park", "boro": "Chicago"}}, {"type": "Feature", "geometry": {"type": "Polygon", "coordinates": [[[-87.742327, 41.977099], [-87.736293, 41.977138], [-87.736344, 41.981641], [-87.74238, 41.981602], [-87.742327, 41.977099]]]}, "properties": {"sq": "877_9295", "crime_n": 0, "crime_night_n": 0, "nta": "North Park", "boro": "Chicago"}}, {"type": "Feature", "geometry": {"type": "Polygon", "coordinates": [[[-87.74238, 41.981602], [-87.736344, 41.981641], [-87.736396, 41.986144], [-87.742432, 41.986105], [-87.74238, 41.981602]]]}, "properties": {"sq": "877_9296", "crime_n": 0, "crime_night_n": 0, "nta": "Forest Glen", "boro": "Chicago"}}, {"type": "Feature", "geometry": {"type": "Polygon", "coordinates": [[[-87.742432, 41.986105], [-87.736396, 41.986144], [-87.736448, 41.990647], [-87.742484, 41.990608], [-87.742432, 41.986105]]]}, "properties": {"sq": "877_9297", "crime_n": 4, "crime_night_n": 0, "nta": "Forest Glen", "boro": "Chicago"}}, {"type": "Feature", "geometry": {"type": "Polygon", "coordinates": [[[-87.742484, 41.990608], [-87.736448, 41.990647], [-87.7365, 41.995149], [-87.742537, 41.995111], [-87.742484, 41.990608]]]}, "properties": {"sq": "877_9298", "crime_n": 1, "crime_night_n": 0, "nta": "Forest Glen", "boro": "Chicago"}}, {"type": "Feature", "geometry": {"type": "Polygon", "coordinates": [[[-87.742537, 41.995111], [-87.7365, 41.995149], [-87.736552, 41.999652], [-87.742589, 41.999614], [-87.742537, 41.995111]]]}, "properties": {"sq": "877_9299", "crime_n": 3, "crime_night_n": 1, "nta": "Forest Glen", "boro": "Chicago"}}, {"type": "Feature", "geometry": {"type": "Polygon", "coordinates": [[[-87.732895, 41.679933], [-87.726888, 41.679971], [-87.726939, 41.684475], [-87.732946, 41.684436], [-87.732895, 41.679933]]]}, "properties": {"sq": "878_9229", "crime_n": 0, "crime_night_n": 0, "nta": "Mount Greenwood", "boro": "Chicago"}}, {"type": "Feature", "geometry": {"type": "Polygon", "coordinates": [[[-87.732946, 41.684436], [-87.726939, 41.684475], [-87.726989, 41.688978], [-87.732997, 41.68894], [-87.732946, 41.684436]]]}, "properties": {"sq": "878_9230", "crime_n": 0, "crime_night_n": 0, "nta": "Mount Greenwood", "boro": "Chicago"}}, {"type": "Feature", "geometry": {"type": "Polygon", "coordinates": [[[-87.732997, 41.68894], [-87.726989, 41.688978], [-87.72704, 41.693481], [-87.733048, 41.693443], [-87.732997, 41.68894]]]}, "properties": {"sq": "878_9231", "crime_n": 2, "crime_night_n": 0, "nta": "Mount Greenwood", "boro": "Chicago"}}, {"type": "Feature", "geometry": {"type": "Polygon", "coordinates": [[[-87.733509, 41.733971], [-87.727497, 41.73401], [-87.727548, 41.738513], [-87.73356, 41.738475], [-87.733509, 41.733971]]]}, "properties": {"sq": "878_9241", "crime_n": 5, "crime_night_n": 1, "nta": "Ashburn", "boro": "Chicago"}}, {"type": "Feature", "geometry": {"type": "Polygon", "coordinates": [[[-87.73356, 41.738475], [-87.727548, 41.738513], [-87.727598, 41.743016], [-87.733611, 41.742978], [-87.73356, 41.738475]]]}, "properties": {"sq": "878_9242", "crime_n": 11, "crime_night_n": 2, "nta": "Ashburn", "boro": "Chicago"}}, {"type": "Feature", "geometry": {"type": "Polygon", "coordinates": [[[-87.733611, 41.742978], [-87.727598, 41.743016], [-87.727649, 41.747519], [-87.733662, 41.747481], [-87.733611, 41.742978]]]}, "properties": {"sq": "878_9243", "crime_n": 11, "crime_night_n": 2, "nta": "Ashburn", "boro": "Chicago"}}, {"type": "Feature", "geometry": {"type": "Polygon", "coordinates": [[[-87.733662, 41.747481], [-87.727649, 41.747519], [-87.7277, 41.752022], [-87.733714, 41.751984], [-87.733662, 41.747481]]]}, "properties": {"sq": "878_9244", "crime_n": 13, "crime_night_n": 3, "nta": "Ashburn", "boro": "Chicago"}}, {"type": "Feature", "geometry": {"type": "Polygon", "coordinates": [[[-87.733714, 41.751984], [-87.7277, 41.752022], [-87.727751, 41.756526], [-87.733765, 41.756487], [-87.733714, 41.751984]]]}, "properties": {"sq": "878_9245", "crime_n": 18, "crime_night_n": 4, "nta": "Ashburn", "boro": "Chicago"}}, {"type": "Feature", "geometry": {"type": "Polygon", "coordinates": [[[-87.733765, 41.756487], [-87.727751, 41.756526], [-87.727802, 41.761029], [-87.733816, 41.76099], [-87.733765, 41.756487]]]}, "properties": {"sq": "878_9246", "crime_n": 0, "crime_night_n": 0, "nta": "West Lawn", "boro": "Chicago"}}, {"type": "Feature", "geometry": {"type": "Polygon", "coordinates": [[[-87.733816, 41.76099], [-87.727802, 41.761029], [-87.727853, 41.765532], [-87.733868, 41.765494], [-87.733816, 41.76099]]]}, "properties": {"sq": "878_9247", "crime_n": 2, "crime_night_n": 0, "nta": "West Lawn", "boro": "Chicago"}}, {"type": "Feature", "geometry": {"type": "Polygon", "coordinates": [[[-87.733868, 41.765494], [-87.727853, 41.765532], [-87.727904, 41.770035], [-87.733919, 41.769997], [-87.733868, 41.765494]]]}, "properties": {"sq": "878_9248", "crime_n": 1, "crime_night_n": 1, "nta": "West Lawn", "boro": "Chicago"}}, {"type": "Feature", "geometry": {"type": "Polygon", "coordinates": [[[-87.733919, 41.769997], [-87.727904, 41.770035], [-87.727955, 41.774538], [-87.73397, 41.7745], [-87.733919, 41.769997]]]}, "properties": {"sq": "878_9249", "crime_n": 14, "crime_night_n": 6, "nta": "West Lawn", "boro": "Chicago"}}, {"type": "Feature", "geometry": {"type": "Polygon", "coordinates": [[[-87.73397, 41.7745], [-87.727955, 41.774538], [-87.728006, 41.779041], [-87.734022, 41.779003], [-87.73397, 41.7745]]]}, "properties": {"sq": "878_9250", "crime_n": 31, "crime_night_n": 16, "nta": "West Lawn", "boro": "Chicago"}}, {"type": "Feature", "geometry": {"type": "Polygon", "coordinates": [[[-87.734022, 41.779003], [-87.728006, 41.779041], [-87.728056, 41.783544], [-87.734073, 41.783506], [-87.734022, 41.779003]]]}, "properties": {"sq": "878_9251", "crime_n": 10, "crime_night_n": 2, "nta": "West Lawn", "boro": "Chicago"}}, {"type": "Feature", "geometry": {"type": "Polygon", "coordinates": [[[-87.734073, 41.783506], [-87.728056, 41.783544], [-87.728107, 41.788048], [-87.734124, 41.788009], [-87.734073, 41.783506]]]}, "properties": {"sq": "878_9252", "crime_n": 21, "crime_night_n": 8, "nta": "West Lawn", "boro": "Chicago"}}, {"type": "Feature", "geometry": {"type": "Polygon", "coordinates": [[[-87.734124, 41.788009], [-87.728107, 41.788048], [-87.728158, 41.792551], [-87.734176, 41.792512], [-87.734124, 41.788009]]]}, "properties": {"sq": "878_9253", "crime_n": 17, "crime_night_n": 6, "nta": "West Elsdon", "boro": "Chicago"}}, {"type": "Feature", "geometry": {"type": "Polygon", "coordinates": [[[-87.734176, 41.792512], [-87.728158, 41.792551], [-87.728209, 41.797054], [-87.734227, 41.797016], [-87.734176, 41.792512]]]}, "properties": {"sq": "878_9254", "crime_n": 25, "crime_night_n": 16, "nta": "West Elsdon", "boro": "Chicago"}}, {"type": "Feature", "geometry": {"type": "Polygon", "coordinates": [[[-87.734227, 41.797016], [-87.728209, 41.797054], [-87.72826, 41.801557], [-87.734279, 41.801519], [-87.734227, 41.797016]]]}, "properties": {"sq": "878_9255", "crime_n": 20, "crime_night_n": 8, "nta": "Archer Heights", "boro": "Chicago"}}, {"type": "Feature", "geometry": {"type": "Polygon", "coordinates": [[[-87.734279, 41.801519], [-87.72826, 41.801557], [-87.728311, 41.80606], [-87.73433, 41.806022], [-87.734279, 41.801519]]]}, "properties": {"sq": "878_9256", "crime_n": 31, "crime_night_n": 17, "nta": "Archer Heights", "boro": "Chicago"}}, {"type": "Feature", "geometry": {"type": "Polygon", "coordinates": [[[-87.73433, 41.806022], [-87.728311, 41.80606], [-87.728362, 41.810563], [-87.734381, 41.810525], [-87.73433, 41.806022]]]}, "properties": {"sq": "878_9257", "crime_n": 29, "crime_night_n": 7, "nta": "Archer Heights", "boro": "Chicago"}}, {"type": "Feature", "geometry": {"type": "Polygon", "coordinates": [[[-87.734381, 41.810525], [-87.728362, 41.810563], [-87.728413, 41.815066], [-87.734433, 41.815028], [-87.734381, 41.810525]]]}, "properties": {"sq": "878_9258", "crime_n": 5, "crime_night_n": 1, "nta": "Archer Heights", "boro": "Chicago"}}, {"type": "Feature", "geometry": {"type": "Polygon", "coordinates": [[[-87.734433, 41.815028], [-87.728413, 41.815066], [-87.728464, 41.819569], [-87.734484, 41.819531], [-87.734433, 41.815028]]]}, "properties": {"sq": "878_9259", "crime_n": 1, "crime_night_n": 0, "nta": "Archer Heights", "boro": "Chicago"}}, {"type": "Feature", "geometry": {"type": "Polygon", "coordinates": [[[-87.734484, 41.819531], [-87.728464, 41.819569], [-87.728515, 41.824073], [-87.734536, 41.824034], [-87.734484, 41.819531]]]}, "properties": {"sq": "878_9260", "crime_n": 0, "crime_night_n": 0, "nta": "South Lawndale", "boro": "Chicago"}}, {"type": "Feature", "geometry": {"type": "Polygon", "coordinates": [[[-87.734536, 41.824034], [-87.728515, 41.824073], [-87.728566, 41.828576], [-87.734587, 41.828537], [-87.734536, 41.824034]]]}, "properties": {"sq": "878_9261", "crime_n": 1, "crime_night_n": 0, "nta": "South Lawndale", "boro": "Chicago"}}, {"type": "Feature", "geometry": {"type": "Polygon", "coordinates": [[[-87.734587, 41.828537], [-87.728566, 41.828576], [-87.728618, 41.833079], [-87.734639, 41.83304], [-87.734587, 41.828537]]]}, "properties": {"sq": "878_9262", "crime_n": 1, "crime_night_n": 0, "nta": "South Lawndale", "boro": "Chicago"}}, {"type": "Feature", "geometry": {"type": "Polygon", "coordinates": [[[-87.734639, 41.83304], [-87.728618, 41.833079], [-87.728669, 41.837582], [-87.73469, 41.837544], [-87.734639, 41.83304]]]}, "properties": {"sq": "878_9263", "crime_n": 48, "crime_night_n": 16, "nta": "South Lawndale", "boro": "Chicago"}}, {"type": "Feature", "geometry": {"type": "Polygon", "coordinates": [[[-87.73469, 41.837544], [-87.728669, 41.837582], [-87.72872, 41.842085], [-87.734742, 41.842047], [-87.73469, 41.837544]]]}, "properties": {"sq": "878_9264", "crime_n": 42, "crime_night_n": 26, "nta": "South Lawndale", "boro": "Chicago"}}, {"type": "Feature", "geometry": {"type": "Polygon", "coordinates": [[[-87.734742, 41.842047], [-87.72872, 41.842085], [-87.728771, 41.846588], [-87.734793, 41.84655], [-87.734742, 41.842047]]]}, "properties": {"sq": "878_9265", "crime_n": 99, "crime_night_n": 37, "nta": "South Lawndale", "boro": "Chicago"}}, {"type": "Feature", "geometry": {"type": "Polygon", "coordinates": [[[-87.734793, 41.84655], [-87.728771, 41.846588], [-87.728822, 41.851091], [-87.734845, 41.851053], [-87.734793, 41.84655]]]}, "properties": {"sq": "878_9266", "crime_n": 46, "crime_night_n": 22, "nta": "North Lawndale", "boro": "Chicago"}}, {"type": "Feature", "geometry": {"type": "Polygon", "coordinates": [[[-87.734845, 41.851053], [-87.728822, 41.851091], [-87.728873, 41.855594], [-87.734896, 41.855556], [-87.734845, 41.851053]]]}, "properties": {"sq": "878_9267", "crime_n": 68, "crime_night_n": 35, "nta": "North Lawndale", "boro": "Chicago"}}, {"type": "Feature", "geometry": {"type": "Polygon", "coordinates": [[[-87.734896, 41.855556], [-87.728873, 41.855594], [-87.728924, 41.860097], [-87.734948, 41.860059], [-87.734896, 41.855556]]]}, "properties": {"sq": "878_9268", "crime_n": 47, "crime_night_n": 15, "nta": "North Lawndale", "boro": "Chicago"}}, {"type": "Feature", "geometry": {"type": "Polygon", "coordinates": [[[-87.734948, 41.860059], [-87.728924, 41.860097], [-87.728975, 41.8646], [-87.734999, 41.864562], [-87.734948, 41.860059]]]}, "properties": {"sq": "878_9269", "crime_n": 90, "crime_night_n": 38, "nta": "North Lawndale", "boro": "Chicago"}}, {"type": "Feature", "geometry": {"type": "Polygon", "coordinates": [[[-87.734999, 41.864562], [-87.728975, 41.8646], [-87.729027, 41.869103], [-87.735051, 41.869065], [-87.734999, 41.864562]]]}, "properties": {"sq": "878_9270", "crime_n": 78, "crime_night_n": 31, "nta": "North Lawndale", "boro": "Chicago"}}, {"type": "Feature", "geometry": {"type": "Polygon", "coordinates": [[[-87.735051, 41.869065], [-87.729027, 41.869103], [-87.729078, 41.873607], [-87.735103, 41.873568], [-87.735051, 41.869065]]]}, "properties": {"sq": "878_9271", "crime_n": 35, "crime_night_n": 16, "nta": "West Garfield Park", "boro": "Chicago"}}, {"type": "Feature", "geometry": {"type": "Polygon", "coordinates": [[[-87.735103, 41.873568], [-87.729078, 41.873607], [-87.729129, 41.87811], [-87.735154, 41.878071], [-87.735103, 41.873568]]]}, "properties": {"sq": "878_9272", "crime_n": 114, "crime_night_n": 43, "nta": "West Garfield Park", "boro": "Chicago"}}, {"type": "Feature", "geometry": {"type": "Polygon", "coordinates": [[[-87.735154, 41.878071], [-87.729129, 41.87811], [-87.72918, 41.882613], [-87.735206, 41.882574], [-87.735154, 41.878071]]]}, "properties": {"sq": "878_9273", "crime_n": 163, "crime_night_n": 57, "nta": "West Garfield Park", "boro": "Chicago"}}, {"type": "Feature", "geometry": {"type": "Polygon", "coordinates": [[[-87.735206, 41.882574], [-87.72918, 41.882613], [-87.729231, 41.887116], [-87.735257, 41.887077], [-87.735206, 41.882574]]]}, "properties": {"sq": "878_9274", "crime_n": 60, "crime_night_n": 26, "nta": "West Garfield Park", "boro": "Chicago"}}, {"type": "Feature", "geometry": {"type": "Polygon", "coordinates": [[[-87.735257, 41.887077], [-87.729231, 41.887116], [-87.729282, 41.891619], [-87.735309, 41.89158], [-87.735257, 41.887077]]]}, "properties": {"sq": "878_9275", "crime_n": 5, "crime_night_n": 1, "nta": "West Garfield Park", "boro": "Chicago"}}, {"type": "Feature", "geometry": {"type": "Polygon", "coordinates": [[[-87.735309, 41.89158], [-87.729282, 41.891619], [-87.729334, 41.896122], [-87.735361, 41.896083], [-87.735309, 41.89158]]]}, "properties": {"sq": "878_9276", "crime_n": 22, "crime_night_n": 11, "nta": "Humboldt Park", "boro": "Chicago"}}, {"type": "Feature", "geometry": {"type": "Polygon", "coordinates": [[[-87.735361, 41.896083], [-87.729334, 41.896122], [-87.729385, 41.900625], [-87.735412, 41.900586], [-87.735361, 41.896083]]]}, "properties": {"sq": "878_9277", "crime_n": 76, "crime_night_n": 25, "nta": "Humboldt Park", "boro": "Chicago"}}, {"type": "Feature", "geometry": {"type": "Polygon", "coordinates": [[[-87.735412, 41.900586], [-87.729385, 41.900625], [-87.729436, 41.905128], [-87.735464, 41.905089], [-87.735412, 41.900586]]]}, "properties": {"sq": "878_9278", "crime_n": 96, "crime_night_n": 42, "nta": "Humboldt Park", "boro": "Chicago"}}, {"type": "Feature", "geometry": {"type": "Polygon", "coordinates": [[[-87.735464, 41.905089], [-87.729436, 41.905128], [-87.729487, 41.909631], [-87.735516, 41.909593], [-87.735464, 41.905089]]]}, "properties": {"sq": "878_9279", "crime_n": 118, "crime_night_n": 41, "nta": "Humboldt Park", "boro": "Chicago"}}, {"type": "Feature", "geometry": {"type": "Polygon", "coordinates": [[[-87.735516, 41.909593], [-87.729487, 41.909631], [-87.729539, 41.914134], [-87.735568, 41.914096], [-87.735516, 41.909593]]]}, "properties": {"sq": "878_9280", "crime_n": 111, "crime_night_n": 49, "nta": "Humboldt Park", "boro": "Chicago"}}, {"type": "Feature", "geometry": {"type": "Polygon", "coordinates": [[[-87.735568, 41.914096], [-87.729539, 41.914134], [-87.72959, 41.918637], [-87.735619, 41.918599], [-87.735568, 41.914096]]]}, "properties": {"sq": "878_9281", "crime_n": 83, "crime_night_n": 34, "nta": "Hermosa", "boro": "Chicago"}}, {"type": "Feature", "geometry": {"type": "Polygon", "coordinates": [[[-87.735619, 41.918599], [-87.72959, 41.918637], [-87.729641, 41.92314], [-87.735671, 41.923102], [-87.735619, 41.918599]]]}, "properties": {"sq": "878_9282", "crime_n": 56, "crime_night_n": 22, "nta": "Hermosa", "boro": "Chicago"}}, {"type": "Feature", "geometry": {"type": "Polygon", "coordinates": [[[-87.735671, 41.923102], [-87.729641, 41.92314], [-87.729693, 41.927643], [-87.735723, 41.927605], [-87.735671, 41.923102]]]}, "properties": {"sq": "878_9283", "crime_n": 28, "crime_night_n": 9, "nta": "Hermosa", "boro": "Chicago"}}, {"type": "Feature", "geometry": {"type": "Polygon", "coordinates": [[[-87.735723, 41.927605], [-87.729693, 41.927643], [-87.729744, 41.932146], [-87.735774, 41.932108], [-87.735723, 41.927605]]]}, "properties": {"sq": "878_9284", "crime_n": 19, "crime_night_n": 6, "nta": "Hermosa", "boro": "Chicago"}}, {"type": "Feature", "geometry": {"type": "Polygon", "coordinates": [[[-87.735774, 41.932108], [-87.729744, 41.932146], [-87.729795, 41.936649], [-87.735826, 41.936611], [-87.735774, 41.932108]]]}, "properties": {"sq": "878_9285", "crime_n": 21, "crime_night_n": 11, "nta": "Avondale", "boro": "Chicago"}}, {"type": "Feature", "geometry": {"type": "Polygon", "coordinates": [[[-87.735826, 41.936611], [-87.729795, 41.936649], [-87.729847, 41.941152], [-87.735878, 41.941114], [-87.735826, 41.936611]]]}, "properties": {"sq": "878_9286", "crime_n": 18, "crime_night_n": 8, "nta": "Irving Park", "boro": "Chicago"}}, {"type": "Feature", "geometry": {"type": "Polygon", "coordinates": [[[-87.735878, 41.941114], [-87.729847, 41.941152], [-87.729898, 41.945655], [-87.73593, 41.945617], [-87.735878, 41.941114]]]}, "properties": {"sq": "878_9287", "crime_n": 26, "crime_night_n": 12, "nta": "Irving Park", "boro": "Chicago"}}, {"type": "Feature", "geometry": {"type": "Polygon", "coordinates": [[[-87.73593, 41.945617], [-87.729898, 41.945655], [-87.729949, 41.950158], [-87.735982, 41.95012], [-87.73593, 41.945617]]]}, "properties": {"sq": "878_9288", "crime_n": 6, "crime_night_n": 2, "nta": "Irving Park", "boro": "Chicago"}}, {"type": "Feature", "geometry": {"type": "Polygon", "coordinates": [[[-87.735982, 41.95012], [-87.729949, 41.950158], [-87.730001, 41.954661], [-87.736033, 41.954623], [-87.735982, 41.95012]]]}, "properties": {"sq": "878_9289", "crime_n": 26, "crime_night_n": 7, "nta": "Irving Park", "boro": "Chicago"}}, {"type": "Feature", "geometry": {"type": "Polygon", "coordinates": [[[-87.736033, 41.954623], [-87.730001, 41.954661], [-87.730052, 41.959164], [-87.736085, 41.959126], [-87.736033, 41.954623]]]}, "properties": {"sq": "878_9290", "crime_n": 9, "crime_night_n": 2, "nta": "Irving Park", "boro": "Chicago"}}, {"type": "Feature", "geometry": {"type": "Polygon", "coordinates": [[[-87.736085, 41.959126], [-87.730052, 41.959164], [-87.730104, 41.963667], [-87.736137, 41.963629], [-87.736085, 41.959126]]]}, "properties": {"sq": "878_9291", "crime_n": 21, "crime_night_n": 10, "nta": "Irving Park", "boro": "Chicago"}}, {"type": "Feature", "geometry": {"type": "Polygon", "coordinates": [[[-87.736137, 41.963629], [-87.730104, 41.963667], [-87.730155, 41.96817], [-87.736189, 41.968132], [-87.736137, 41.963629]]]}, "properties": {"sq": "878_9292", "crime_n": 10, "crime_night_n": 4, "nta": "Albany Park", "boro": "Chicago"}}, {"type": "Feature", "geometry": {"type": "Polygon", "coordinates": [[[-87.736189, 41.968132], [-87.730155, 41.96817], [-87.730206, 41.972673], [-87.736241, 41.972635], [-87.736189, 41.968132]]]}, "properties": {"sq": "878_9293", "crime_n": 12, "crime_night_n": 6, "nta": "Albany Park", "boro": "Chicago"}}, {"type": "Feature", "geometry": {"type": "Polygon", "coordinates": [[[-87.736241, 41.972635], [-87.730206, 41.972673], [-87.730258, 41.977176], [-87.736293, 41.977138], [-87.736241, 41.972635]]]}, "properties": {"sq": "878_9294", "crime_n": 17, "crime_night_n": 5, "nta": "Albany Park", "boro": "Chicago"}}, {"type": "Feature", "geometry": {"type": "Polygon", "coordinates": [[[-87.736293, 41.977138], [-87.730258, 41.977176], [-87.730309, 41.981679], [-87.736344, 41.981641], [-87.736293, 41.977138]]]}, "properties": {"sq": "878_9295", "crime_n": 0, "crime_night_n": 0, "nta": "North Park", "boro": "Chicago"}}, {"type": "Feature", "geometry": {"type": "Polygon", "coordinates": [[[-87.736344, 41.981641], [-87.730309, 41.981679], [-87.730361, 41.986182], [-87.736396, 41.986144], [-87.736344, 41.981641]]]}, "properties": {"sq": "878_9296", "crime_n": 2, "crime_night_n": 0, "nta": "North Park", "boro": "Chicago"}}, {"type": "Feature", "geometry": {"type": "Polygon", "coordinates": [[[-87.736396, 41.986144], [-87.730361, 41.986182], [-87.730412, 41.990685], [-87.736448, 41.990647], [-87.736396, 41.986144]]]}, "properties": {"sq": "878_9297", "crime_n": 1, "crime_night_n": 0, "nta": "North Park", "boro": "Chicago"}}, {"type": "Feature", "geometry": {"type": "Polygon", "coordinates": [[[-87.736448, 41.990647], [-87.730412, 41.990685], [-87.730464, 41.995188], [-87.7365, 41.995149], [-87.736448, 41.990647]]]}, "properties": {"sq": "878_9298", "crime_n": 2, "crime_night_n": 1, "nta": "Forest Glen", "boro": "Chicago"}}, {"type": "Feature", "geometry": {"type": "Polygon", "coordinates": [[[-87.7365, 41.995149], [-87.730464, 41.995188], [-87.730515, 41.999691], [-87.736552, 41.999652], [-87.7365, 41.995149]]]}, "properties": {"sq": "878_9299", "crime_n": 3, "crime_night_n": 3, "nta": "Forest Glen", "boro": "Chicago"}}, {"type": "Feature", "geometry": {"type": "Polygon", "coordinates": [[[-87.726888, 41.679971], [-87.720881, 41.680009], [-87.720931, 41.684512], [-87.726939, 41.684475], [-87.726888, 41.679971]]]}, "properties": {"sq": "879_9229", "crime_n": 10, "crime_night_n": 4, "nta": "Mount Greenwood", "boro": "Chicago"}}, {"type": "Feature", "geometry": {"type": "Polygon", "coordinates": [[[-87.726939, 41.684475], [-87.720931, 41.684512], [-87.720981, 41.689016], [-87.726989, 41.688978], [-87.726939, 41.684475]]]}, "properties": {"sq": "879_9230", "crime_n": 0, "crime_night_n": 0, "nta": "Mount Greenwood", "boro": "Chicago"}}, {"type": "Feature", "geometry": {"type": "Polygon", "coordinates": [[[-87.726989, 41.688978], [-87.720981, 41.689016], [-87.721032, 41.693519], [-87.72704, 41.693481], [-87.726989, 41.688978]]]}, "properties": {"sq": "879_9231", "crime_n": 0, "crime_night_n": 0, "nta": "Mount Greenwood", "boro": "Chicago"}}, {"type": "Feature", "geometry": {"type": "Polygon", "coordinates": [[[-87.727497, 41.73401], [-87.721485, 41.734048], [-87.721535, 41.738551], [-87.727548, 41.738513], [-87.727497, 41.73401]]]}, "properties": {"sq": "879_9241", "crime_n": 3, "crime_night_n": 0, "nta": "Ashburn", "boro": "Chicago"}}, {"type": "Feature", "geometry": {"type": "Polygon", "coordinates": [[[-87.727548, 41.738513], [-87.721535, 41.738551], [-87.721586, 41.743054], [-87.727598, 41.743016], [-87.727548, 41.738513]]]}, "properties": {"sq": "879_9242", "crime_n": 12, "crime_night_n": 5, "nta": "Ashburn", "boro": "Chicago"}}, {"type": "Feature", "geometry": {"type": "Polygon", "coordinates": [[[-87.727598, 41.743016], [-87.721586, 41.743054], [-87.721636, 41.747557], [-87.727649, 41.747519], [-87.727598, 41.743016]]]}, "properties": {"sq": "879_9243", "crime_n": 10, "crime_night_n": 4, "nta": "Ashburn", "boro": "Chicago"}}, {"type": "Feature", "geometry": {"type": "Polygon", "coordinates": [[[-87.727649, 41.747519], [-87.721636, 41.747557], [-87.721687, 41.75206], [-87.7277, 41.752022], [-87.727649, 41.747519]]]}, "properties": {"sq": "879_9244", "crime_n": 13, "crime_night_n": 5, "nta": "Ashburn", "boro": "Chicago"}}, {"type": "Feature", "geometry": {"type": "Polygon", "coordinates": [[[-87.7277, 41.752022], [-87.721687, 41.75206], [-87.721737, 41.756563], [-87.727751, 41.756526], [-87.7277, 41.752022]]]}, "properties": {"sq": "879_9245", "crime_n": 6, "crime_night_n": 1, "nta": "West Lawn", "boro": "Chicago"}}, {"type": "Feature", "geometry": {"type": "Polygon", "coordinates": [[[-87.727751, 41.756526], [-87.721737, 41.756563], [-87.721787, 41.761067], [-87.727802, 41.761029], [-87.727751, 41.756526]]]}, "properties": {"sq": "879_9246", "crime_n": 5, "crime_night_n": 0, "nta": "West Lawn", "boro": "Chicago"}}, {"type": "Feature", "geometry": {"type": "Polygon", "coordinates": [[[-87.727802, 41.761029], [-87.721787, 41.761067], [-87.721838, 41.76557], [-87.727853, 41.765532], [-87.727802, 41.761029]]]}, "properties": {"sq": "879_9247", "crime_n": 9, "crime_night_n": 3, "nta": "West Lawn", "boro": "Chicago"}}, {"type": "Feature", "geometry": {"type": "Polygon", "coordinates": [[[-87.727853, 41.765532], [-87.721838, 41.76557], [-87.721888, 41.770073], [-87.727904, 41.770035], [-87.727853, 41.765532]]]}, "properties": {"sq": "879_9248", "crime_n": 13, "crime_night_n": 6, "nta": "West Lawn", "boro": "Chicago"}}, {"type": "Feature", "geometry": {"type": "Polygon", "coordinates": [[[-87.727904, 41.770035], [-87.721888, 41.770073], [-87.721939, 41.774576], [-87.727955, 41.774538], [-87.727904, 41.770035]]]}, "properties": {"sq": "879_9249", "crime_n": 19, "crime_night_n": 9, "nta": "West Lawn", "boro": "Chicago"}}, {"type": "Feature", "geometry": {"type": "Polygon", "coordinates": [[[-87.727955, 41.774538], [-87.721939, 41.774576], [-87.721989, 41.779079], [-87.728006, 41.779041], [-87.727955, 41.774538]]]}, "properties": {"sq": "879_9250", "crime_n": 32, "crime_night_n": 11, "nta": "West Lawn", "boro": "Chicago"}}, {"type": "Feature", "geometry": {"type": "Polygon", "coordinates": [[[-87.728006, 41.779041], [-87.721989, 41.779079], [-87.72204, 41.783582], [-87.728056, 41.783544], [-87.728006, 41.779041]]]}, "properties": {"sq": "879_9251", "crime_n": 22, "crime_night_n": 8, "nta": "West Lawn", "boro": "Chicago"}}, {"type": "Feature", "geometry": {"type": "Polygon", "coordinates": [[[-87.728056, 41.783544], [-87.72204, 41.783582], [-87.72209, 41.788086], [-87.728107, 41.788048], [-87.728056, 41.783544]]]}, "properties": {"sq": "879_9252", "crime_n": 45, "crime_night_n": 17, "nta": "West Lawn", "boro": "Chicago"}}, {"type": "Feature", "geometry": {"type": "Polygon", "coordinates": [[[-87.728107, 41.788048], [-87.72209, 41.788086], [-87.722141, 41.792589], [-87.728158, 41.792551], [-87.728107, 41.788048]]]}, "properties": {"sq": "879_9253", "crime_n": 17, "crime_night_n": 7, "nta": "West Elsdon", "boro": "Chicago"}}, {"type": "Feature", "geometry": {"type": "Polygon", "coordinates": [[[-87.728158, 41.792551], [-87.722141, 41.792589], [-87.722192, 41.797092], [-87.728209, 41.797054], [-87.728158, 41.792551]]]}, "properties": {"sq": "879_9254", "crime_n": 50, "crime_night_n": 20, "nta": "West Elsdon", "boro": "Chicago"}}, {"type": "Feature", "geometry": {"type": "Polygon", "coordinates": [[[-87.728209, 41.797054], [-87.722192, 41.797092], [-87.722242, 41.801595], [-87.72826, 41.801557], [-87.728209, 41.797054]]]}, "properties": {"sq": "879_9255", "crime_n": 54, "crime_night_n": 19, "nta": "West Elsdon", "boro": "Chicago"}}, {"type": "Feature", "geometry": {"type": "Polygon", "coordinates": [[[-87.72826, 41.801557], [-87.722242, 41.801595], [-87.722293, 41.806098], [-87.728311, 41.80606], [-87.72826, 41.801557]]]}, "properties": {"sq": "879_9256", "crime_n": 43, "crime_night_n": 15, "nta": "Archer Heights", "boro": "Chicago"}}, {"type": "Feature", "geometry": {"type": "Polygon", "coordinates": [[[-87.728311, 41.80606], [-87.722293, 41.806098], [-87.722343, 41.810601], [-87.728362, 41.810563], [-87.728311, 41.80606]]]}, "properties": {"sq": "879_9257", "crime_n": 46, "crime_night_n": 24, "nta": "Archer Heights", "boro": "Chicago"}}, {"type": "Feature", "geometry": {"type": "Polygon", "coordinates": [[[-87.728362, 41.810563], [-87.722343, 41.810601], [-87.722394, 41.815104], [-87.728413, 41.815066], [-87.728362, 41.810563]]]}, "properties": {"sq": "879_9258", "crime_n": 42, "crime_night_n": 20, "nta": "Archer Heights", "boro": "Chicago"}}, {"type": "Feature", "geometry": {"type": "Polygon", "coordinates": [[[-87.728413, 41.815066], [-87.722394, 41.815104], [-87.722444, 41.819607], [-87.728464, 41.819569], [-87.728413, 41.815066]]]}, "properties": {"sq": "879_9259", "crime_n": 11, "crime_night_n": 6, "nta": "Archer Heights", "boro": "Chicago"}}, {"type": "Feature", "geometry": {"type": "Polygon", "coordinates": [[[-87.728464, 41.819569], [-87.722444, 41.819607], [-87.722495, 41.824111], [-87.728515, 41.824073], [-87.728464, 41.819569]]]}, "properties": {"sq": "879_9260", "crime_n": 4, "crime_night_n": 1, "nta": "Archer Heights", "boro": "Chicago"}}, {"type": "Feature", "geometry": {"type": "Polygon", "coordinates": [[[-87.728515, 41.824073], [-87.722495, 41.824111], [-87.722546, 41.828614], [-87.728566, 41.828576], [-87.728515, 41.824073]]]}, "properties": {"sq": "879_9261", "crime_n": 6, "crime_night_n": 3, "nta": "South Lawndale", "boro": "Chicago"}}, {"type": "Feature", "geometry": {"type": "Polygon", "coordinates": [[[-87.728566, 41.828576], [-87.722546, 41.828614], [-87.722596, 41.833117], [-87.728618, 41.833079], [-87.728566, 41.828576]]]}, "properties": {"sq": "879_9262", "crime_n": 10, "crime_night_n": 3, "nta": "South Lawndale", "boro": "Chicago"}}, {"type": "Feature", "geometry": {"type": "Polygon", "coordinates": [[[-87.728618, 41.833079], [-87.722596, 41.833117], [-87.722647, 41.83762], [-87.728669, 41.837582], [-87.728618, 41.833079]]]}, "properties": {"sq": "879_9263", "crime_n": 59, "crime_night_n": 26, "nta": "South Lawndale", "boro": "Chicago"}}, {"type": "Feature", "geometry": {"type": "Polygon", "coordinates": [[[-87.728669, 41.837582], [-87.722647, 41.83762], [-87.722698, 41.842123], [-87.72872, 41.842085], [-87.728669, 41.837582]]]}, "properties": {"sq": "879_9264", "crime_n": 82, "crime_night_n": 42, "nta": "South Lawndale", "boro": "Chicago"}}, {"type": "Feature", "geometry": {"type": "Polygon", "coordinates": [[[-87.72872, 41.842085], [-87.722698, 41.842123], [-87.722748, 41.846626], [-87.728771, 41.846588], [-87.72872, 41.842085]]]}, "properties": {"sq": "879_9265", "crime_n": 167, "crime_night_n": 92, "nta": "South Lawndale", "boro": "Chicago"}}, {"type": "Feature", "geometry": {"type": "Polygon", "coordinates": [[[-87.728771, 41.846588], [-87.722748, 41.846626], [-87.722799, 41.851129], [-87.728822, 41.851091], [-87.728771, 41.846588]]]}, "properties": {"sq": "879_9266", "crime_n": 48, "crime_night_n": 21, "nta": "North Lawndale", "boro": "Chicago"}}, {"type": "Feature", "geometry": {"type": "Polygon", "coordinates": [[[-87.728822, 41.851091], [-87.722799, 41.851129], [-87.72285, 41.855632], [-87.728873, 41.855594], [-87.728822, 41.851091]]]}, "properties": {"sq": "879_9267", "crime_n": 164, "crime_night_n": 75, "nta": "North Lawndale", "boro": "Chicago"}}, {"type": "Feature", "geometry": {"type": "Polygon", "coordinates": [[[-87.728873, 41.855594], [-87.72285, 41.855632], [-87.7229, 41.860135], [-87.728924, 41.860097], [-87.728873, 41.855594]]]}, "properties": {"sq": "879_9268", "crime_n": 111, "crime_night_n": 52, "nta": "North Lawndale", "boro": "Chicago"}}, {"type": "Feature", "geometry": {"type": "Polygon", "coordinates": [[[-87.728924, 41.860097], [-87.7229, 41.860135], [-87.722951, 41.864638], [-87.728975, 41.8646], [-87.728924, 41.860097]]]}, "properties": {"sq": "879_9269", "crime_n": 94, "crime_night_n": 41, "nta": "North Lawndale", "boro": "Chicago"}}, {"type": "Feature", "geometry": {"type": "Polygon", "coordinates": [[[-87.728975, 41.8646], [-87.722951, 41.864638], [-87.723002, 41.869142], [-87.729027, 41.869103], [-87.728975, 41.8646]]]}, "properties": {"sq": "879_9270", "crime_n": 123, "crime_night_n": 57, "nta": "North Lawndale", "boro": "Chicago"}}, {"type": "Feature", "geometry": {"type": "Polygon", "coordinates": [[[-87.729027, 41.869103], [-87.723002, 41.869142], [-87.723053, 41.873645], [-87.729078, 41.873607], [-87.729027, 41.869103]]]}, "properties": {"sq": "879_9271", "crime_n": 166, "crime_night_n": 64, "nta": "West Garfield Park", "boro": "Chicago"}}, {"type": "Feature", "geometry": {"type": "Polygon", "coordinates": [[[-87.729078, 41.873607], [-87.723053, 41.873645], [-87.723103, 41.878148], [-87.729129, 41.87811], [-87.729078, 41.873607]]]}, "properties": {"sq": "879_9272", "crime_n": 185, "crime_night_n": 76, "nta": "West Garfield Park", "boro": "Chicago"}}, {"type": "Feature", "geometry": {"type": "Polygon", "coordinates": [[[-87.729129, 41.87811], [-87.723103, 41.878148], [-87.723154, 41.882651], [-87.72918, 41.882613], [-87.729129, 41.87811]]]}, "properties": {"sq": "879_9273", "crime_n": 297, "crime_night_n": 112, "nta": "West Garfield Park", "boro": "Chicago"}}, {"type": "Feature", "geometry": {"type": "Polygon", "coordinates": [[[-87.72918, 41.882613], [-87.723154, 41.882651], [-87.723205, 41.887154], [-87.729231, 41.887116], [-87.72918, 41.882613]]]}, "properties": {"sq": "879_9274", "crime_n": 86, "crime_night_n": 37, "nta": "West Garfield Park", "boro": "Chicago"}}, {"type": "Feature", "geometry": {"type": "Polygon", "coordinates": [[[-87.729231, 41.887116], [-87.723205, 41.887154], [-87.723256, 41.891657], [-87.729282, 41.891619], [-87.729231, 41.887116]]]}, "properties": {"sq": "879_9275", "crime_n": 35, "crime_night_n": 18, "nta": "Humboldt Park", "boro": "Chicago"}}, {"type": "Feature", "geometry": {"type": "Polygon", "coordinates": [[[-87.729282, 41.891619], [-87.723256, 41.891657], [-87.723307, 41.89616], [-87.729334, 41.896122], [-87.729282, 41.891619]]]}, "properties": {"sq": "879_9276", "crime_n": 121, "crime_night_n": 38, "nta": "Humboldt Park", "boro": "Chicago"}}, {"type": "Feature", "geometry": {"type": "Polygon", "coordinates": [[[-87.729334, 41.896122], [-87.723307, 41.89616], [-87.723357, 41.900663], [-87.729385, 41.900625], [-87.729334, 41.896122]]]}, "properties": {"sq": "879_9277", "crime_n": 104, "crime_night_n": 46, "nta": "Humboldt Park", "boro": "Chicago"}}, {"type": "Feature", "geometry": {"type": "Polygon", "coordinates": [[[-87.729385, 41.900625], [-87.723357, 41.900663], [-87.723408, 41.905166], [-87.729436, 41.905128], [-87.729385, 41.900625]]]}, "properties": {"sq": "879_9278", "crime_n": 169, "crime_night_n": 83, "nta": "Humboldt Park", "boro": "Chicago"}}, {"type": "Feature", "geometry": {"type": "Polygon", "coordinates": [[[-87.729436, 41.905128], [-87.723408, 41.905166], [-87.723459, 41.909669], [-87.729487, 41.909631], [-87.729436, 41.905128]]]}, "properties": {"sq": "879_9279", "crime_n": 111, "crime_night_n": 38, "nta": "Humboldt Park", "boro": "Chicago"}}, {"type": "Feature", "geometry": {"type": "Polygon", "coordinates": [[[-87.729487, 41.909631], [-87.723459, 41.909669], [-87.72351, 41.914172], [-87.729539, 41.914134], [-87.729487, 41.909631]]]}, "properties": {"sq": "879_9280", "crime_n": 97, "crime_night_n": 48, "nta": "Humboldt Park", "boro": "Chicago"}}, {"type": "Feature", "geometry": {"type": "Polygon", "coordinates": [[[-87.729539, 41.914134], [-87.72351, 41.914172], [-87.723561, 41.918675], [-87.72959, 41.918637], [-87.729539, 41.914134]]]}, "properties": {"sq": "879_9281", "crime_n": 104, "crime_night_n": 42, "nta": "Hermosa", "boro": "Chicago"}}, {"type": "Feature", "geometry": {"type": "Polygon", "coordinates": [[[-87.72959, 41.918637], [-87.723561, 41.918675], [-87.723612, 41.923178], [-87.729641, 41.92314], [-87.72959, 41.918637]]]}, "properties": {"sq": "879_9282", "crime_n": 45, "crime_night_n": 28, "nta": "Hermosa", "boro": "Chicago"}}, {"type": "Feature", "geometry": {"type": "Polygon", "coordinates": [[[-87.729641, 41.92314], [-87.723612, 41.923178], [-87.723663, 41.927681], [-87.729693, 41.927643], [-87.729641, 41.92314]]]}, "properties": {"sq": "879_9283", "crime_n": 43, "crime_night_n": 19, "nta": "Logan Square", "boro": "Chicago"}}, {"type": "Feature", "geometry": {"type": "Polygon", "coordinates": [[[-87.729693, 41.927643], [-87.723663, 41.927681], [-87.723713, 41.932184], [-87.729744, 41.932146], [-87.729693, 41.927643]]]}, "properties": {"sq": "879_9284", "crime_n": 39, "crime_night_n": 13, "nta": "Logan Square", "boro": "Chicago"}}, {"type": "Feature", "geometry": {"type": "Polygon", "coordinates": [[[-87.729744, 41.932146], [-87.723713, 41.932184], [-87.723764, 41.936687], [-87.729795, 41.936649], [-87.729744, 41.932146]]]}, "properties": {"sq": "879_9285", "crime_n": 28, "crime_night_n": 7, "nta": "Avondale", "boro": "Chicago"}}, {"type": "Feature", "geometry": {"type": "Polygon", "coordinates": [[[-87.729795, 41.936649], [-87.723764, 41.936687], [-87.723815, 41.94119], [-87.729847, 41.941152], [-87.729795, 41.936649]]]}, "properties": {"sq": "879_9286", "crime_n": 70, "crime_night_n": 18, "nta": "Avondale", "boro": "Chicago"}}, {"type": "Feature", "geometry": {"type": "Polygon", "coordinates": [[[-87.729847, 41.941152], [-87.723815, 41.94119], [-87.723866, 41.945693], [-87.729898, 41.945655], [-87.729847, 41.941152]]]}, "properties": {"sq": "879_9287", "crime_n": 32, "crime_night_n": 12, "nta": "Irving Park", "boro": "Chicago"}}, {"type": "Feature", "geometry": {"type": "Polygon", "coordinates": [[[-87.729898, 41.945655], [-87.723866, 41.945693], [-87.723917, 41.950196], [-87.729949, 41.950158], [-87.729898, 41.945655]]]}, "properties": {"sq": "879_9288", "crime_n": 21, "crime_night_n": 9, "nta": "Irving Park", "boro": "Chicago"}}, {"type": "Feature", "geometry": {"type": "Polygon", "coordinates": [[[-87.729949, 41.950158], [-87.723917, 41.950196], [-87.723968, 41.954699], [-87.730001, 41.954661], [-87.729949, 41.950158]]]}, "properties": {"sq": "879_9289", "crime_n": 35, "crime_night_n": 8, "nta": "Irving Park", "boro": "Chicago"}}, {"type": "Feature", "geometry": {"type": "Polygon", "coordinates": [[[-87.730001, 41.954661], [-87.723968, 41.954699], [-87.724019, 41.959202], [-87.730052, 41.959164], [-87.730001, 41.954661]]]}, "properties": {"sq": "879_9290", "crime_n": 28, "crime_night_n": 8, "nta": "Irving Park", "boro": "Chicago"}}, {"type": "Feature", "geometry": {"type": "Polygon", "coordinates": [[[-87.730052, 41.959164], [-87.724019, 41.959202], [-87.72407, 41.963705], [-87.730104, 41.963667], [-87.730052, 41.959164]]]}, "properties": {"sq": "879_9291", "crime_n": 48, "crime_night_n": 17, "nta": "Albany Park", "boro": "Chicago"}}, {"type": "Feature", "geometry": {"type": "Polygon", "coordinates": [[[-87.730104, 41.963667], [-87.72407, 41.963705], [-87.724121, 41.968208], [-87.730155, 41.96817], [-87.730104, 41.963667]]]}, "properties": {"sq": "879_9292", "crime_n": 43, "crime_night_n": 15, "nta": "Albany Park", "boro": "Chicago"}}, {"type": "Feature", "geometry": {"type": "Polygon", "coordinates": [[[-87.730155, 41.96817], [-87.724121, 41.968208], [-87.724172, 41.972711], [-87.730206, 41.972673], [-87.730155, 41.96817]]]}, "properties": {"sq": "879_9293", "crime_n": 93, "crime_night_n": 42, "nta": "Albany Park", "boro": "Chicago"}}, {"type": "Feature", "geometry": {"type": "Polygon", "coordinates": [[[-87.730206, 41.972673], [-87.724172, 41.972711], [-87.724223, 41.977214], [-87.730258, 41.977176], [-87.730206, 41.972673]]]}, "properties": {"sq": "879_9294", "crime_n": 40, "crime_night_n": 13, "nta": "North Park", "boro": "Chicago"}}, {"type": "Feature", "geometry": {"type": "Polygon", "coordinates": [[[-87.730258, 41.977176], [-87.724223, 41.977214], [-87.724274, 41.981717], [-87.730309, 41.981679], [-87.730258, 41.977176]]]}, "properties": {"sq": "879_9295", "crime_n": 2, "crime_night_n": 1, "nta": "North Park", "boro": "Chicago"}}, {"type": "Feature", "geometry": {"type": "Polygon", "coordinates": [[[-87.730309, 41.981679], [-87.724274, 41.981717], [-87.724325, 41.98622], [-87.730361, 41.986182], [-87.730309, 41.981679]]]}, "properties": {"sq": "879_9296", "crime_n": 6, "crime_night_n": 2, "nta": "North Park", "boro": "Chicago"}}, {"type": "Feature", "geometry": {"type": "Polygon", "coordinates": [[[-87.730361, 41.986182], [-87.724325, 41.98622], [-87.724376, 41.990723], [-87.730412, 41.990685], [-87.730361, 41.986182]]]}, "properties": {"sq": "879_9297", "crime_n": 9, "crime_night_n": 4, "nta": "North Park", "boro": "Chicago"}}, {"type": "Feature", "geometry": {"type": "Polygon", "coordinates": [[[-87.730412, 41.990685], [-87.724376, 41.990723], [-87.724427, 41.995226], [-87.730464, 41.995188], [-87.730412, 41.990685]]]}, "properties": {"sq": "879_9298", "crime_n": 6, "crime_night_n": 1, "nta": "North Park", "boro": "Chicago"}}, {"type": "Feature", "geometry": {"type": "Polygon", "coordinates": [[[-87.730464, 41.995188], [-87.724427, 41.995226], [-87.724478, 41.999729], [-87.730515, 41.999691], [-87.730464, 41.995188]]]}, "properties": {"sq": "879_9299", "crime_n": 7, "crime_night_n": 3, "nta": "Forest Glen", "boro": "Chicago"}}, {"type": "Feature", "geometry": {"type": "Polygon", "coordinates": [[[-87.720881, 41.680009], [-87.714874, 41.680047], [-87.714924, 41.68455], [-87.720931, 41.684512], [-87.720881, 41.680009]]]}, "properties": {"sq": "880_9229", "crime_n": 1, "crime_night_n": 1, "nta": "Mount Greenwood", "boro": "Chicago"}}, {"type": "Feature", "geometry": {"type": "Polygon", "coordinates": [[[-87.720931, 41.684512], [-87.714924, 41.68455], [-87.714974, 41.689053], [-87.720981, 41.689016], [-87.720931, 41.684512]]]}, "properties": {"sq": "880_9230", "crime_n": 1, "crime_night_n": 0, "nta": "Mount Greenwood", "boro": "Chicago"}}, {"type": "Feature", "geometry": {"type": "Polygon", "coordinates": [[[-87.720981, 41.689016], [-87.714974, 41.689053], [-87.715024, 41.693556], [-87.721032, 41.693519], [-87.720981, 41.689016]]]}, "properties": {"sq": "880_9231", "crime_n": 9, "crime_night_n": 3, "nta": "Mount Greenwood", "boro": "Chicago"}}, {"type": "Feature", "geometry": {"type": "Polygon", "coordinates": [[[-87.721032, 41.693519], [-87.715024, 41.693556], [-87.715074, 41.69806], [-87.721082, 41.698022], [-87.721032, 41.693519]]]}, "properties": {"sq": "880_9232", "crime_n": 2, "crime_night_n": 1, "nta": "Mount Greenwood", "boro": "Chicago"}}, {"type": "Feature", "geometry": {"type": "Polygon", "coordinates": [[[-87.721082, 41.698022], [-87.715074, 41.69806], [-87.715123, 41.702563], [-87.721132, 41.702525], [-87.721082, 41.698022]]]}, "properties": {"sq": "880_9233", "crime_n": 1, "crime_night_n": 1, "nta": "Mount Greenwood", "boro": "Chicago"}}, {"type": "Feature", "geometry": {"type": "Polygon", "coordinates": [[[-87.721132, 41.702525], [-87.715123, 41.702563], [-87.715173, 41.707066], [-87.721183, 41.707028], [-87.721132, 41.702525]]]}, "properties": {"sq": "880_9234", "crime_n": 2, "crime_night_n": 0, "nta": "Mount Greenwood", "boro": "Chicago"}}, {"type": "Feature", "geometry": {"type": "Polygon", "coordinates": [[[-87.721183, 41.707028], [-87.715173, 41.707066], [-87.715223, 41.711569], [-87.721233, 41.711532], [-87.721183, 41.707028]]]}, "properties": {"sq": "880_9235", "crime_n": 0, "crime_night_n": 0, "nta": "Mount Greenwood", "boro": "Chicago"}}, {"type": "Feature", "geometry": {"type": "Polygon", "coordinates": [[[-87.721233, 41.711532], [-87.715223, 41.711569], [-87.715273, 41.716072], [-87.721283, 41.716035], [-87.721233, 41.711532]]]}, "properties": {"sq": "880_9236", "crime_n": 0, "crime_night_n": 0, "nta": "Mount Greenwood", "boro": "Chicago"}}, {"type": "Feature", "geometry": {"type": "Polygon", "coordinates": [[[-87.721485, 41.734048], [-87.715473, 41.734085], [-87.715523, 41.738588], [-87.721535, 41.738551], [-87.721485, 41.734048]]]}, "properties": {"sq": "880_9241", "crime_n": 6, "crime_night_n": 3, "nta": "Ashburn", "boro": "Chicago"}}, {"type": "Feature", "geometry": {"type": "Polygon", "coordinates": [[[-87.721535, 41.738551], [-87.715523, 41.738588], [-87.715573, 41.743092], [-87.721586, 41.743054], [-87.721535, 41.738551]]]}, "properties": {"sq": "880_9242", "crime_n": 9, "crime_night_n": 2, "nta": "Ashburn", "boro": "Chicago"}}, {"type": "Feature", "geometry": {"type": "Polygon", "coordinates": [[[-87.721586, 41.743054], [-87.715573, 41.743092], [-87.715623, 41.747595], [-87.721636, 41.747557], [-87.721586, 41.743054]]]}, "properties": {"sq": "880_9243", "crime_n": 10, "crime_night_n": 3, "nta": "Ashburn", "boro": "Chicago"}}, {"type": "Feature", "geometry": {"type": "Polygon", "coordinates": [[[-87.721636, 41.747557], [-87.715623, 41.747595], [-87.715673, 41.752098], [-87.721687, 41.75206], [-87.721636, 41.747557]]]}, "properties": {"sq": "880_9244", "crime_n": 19, "crime_night_n": 4, "nta": "Ashburn", "boro": "Chicago"}}, {"type": "Feature", "geometry": {"type": "Polygon", "coordinates": [[[-87.721687, 41.75206], [-87.715673, 41.752098], [-87.715723, 41.756601], [-87.721737, 41.756563], [-87.721687, 41.75206]]]}, "properties": {"sq": "880_9245", "crime_n": 12, "crime_night_n": 4, "nta": "Ashburn", "boro": "Chicago"}}, {"type": "Feature", "geometry": {"type": "Polygon", "coordinates": [[[-87.721737, 41.756563], [-87.715723, 41.756601], [-87.715773, 41.761104], [-87.721787, 41.761067], [-87.721737, 41.756563]]]}, "properties": {"sq": "880_9246", "crime_n": 1, "crime_night_n": 0, "nta": "Ashburn", "boro": "Chicago"}}, {"type": "Feature", "geometry": {"type": "Polygon", "coordinates": [[[-87.721787, 41.761067], [-87.715773, 41.761104], [-87.715823, 41.765607], [-87.721838, 41.76557], [-87.721787, 41.761067]]]}, "properties": {"sq": "880_9247", "crime_n": 15, "crime_night_n": 5, "nta": "West Lawn", "boro": "Chicago"}}, {"type": "Feature", "geometry": {"type": "Polygon", "coordinates": [[[-87.721838, 41.76557], [-87.715823, 41.765607], [-87.715873, 41.770111], [-87.721888, 41.770073], [-87.721838, 41.76557]]]}, "properties": {"sq": "880_9248", "crime_n": 19, "crime_night_n": 7, "nta": "West Lawn", "boro": "Chicago"}}, {"type": "Feature", "geometry": {"type": "Polygon", "coordinates": [[[-87.721888, 41.770073], [-87.715873, 41.770111], [-87.715923, 41.774614], [-87.721939, 41.774576], [-87.721888, 41.770073]]]}, "properties": {"sq": "880_9249", "crime_n": 12, "crime_night_n": 7, "nta": "West Lawn", "boro": "Chicago"}}, {"type": "Feature", "geometry": {"type": "Polygon", "coordinates": [[[-87.721939, 41.774576], [-87.715923, 41.774614], [-87.715973, 41.779117], [-87.721989, 41.779079], [-87.721939, 41.774576]]]}, "properties": {"sq": "880_9250", "crime_n": 22, "crime_night_n": 3, "nta": "West Lawn", "boro": "Chicago"}}, {"type": "Feature", "geometry": {"type": "Polygon", "coordinates": [[[-87.721989, 41.779079], [-87.715973, 41.779117], [-87.716023, 41.78362], [-87.72204, 41.783582], [-87.721989, 41.779079]]]}, "properties": {"sq": "880_9251", "crime_n": 20, "crime_night_n": 6, "nta": "West Lawn", "boro": "Chicago"}}, {"type": "Feature", "geometry": {"type": "Polygon", "coordinates": [[[-87.72204, 41.783582], [-87.716023, 41.78362], [-87.716074, 41.788123], [-87.72209, 41.788086], [-87.72204, 41.783582]]]}, "properties": {"sq": "880_9252", "crime_n": 30, "crime_night_n": 12, "nta": "West Elsdon", "boro": "Chicago"}}, {"type": "Feature", "geometry": {"type": "Polygon", "coordinates": [[[-87.72209, 41.788086], [-87.716074, 41.788123], [-87.716124, 41.792626], [-87.722141, 41.792589], [-87.72209, 41.788086]]]}, "properties": {"sq": "880_9253", "crime_n": 20, "crime_night_n": 14, "nta": "West Elsdon", "boro": "Chicago"}}, {"type": "Feature", "geometry": {"type": "Polygon", "coordinates": [[[-87.722141, 41.792589], [-87.716124, 41.792626], [-87.716174, 41.79713], [-87.722192, 41.797092], [-87.722141, 41.792589]]]}, "properties": {"sq": "880_9254", "crime_n": 17, "crime_night_n": 13, "nta": "West Elsdon", "boro": "Chicago"}}, {"type": "Feature", "geometry": {"type": "Polygon", "coordinates": [[[-87.722192, 41.797092], [-87.716174, 41.79713], [-87.716224, 41.801633], [-87.722242, 41.801595], [-87.722192, 41.797092]]]}, "properties": {"sq": "880_9255", "crime_n": 10, "crime_night_n": 4, "nta": "West Elsdon", "boro": "Chicago"}}, {"type": "Feature", "geometry": {"type": "Polygon", "coordinates": [[[-87.722242, 41.801595], [-87.716224, 41.801633], [-87.716274, 41.806136], [-87.722293, 41.806098], [-87.722242, 41.801595]]]}, "properties": {"sq": "880_9256", "crime_n": 16, "crime_night_n": 7, "nta": "Archer Heights", "boro": "Chicago"}}, {"type": "Feature", "geometry": {"type": "Polygon", "coordinates": [[[-87.722293, 41.806098], [-87.716274, 41.806136], [-87.716324, 41.810639], [-87.722343, 41.810601], [-87.722293, 41.806098]]]}, "properties": {"sq": "880_9257", "crime_n": 19, "crime_night_n": 12, "nta": "Archer Heights", "boro": "Chicago"}}, {"type": "Feature", "geometry": {"type": "Polygon", "coordinates": [[[-87.722343, 41.810601], [-87.716324, 41.810639], [-87.716374, 41.815142], [-87.722394, 41.815104], [-87.722343, 41.810601]]]}, "properties": {"sq": "880_9258", "crime_n": 4, "crime_night_n": 1, "nta": "Archer Heights", "boro": "Chicago"}}, {"type": "Feature", "geometry": {"type": "Polygon", "coordinates": [[[-87.722394, 41.815104], [-87.716374, 41.815142], [-87.716425, 41.819645], [-87.722444, 41.819607], [-87.722394, 41.815104]]]}, "properties": {"sq": "880_9259", "crime_n": 1, "crime_night_n": 1, "nta": "Archer Heights", "boro": "Chicago"}}, {"type": "Feature", "geometry": {"type": "Polygon", "coordinates": [[[-87.722444, 41.819607], [-87.716425, 41.819645], [-87.716475, 41.824148], [-87.722495, 41.824111], [-87.722444, 41.819607]]]}, "properties": {"sq": "880_9260", "crime_n": 0, "crime_night_n": 0, "nta": "Archer Heights", "boro": "Chicago"}}, {"type": "Feature", "geometry": {"type": "Polygon", "coordinates": [[[-87.722495, 41.824111], [-87.716475, 41.824148], [-87.716525, 41.828651], [-87.722546, 41.828614], [-87.722495, 41.824111]]]}, "properties": {"sq": "880_9261", "crime_n": 0, "crime_night_n": 0, "nta": "South Lawndale", "boro": "Chicago"}}, {"type": "Feature", "geometry": {"type": "Polygon", "coordinates": [[[-87.722546, 41.828614], [-87.716525, 41.828651], [-87.716575, 41.833155], [-87.722596, 41.833117], [-87.722546, 41.828614]]]}, "properties": {"sq": "880_9262", "crime_n": 2, "crime_night_n": 0, "nta": "South Lawndale", "boro": "Chicago"}}, {"type": "Feature", "geometry": {"type": "Polygon", "coordinates": [[[-87.722596, 41.833117], [-87.716575, 41.833155], [-87.716625, 41.837658], [-87.722647, 41.83762], [-87.722596, 41.833117]]]}, "properties": {"sq": "880_9263", "crime_n": 24, "crime_night_n": 14, "nta": "South Lawndale", "boro": "Chicago"}}, {"type": "Feature", "geometry": {"type": "Polygon", "coordinates": [[[-87.722647, 41.83762], [-87.716625, 41.837658], [-87.716676, 41.842161], [-87.722698, 41.842123], [-87.722647, 41.83762]]]}, "properties": {"sq": "880_9264", "crime_n": 61, "crime_night_n": 33, "nta": "South Lawndale", "boro": "Chicago"}}, {"type": "Feature", "geometry": {"type": "Polygon", "coordinates": [[[-87.722698, 41.842123], [-87.716676, 41.842161], [-87.716726, 41.846664], [-87.722748, 41.846626], [-87.722698, 41.842123]]]}, "properties": {"sq": "880_9265", "crime_n": 98, "crime_night_n": 44, "nta": "South Lawndale", "boro": "Chicago"}}, {"type": "Feature", "geometry": {"type": "Polygon", "coordinates": [[[-87.722748, 41.846626], [-87.716726, 41.846664], [-87.716776, 41.851167], [-87.722799, 41.851129], [-87.722748, 41.846626]]]}, "properties": {"sq": "880_9266", "crime_n": 51, "crime_night_n": 21, "nta": "South Lawndale", "boro": "Chicago"}}, {"type": "Feature", "geometry": {"type": "Polygon", "coordinates": [[[-87.722799, 41.851129], [-87.716776, 41.851167], [-87.716826, 41.85567], [-87.72285, 41.855632], [-87.722799, 41.851129]]]}, "properties": {"sq": "880_9267", "crime_n": 54, "crime_night_n": 18, "nta": "North Lawndale", "boro": "Chicago"}}, {"type": "Feature", "geometry": {"type": "Polygon", "coordinates": [[[-87.72285, 41.855632], [-87.716826, 41.85567], [-87.716877, 41.860173], [-87.7229, 41.860135], [-87.72285, 41.855632]]]}, "properties": {"sq": "880_9268", "crime_n": 147, "crime_night_n": 66, "nta": "North Lawndale", "boro": "Chicago"}}, {"type": "Feature", "geometry": {"type": "Polygon", "coordinates": [[[-87.7229, 41.860135], [-87.716877, 41.860173], [-87.716927, 41.864676], [-87.722951, 41.864638], [-87.7229, 41.860135]]]}, "properties": {"sq": "880_9269", "crime_n": 138, "crime_night_n": 54, "nta": "North Lawndale", "boro": "Chicago"}}, {"type": "Feature", "geometry": {"type": "Polygon", "coordinates": [[[-87.722951, 41.864638], [-87.716927, 41.864676], [-87.716977, 41.869179], [-87.723002, 41.869142], [-87.722951, 41.864638]]]}, "properties": {"sq": "880_9270", "crime_n": 124, "crime_night_n": 52, "nta": "North Lawndale", "boro": "Chicago"}}, {"type": "Feature", "geometry": {"type": "Polygon", "coordinates": [[[-87.723002, 41.869142], [-87.716977, 41.869179], [-87.717028, 41.873682], [-87.723053, 41.873645], [-87.723002, 41.869142]]]}, "properties": {"sq": "880_9271", "crime_n": 214, "crime_night_n": 101, "nta": "West Garfield Park", "boro": "Chicago"}}, {"type": "Feature", "geometry": {"type": "Polygon", "coordinates": [[[-87.723053, 41.873645], [-87.717028, 41.873682], [-87.717078, 41.878185], [-87.723103, 41.878148], [-87.723053, 41.873645]]]}, "properties": {"sq": "880_9272", "crime_n": 74, "crime_night_n": 27, "nta": "West Garfield Park", "boro": "Chicago"}}, {"type": "Feature", "geometry": {"type": "Polygon", "coordinates": [[[-87.723103, 41.878148], [-87.717078, 41.878185], [-87.717128, 41.882689], [-87.723154, 41.882651], [-87.723103, 41.878148]]]}, "properties": {"sq": "880_9273", "crime_n": 126, "crime_night_n": 49, "nta": "West Garfield Park", "boro": "Chicago"}}, {"type": "Feature", "geometry": {"type": "Polygon", "coordinates": [[[-87.723154, 41.882651], [-87.717128, 41.882689], [-87.717179, 41.887192], [-87.723205, 41.887154], [-87.723154, 41.882651]]]}, "properties": {"sq": "880_9274", "crime_n": 31, "crime_night_n": 12, "nta": "West Garfield Park", "boro": "Chicago"}}, {"type": "Feature", "geometry": {"type": "Polygon", "coordinates": [[[-87.723205, 41.887154], [-87.717179, 41.887192], [-87.717229, 41.891695], [-87.723256, 41.891657], [-87.723205, 41.887154]]]}, "properties": {"sq": "880_9275", "crime_n": 62, "crime_night_n": 22, "nta": "Humboldt Park", "boro": "Chicago"}}, {"type": "Feature", "geometry": {"type": "Polygon", "coordinates": [[[-87.723256, 41.891657], [-87.717229, 41.891695], [-87.71728, 41.896198], [-87.723307, 41.89616], [-87.723256, 41.891657]]]}, "properties": {"sq": "880_9276", "crime_n": 171, "crime_night_n": 68, "nta": "Humboldt Park", "boro": "Chicago"}}, {"type": "Feature", "geometry": {"type": "Polygon", "coordinates": [[[-87.723307, 41.89616], [-87.71728, 41.896198], [-87.71733, 41.900701], [-87.723357, 41.900663], [-87.723307, 41.89616]]]}, "properties": {"sq": "880_9277", "crime_n": 138, "crime_night_n": 54, "nta": "Humboldt Park", "boro": "Chicago"}}, {"type": "Feature", "geometry": {"type": "Polygon", "coordinates": [[[-87.723357, 41.900663], [-87.71733, 41.900701], [-87.71738, 41.905204], [-87.723408, 41.905166], [-87.723357, 41.900663]]]}, "properties": {"sq": "880_9278", "crime_n": 139, "crime_night_n": 53, "nta": "Humboldt Park", "boro": "Chicago"}}, {"type": "Feature", "geometry": {"type": "Polygon", "coordinates": [[[-87.723408, 41.905166], [-87.71738, 41.905204], [-87.717431, 41.909707], [-87.723459, 41.909669], [-87.723408, 41.905166]]]}, "properties": {"sq": "880_9279", "crime_n": 47, "crime_night_n": 21, "nta": "Humboldt Park", "boro": "Chicago"}}, {"type": "Feature", "geometry": {"type": "Polygon", "coordinates": [[[-87.723459, 41.909669], [-87.717431, 41.909707], [-87.717481, 41.91421], [-87.72351, 41.914172], [-87.723459, 41.909669]]]}, "properties": {"sq": "880_9280", "crime_n": 44, "crime_night_n": 14, "nta": "Humboldt Park", "boro": "Chicago"}}, {"type": "Feature", "geometry": {"type": "Polygon", "coordinates": [[[-87.72351, 41.914172], [-87.717481, 41.91421], [-87.717532, 41.918713], [-87.723561, 41.918675], [-87.72351, 41.914172]]]}, "properties": {"sq": "880_9281", "crime_n": 72, "crime_night_n": 45, "nta": "Logan Square", "boro": "Chicago"}}, {"type": "Feature", "geometry": {"type": "Polygon", "coordinates": [[[-87.723561, 41.918675], [-87.717532, 41.918713], [-87.717582, 41.923216], [-87.723612, 41.923178], [-87.723561, 41.918675]]]}, "properties": {"sq": "880_9282", "crime_n": 42, "crime_night_n": 21, "nta": "Logan Square", "boro": "Chicago"}}, {"type": "Feature", "geometry": {"type": "Polygon", "coordinates": [[[-87.723612, 41.923178], [-87.717582, 41.923216], [-87.717633, 41.927719], [-87.723663, 41.927681], [-87.723612, 41.923178]]]}, "properties": {"sq": "880_9283", "crime_n": 45, "crime_night_n": 16, "nta": "Logan Square", "boro": "Chicago"}}, {"type": "Feature", "geometry": {"type": "Polygon", "coordinates": [[[-87.723663, 41.927681], [-87.717633, 41.927719], [-87.717683, 41.932222], [-87.723713, 41.932184], [-87.723663, 41.927681]]]}, "properties": {"sq": "880_9284", "crime_n": 49, "crime_night_n": 23, "nta": "Logan Square", "boro": "Chicago"}}, {"type": "Feature", "geometry": {"type": "Polygon", "coordinates": [[[-87.723713, 41.932184], [-87.717683, 41.932222], [-87.717733, 41.936725], [-87.723764, 41.936687], [-87.723713, 41.932184]]]}, "properties": {"sq": "880_9285", "crime_n": 43, "crime_night_n": 20, "nta": "Avondale", "boro": "Chicago"}}, {"type": "Feature", "geometry": {"type": "Polygon", "coordinates": [[[-87.723764, 41.936687], [-87.717733, 41.936725], [-87.717784, 41.941228], [-87.723815, 41.94119], [-87.723764, 41.936687]]]}, "properties": {"sq": "880_9286", "crime_n": 53, "crime_night_n": 17, "nta": "Avondale", "boro": "Chicago"}}, {"type": "Feature", "geometry": {"type": "Polygon", "coordinates": [[[-87.723815, 41.94119], [-87.717784, 41.941228], [-87.717834, 41.945731], [-87.723866, 41.945693], [-87.723815, 41.94119]]]}, "properties": {"sq": "880_9287", "crime_n": 19, "crime_night_n": 7, "nta": "Avondale", "boro": "Chicago"}}, {"type": "Feature", "geometry": {"type": "Polygon", "coordinates": [[[-87.723866, 41.945693], [-87.717834, 41.945731], [-87.717885, 41.950234], [-87.723917, 41.950196], [-87.723866, 41.945693]]]}, "properties": {"sq": "880_9288", "crime_n": 15, "crime_night_n": 5, "nta": "Irving Park", "boro": "Chicago"}}, {"type": "Feature", "geometry": {"type": "Polygon", "coordinates": [[[-87.723917, 41.950196], [-87.717885, 41.950234], [-87.717936, 41.954737], [-87.723968, 41.954699], [-87.723917, 41.950196]]]}, "properties": {"sq": "880_9289", "crime_n": 24, "crime_night_n": 6, "nta": "Irving Park", "boro": "Chicago"}}, {"type": "Feature", "geometry": {"type": "Polygon", "coordinates": [[[-87.723968, 41.954699], [-87.717936, 41.954737], [-87.717986, 41.95924], [-87.724019, 41.959202], [-87.723968, 41.954699]]]}, "properties": {"sq": "880_9290", "crime_n": 17, "crime_night_n": 4, "nta": "Irving Park", "boro": "Chicago"}}, {"type": "Feature", "geometry": {"type": "Polygon", "coordinates": [[[-87.724019, 41.959202], [-87.717986, 41.95924], [-87.718037, 41.963743], [-87.72407, 41.963705], [-87.724019, 41.959202]]]}, "properties": {"sq": "880_9291", "crime_n": 33, "crime_night_n": 15, "nta": "Albany Park", "boro": "Chicago"}}, {"type": "Feature", "geometry": {"type": "Polygon", "coordinates": [[[-87.72407, 41.963705], [-87.718037, 41.963743], [-87.718087, 41.968246], [-87.724121, 41.968208], [-87.72407, 41.963705]]]}, "properties": {"sq": "880_9292", "crime_n": 70, "crime_night_n": 24, "nta": "Albany Park", "boro": "Chicago"}}, {"type": "Feature", "geometry": {"type": "Polygon", "coordinates": [[[-87.724121, 41.968208], [-87.718087, 41.968246], [-87.718138, 41.972749], [-87.724172, 41.972711], [-87.724121, 41.968208]]]}, "properties": {"sq": "880_9293", "crime_n": 89, "crime_night_n": 39, "nta": "Albany Park", "boro": "Chicago"}}, {"type": "Feature", "geometry": {"type": "Polygon", "coordinates": [[[-87.724172, 41.972711], [-87.718138, 41.972749], [-87.718188, 41.977252], [-87.724223, 41.977214], [-87.724172, 41.972711]]]}, "properties": {"sq": "880_9294", "crime_n": 8, "crime_night_n": 4, "nta": "Albany Park", "boro": "Chicago"}}, {"type": "Feature", "geometry": {"type": "Polygon", "coordinates": [[[-87.724223, 41.977214], [-87.718188, 41.977252], [-87.718239, 41.981755], [-87.724274, 41.981717], [-87.724223, 41.977214]]]}, "properties": {"sq": "880_9295", "crime_n": 0, "crime_night_n": 0, "nta": "North Park", "boro": "Chicago"}}, {"type": "Feature", "geometry": {"type": "Polygon", "coordinates": [[[-87.724274, 41.981717], [-87.718239, 41.981755], [-87.71829, 41.986258], [-87.724325, 41.98622], [-87.724274, 41.981717]]]}, "properties": {"sq": "880_9296", "crime_n": 1, "crime_night_n": 0, "nta": "North Park", "boro": "Chicago"}}, {"type": "Feature", "geometry": {"type": "Polygon", "coordinates": [[[-87.724325, 41.98622], [-87.71829, 41.986258], [-87.71834, 41.990761], [-87.724376, 41.990723], [-87.724325, 41.98622]]]}, "properties": {"sq": "880_9297", "crime_n": 2, "crime_night_n": 0, "nta": "North Park", "boro": "Chicago"}}, {"type": "Feature", "geometry": {"type": "Polygon", "coordinates": [[[-87.724376, 41.990723], [-87.71834, 41.990761], [-87.718391, 41.995264], [-87.724427, 41.995226], [-87.724376, 41.990723]]]}, "properties": {"sq": "880_9298", "crime_n": 3, "crime_night_n": 1, "nta": "North Park", "boro": "Chicago"}}, {"type": "Feature", "geometry": {"type": "Polygon", "coordinates": [[[-87.724427, 41.995226], [-87.718391, 41.995264], [-87.718442, 41.999767], [-87.724478, 41.999729], [-87.724427, 41.995226]]]}, "properties": {"sq": "880_9299", "crime_n": 1, "crime_night_n": 0, "nta": "North Park", "boro": "Chicago"}}, {"type": "Feature", "geometry": {"type": "Polygon", "coordinates": [[[-87.714874, 41.680047], [-87.708867, 41.680084], [-87.708917, 41.684587], [-87.714924, 41.68455], [-87.714874, 41.680047]]]}, "properties": {"sq": "881_9229", "crime_n": 2, "crime_night_n": 0, "nta": "Mount Greenwood", "boro": "Chicago"}}, {"type": "Feature", "geometry": {"type": "Polygon", "coordinates": [[[-87.714924, 41.68455], [-87.708917, 41.684587], [-87.708966, 41.68909], [-87.714974, 41.689053], [-87.714924, 41.68455]]]}, "properties": {"sq": "881_9230", "crime_n": 1, "crime_night_n": 1, "nta": "Mount Greenwood", "boro": "Chicago"}}, {"type": "Feature", "geometry": {"type": "Polygon", "coordinates": [[[-87.714974, 41.689053], [-87.708966, 41.68909], [-87.709015, 41.693594], [-87.715024, 41.693556], [-87.714974, 41.689053]]]}, "properties": {"sq": "881_9231", "crime_n": 14, "crime_night_n": 4, "nta": "Mount Greenwood", "boro": "Chicago"}}, {"type": "Feature", "geometry": {"type": "Polygon", "coordinates": [[[-87.715024, 41.693556], [-87.709015, 41.693594], [-87.709065, 41.698097], [-87.715074, 41.69806], [-87.715024, 41.693556]]]}, "properties": {"sq": "881_9232", "crime_n": 3, "crime_night_n": 0, "nta": "Mount Greenwood", "boro": "Chicago"}}, {"type": "Feature", "geometry": {"type": "Polygon", "coordinates": [[[-87.715074, 41.69806], [-87.709065, 41.698097], [-87.709114, 41.7026], [-87.715123, 41.702563], [-87.715074, 41.69806]]]}, "properties": {"sq": "881_9233", "crime_n": 4, "crime_night_n": 0, "nta": "Mount Greenwood", "boro": "Chicago"}}, {"type": "Feature", "geometry": {"type": "Polygon", "coordinates": [[[-87.715123, 41.702563], [-87.709114, 41.7026], [-87.709164, 41.707103], [-87.715173, 41.707066], [-87.715123, 41.702563]]]}, "properties": {"sq": "881_9234", "crime_n": 1, "crime_night_n": 1, "nta": "Mount Greenwood", "boro": "Chicago"}}, {"type": "Feature", "geometry": {"type": "Polygon", "coordinates": [[[-87.715173, 41.707066], [-87.709164, 41.707103], [-87.709213, 41.711606], [-87.715223, 41.711569], [-87.715173, 41.707066]]]}, "properties": {"sq": "881_9235", "crime_n": 0, "crime_night_n": 0, "nta": "Mount Greenwood", "boro": "Chicago"}}, {"type": "Feature", "geometry": {"type": "Polygon", "coordinates": [[[-87.715223, 41.711569], [-87.709213, 41.711606], [-87.709263, 41.71611], [-87.715273, 41.716072], [-87.715223, 41.711569]]]}, "properties": {"sq": "881_9236", "crime_n": 0, "crime_night_n": 0, "nta": "Mount Greenwood", "boro": "Chicago"}}, {"type": "Feature", "geometry": {"type": "Polygon", "coordinates": [[[-87.715473, 41.734085], [-87.709461, 41.734122], [-87.709511, 41.738626], [-87.715523, 41.738588], [-87.715473, 41.734085]]]}, "properties": {"sq": "881_9241", "crime_n": 6, "crime_night_n": 2, "nta": "Ashburn", "boro": "Chicago"}}, {"type": "Feature", "geometry": {"type": "Polygon", "coordinates": [[[-87.715523, 41.738588], [-87.709511, 41.738626], [-87.70956, 41.743129], [-87.715573, 41.743092], [-87.715523, 41.738588]]]}, "properties": {"sq": "881_9242", "crime_n": 9, "crime_night_n": 4, "nta": "Ashburn", "boro": "Chicago"}}, {"type": "Feature", "geometry": {"type": "Polygon", "coordinates": [[[-87.715573, 41.743092], [-87.70956, 41.743129], [-87.70961, 41.747632], [-87.715623, 41.747595], [-87.715573, 41.743092]]]}, "properties": {"sq": "881_9243", "crime_n": 12, "crime_night_n": 6, "nta": "Ashburn", "boro": "Chicago"}}, {"type": "Feature", "geometry": {"type": "Polygon", "coordinates": [[[-87.715623, 41.747595], [-87.70961, 41.747632], [-87.709659, 41.752135], [-87.715673, 41.752098], [-87.715623, 41.747595]]]}, "properties": {"sq": "881_9244", "crime_n": 13, "crime_night_n": 6, "nta": "Ashburn", "boro": "Chicago"}}, {"type": "Feature", "geometry": {"type": "Polygon", "coordinates": [[[-87.715673, 41.752098], [-87.709659, 41.752135], [-87.709709, 41.756638], [-87.715723, 41.756601], [-87.715673, 41.752098]]]}, "properties": {"sq": "881_9245", "crime_n": 6, "crime_night_n": 3, "nta": "Ashburn", "boro": "Chicago"}}, {"type": "Feature", "geometry": {"type": "Polygon", "coordinates": [[[-87.715723, 41.756601], [-87.709709, 41.756638], [-87.709759, 41.761142], [-87.715773, 41.761104], [-87.715723, 41.756601]]]}, "properties": {"sq": "881_9246", "crime_n": 3, "crime_night_n": 1, "nta": "Chicago Lawn", "boro": "Chicago"}}, {"type": "Feature", "geometry": {"type": "Polygon", "coordinates": [[[-87.715773, 41.761104], [-87.709759, 41.761142], [-87.709808, 41.765645], [-87.715823, 41.765607], [-87.715773, 41.761104]]]}, "properties": {"sq": "881_9247", "crime_n": 16, "crime_night_n": 9, "nta": "West Lawn", "boro": "Chicago"}}, {"type": "Feature", "geometry": {"type": "Polygon", "coordinates": [[[-87.715823, 41.765607], [-87.709808, 41.765645], [-87.709858, 41.770148], [-87.715873, 41.770111], [-87.715823, 41.765607]]]}, "properties": {"sq": "881_9248", "crime_n": 10, "crime_night_n": 2, "nta": "West Lawn", "boro": "Chicago"}}, {"type": "Feature", "geometry": {"type": "Polygon", "coordinates": [[[-87.715873, 41.770111], [-87.709858, 41.770148], [-87.709907, 41.774651], [-87.715923, 41.774614], [-87.715873, 41.770111]]]}, "properties": {"sq": "881_9249", "crime_n": 16, "crime_night_n": 8, "nta": "Chicago Lawn", "boro": "Chicago"}}, {"type": "Feature", "geometry": {"type": "Polygon", "coordinates": [[[-87.715923, 41.774614], [-87.709907, 41.774651], [-87.709957, 41.779154], [-87.715973, 41.779117], [-87.715923, 41.774614]]]}, "properties": {"sq": "881_9250", "crime_n": 49, "crime_night_n": 18, "nta": "Chicago Lawn", "boro": "Chicago"}}, {"type": "Feature", "geometry": {"type": "Polygon", "coordinates": [[[-87.715973, 41.779117], [-87.709957, 41.779154], [-87.710007, 41.783657], [-87.716023, 41.78362], [-87.715973, 41.779117]]]}, "properties": {"sq": "881_9251", "crime_n": 16, "crime_night_n": 6, "nta": "West Lawn", "boro": "Chicago"}}, {"type": "Feature", "geometry": {"type": "Polygon", "coordinates": [[[-87.716023, 41.78362], [-87.710007, 41.783657], [-87.710057, 41.788161], [-87.716074, 41.788123], [-87.716023, 41.78362]]]}, "properties": {"sq": "881_9252", "crime_n": 25, "crime_night_n": 10, "nta": "Chicago Lawn", "boro": "Chicago"}}, {"type": "Feature", "geometry": {"type": "Polygon", "coordinates": [[[-87.716074, 41.788123], [-87.710057, 41.788161], [-87.710106, 41.792664], [-87.716124, 41.792626], [-87.716074, 41.788123]]]}, "properties": {"sq": "881_9253", "crime_n": 26, "crime_night_n": 12, "nta": "Gage Park", "boro": "Chicago"}}, {"type": "Feature", "geometry": {"type": "Polygon", "coordinates": [[[-87.716124, 41.792626], [-87.710106, 41.792664], [-87.710156, 41.797167], [-87.716174, 41.79713], [-87.716124, 41.792626]]]}, "properties": {"sq": "881_9254", "crime_n": 32, "crime_night_n": 9, "nta": "West Elsdon", "boro": "Chicago"}}, {"type": "Feature", "geometry": {"type": "Polygon", "coordinates": [[[-87.716174, 41.79713], [-87.710156, 41.797167], [-87.710206, 41.80167], [-87.716224, 41.801633], [-87.716174, 41.79713]]]}, "properties": {"sq": "881_9255", "crime_n": 8, "crime_night_n": 5, "nta": "West Elsdon", "boro": "Chicago"}}, {"type": "Feature", "geometry": {"type": "Polygon", "coordinates": [[[-87.716224, 41.801633], [-87.710206, 41.80167], [-87.710255, 41.806173], [-87.716274, 41.806136], [-87.716224, 41.801633]]]}, "properties": {"sq": "881_9256", "crime_n": 7, "crime_night_n": 3, "nta": "West Elsdon", "boro": "Chicago"}}, {"type": "Feature", "geometry": {"type": "Polygon", "coordinates": [[[-87.716274, 41.806136], [-87.710255, 41.806173], [-87.710305, 41.810676], [-87.716324, 41.810639], [-87.716274, 41.806136]]]}, "properties": {"sq": "881_9257", "crime_n": 20, "crime_night_n": 6, "nta": "Brighton Park", "boro": "Chicago"}}, {"type": "Feature", "geometry": {"type": "Polygon", "coordinates": [[[-87.716324, 41.810639], [-87.710305, 41.810676], [-87.710355, 41.815179], [-87.716374, 41.815142], [-87.716324, 41.810639]]]}, "properties": {"sq": "881_9258", "crime_n": 8, "crime_night_n": 5, "nta": "Brighton Park", "boro": "Chicago"}}, {"type": "Feature", "geometry": {"type": "Polygon", "coordinates": [[[-87.716374, 41.815142], [-87.710355, 41.815179], [-87.710405, 41.819683], [-87.716425, 41.819645], [-87.716374, 41.815142]]]}, "properties": {"sq": "881_9259", "crime_n": 1, "crime_night_n": 1, "nta": "Brighton Park", "boro": "Chicago"}}, {"type": "Feature", "geometry": {"type": "Polygon", "coordinates": [[[-87.716425, 41.819645], [-87.710405, 41.819683], [-87.710454, 41.824186], [-87.716475, 41.824148], [-87.716425, 41.819645]]]}, "properties": {"sq": "881_9260", "crime_n": 7, "crime_night_n": 3, "nta": "Brighton Park", "boro": "Chicago"}}, {"type": "Feature", "geometry": {"type": "Polygon", "coordinates": [[[-87.716475, 41.824148], [-87.710454, 41.824186], [-87.710504, 41.828689], [-87.716525, 41.828651], [-87.716475, 41.824148]]]}, "properties": {"sq": "881_9261", "crime_n": 7, "crime_night_n": 2, "nta": "Brighton Park", "boro": "Chicago"}}, {"type": "Feature", "geometry": {"type": "Polygon", "coordinates": [[[-87.716525, 41.828651], [-87.710504, 41.828689], [-87.710554, 41.833192], [-87.716575, 41.833155], [-87.716525, 41.828651]]]}, "properties": {"sq": "881_9262", "crime_n": 0, "crime_night_n": 0, "nta": "South Lawndale", "boro": "Chicago"}}, {"type": "Feature", "geometry": {"type": "Polygon", "coordinates": [[[-87.716575, 41.833155], [-87.710554, 41.833192], [-87.710604, 41.837695], [-87.716625, 41.837658], [-87.716575, 41.833155]]]}, "properties": {"sq": "881_9263", "crime_n": 11, "crime_night_n": 10, "nta": "South Lawndale", "boro": "Chicago"}}, {"type": "Feature", "geometry": {"type": "Polygon", "coordinates": [[[-87.716625, 41.837658], [-87.710604, 41.837695], [-87.710654, 41.842198], [-87.716676, 41.842161], [-87.716625, 41.837658]]]}, "properties": {"sq": "881_9264", "crime_n": 68, "crime_night_n": 40, "nta": "South Lawndale", "boro": "Chicago"}}, {"type": "Feature", "geometry": {"type": "Polygon", "coordinates": [[[-87.716676, 41.842161], [-87.710654, 41.842198], [-87.710703, 41.846701], [-87.716726, 41.846664], [-87.716676, 41.842161]]]}, "properties": {"sq": "881_9265", "crime_n": 115, "crime_night_n": 51, "nta": "South Lawndale", "boro": "Chicago"}}, {"type": "Feature", "geometry": {"type": "Polygon", "coordinates": [[[-87.716726, 41.846664], [-87.710703, 41.846701], [-87.710753, 41.851204], [-87.716776, 41.851167], [-87.716726, 41.846664]]]}, "properties": {"sq": "881_9266", "crime_n": 98, "crime_night_n": 49, "nta": "South Lawndale", "boro": "Chicago"}}, {"type": "Feature", "geometry": {"type": "Polygon", "coordinates": [[[-87.716776, 41.851167], [-87.710753, 41.851204], [-87.710803, 41.855707], [-87.716826, 41.85567], [-87.716776, 41.851167]]]}, "properties": {"sq": "881_9267", "crime_n": 93, "crime_night_n": 42, "nta": "North Lawndale", "boro": "Chicago"}}, {"type": "Feature", "geometry": {"type": "Polygon", "coordinates": [[[-87.716826, 41.85567], [-87.710803, 41.855707], [-87.710853, 41.860211], [-87.716877, 41.860173], [-87.716826, 41.85567]]]}, "properties": {"sq": "881_9268", "crime_n": 117, "crime_night_n": 44, "nta": "North Lawndale", "boro": "Chicago"}}, {"type": "Feature", "geometry": {"type": "Polygon", "coordinates": [[[-87.716877, 41.860173], [-87.710853, 41.860211], [-87.710903, 41.864714], [-87.716927, 41.864676], [-87.716877, 41.860173]]]}, "properties": {"sq": "881_9269", "crime_n": 178, "crime_night_n": 91, "nta": "North Lawndale", "boro": "Chicago"}}, {"type": "Feature", "geometry": {"type": "Polygon", "coordinates": [[[-87.716927, 41.864676], [-87.710903, 41.864714], [-87.710953, 41.869217], [-87.716977, 41.869179], [-87.716927, 41.864676]]]}, "properties": {"sq": "881_9270", "crime_n": 146, "crime_night_n": 73, "nta": "North Lawndale", "boro": "Chicago"}}, {"type": "Feature", "geometry": {"type": "Polygon", "coordinates": [[[-87.716977, 41.869179], [-87.710953, 41.869217], [-87.711003, 41.87372], [-87.717028, 41.873682], [-87.716977, 41.869179]]]}, "properties": {"sq": "881_9271", "crime_n": 128, "crime_night_n": 49, "nta": "East Garfield Park", "boro": "Chicago"}}, {"type": "Feature", "geometry": {"type": "Polygon", "coordinates": [[[-87.717028, 41.873682], [-87.711003, 41.87372], [-87.711053, 41.878223], [-87.717078, 41.878185], [-87.717028, 41.873682]]]}, "properties": {"sq": "881_9272", "crime_n": 69, "crime_night_n": 36, "nta": "East Garfield Park", "boro": "Chicago"}}, {"type": "Feature", "geometry": {"type": "Polygon", "coordinates": [[[-87.717078, 41.878185], [-87.711053, 41.878223], [-87.711103, 41.882726], [-87.717128, 41.882689], [-87.717078, 41.878185]]]}, "properties": {"sq": "881_9273", "crime_n": 51, "crime_night_n": 26, "nta": "East Garfield Park", "boro": "Chicago"}}, {"type": "Feature", "geometry": {"type": "Polygon", "coordinates": [[[-87.717128, 41.882689], [-87.711103, 41.882726], [-87.711153, 41.887229], [-87.717179, 41.887192], [-87.717128, 41.882689]]]}, "properties": {"sq": "881_9274", "crime_n": 122, "crime_night_n": 49, "nta": "East Garfield Park", "boro": "Chicago"}}, {"type": "Feature", "geometry": {"type": "Polygon", "coordinates": [[[-87.717179, 41.887192], [-87.711153, 41.887229], [-87.711202, 41.891732], [-87.717229, 41.891695], [-87.717179, 41.887192]]]}, "properties": {"sq": "881_9275", "crime_n": 92, "crime_night_n": 31, "nta": "Humboldt Park", "boro": "Chicago"}}, {"type": "Feature", "geometry": {"type": "Polygon", "coordinates": [[[-87.717229, 41.891695], [-87.711202, 41.891732], [-87.711252, 41.896235], [-87.71728, 41.896198], [-87.717229, 41.891695]]]}, "properties": {"sq": "881_9276", "crime_n": 193, "crime_night_n": 74, "nta": "Humboldt Park", "boro": "Chicago"}}, {"type": "Feature", "geometry": {"type": "Polygon", "coordinates": [[[-87.71728, 41.896198], [-87.711252, 41.896235], [-87.711302, 41.900738], [-87.71733, 41.900701], [-87.71728, 41.896198]]]}, "properties": {"sq": "881_9277", "crime_n": 84, "crime_night_n": 26, "nta": "Humboldt Park", "boro": "Chicago"}}, {"type": "Feature", "geometry": {"type": "Polygon", "coordinates": [[[-87.71733, 41.900701], [-87.711302, 41.900738], [-87.711352, 41.905241], [-87.71738, 41.905204], [-87.71733, 41.900701]]]}, "properties": {"sq": "881_9278", "crime_n": 63, "crime_night_n": 26, "nta": "Humboldt Park", "boro": "Chicago"}}, {"type": "Feature", "geometry": {"type": "Polygon", "coordinates": [[[-87.71738, 41.905204], [-87.711352, 41.905241], [-87.711402, 41.909744], [-87.717431, 41.909707], [-87.71738, 41.905204]]]}, "properties": {"sq": "881_9279", "crime_n": 43, "crime_night_n": 16, "nta": "Humboldt Park", "boro": "Chicago"}}, {"type": "Feature", "geometry": {"type": "Polygon", "coordinates": [[[-87.717431, 41.909707], [-87.711402, 41.909744], [-87.711452, 41.914247], [-87.717481, 41.91421], [-87.717431, 41.909707]]]}, "properties": {"sq": "881_9280", "crime_n": 87, "crime_night_n": 36, "nta": "Humboldt Park", "boro": "Chicago"}}, {"type": "Feature", "geometry": {"type": "Polygon", "coordinates": [[[-87.717481, 41.91421], [-87.711452, 41.914247], [-87.711502, 41.918751], [-87.717532, 41.918713], [-87.717481, 41.91421]]]}, "properties": {"sq": "881_9281", "crime_n": 60, "crime_night_n": 16, "nta": "Logan Square", "boro": "Chicago"}}, {"type": "Feature", "geometry": {"type": "Polygon", "coordinates": [[[-87.717532, 41.918713], [-87.711502, 41.918751], [-87.711552, 41.923254], [-87.717582, 41.923216], [-87.717532, 41.918713]]]}, "properties": {"sq": "881_9282", "crime_n": 40, "crime_night_n": 23, "nta": "Logan Square", "boro": "Chicago"}}, {"type": "Feature", "geometry": {"type": "Polygon", "coordinates": [[[-87.717582, 41.923216], [-87.711552, 41.923254], [-87.711602, 41.927757], [-87.717633, 41.927719], [-87.717582, 41.923216]]]}, "properties": {"sq": "881_9283", "crime_n": 51, "crime_night_n": 18, "nta": "Logan Square", "boro": "Chicago"}}, {"type": "Feature", "geometry": {"type": "Polygon", "coordinates": [[[-87.717633, 41.927719], [-87.711602, 41.927757], [-87.711653, 41.93226], [-87.717683, 41.932222], [-87.717633, 41.927719]]]}, "properties": {"sq": "881_9284", "crime_n": 42, "crime_night_n": 23, "nta": "Logan Square", "boro": "Chicago"}}, {"type": "Feature", "geometry": {"type": "Polygon", "coordinates": [[[-87.717683, 41.932222], [-87.711653, 41.93226], [-87.711703, 41.936763], [-87.717733, 41.936725], [-87.717683, 41.932222]]]}, "properties": {"sq": "881_9285", "crime_n": 34, "crime_night_n": 17, "nta": "Avondale", "boro": "Chicago"}}, {"type": "Feature", "geometry": {"type": "Polygon", "coordinates": [[[-87.717733, 41.936725], [-87.711703, 41.936763], [-87.711753, 41.941266], [-87.717784, 41.941228], [-87.717733, 41.936725]]]}, "properties": {"sq": "881_9286", "crime_n": 48, "crime_night_n": 19, "nta": "Avondale", "boro": "Chicago"}}, {"type": "Feature", "geometry": {"type": "Polygon", "coordinates": [[[-87.717784, 41.941228], [-87.711753, 41.941266], [-87.711803, 41.945769], [-87.717834, 41.945731], [-87.717784, 41.941228]]]}, "properties": {"sq": "881_9287", "crime_n": 21, "crime_night_n": 7, "nta": "Avondale", "boro": "Chicago"}}, {"type": "Feature", "geometry": {"type": "Polygon", "coordinates": [[[-87.717834, 41.945731], [-87.711803, 41.945769], [-87.711853, 41.950272], [-87.717885, 41.950234], [-87.717834, 41.945731]]]}, "properties": {"sq": "881_9288", "crime_n": 34, "crime_night_n": 8, "nta": "Irving Park", "boro": "Chicago"}}, {"type": "Feature", "geometry": {"type": "Polygon", "coordinates": [[[-87.717885, 41.950234], [-87.711853, 41.950272], [-87.711903, 41.954775], [-87.717936, 41.954737], [-87.717885, 41.950234]]]}, "properties": {"sq": "881_9289", "crime_n": 41, "crime_night_n": 14, "nta": "Irving Park", "boro": "Chicago"}}, {"type": "Feature", "geometry": {"type": "Polygon", "coordinates": [[[-87.717936, 41.954737], [-87.711903, 41.954775], [-87.711953, 41.959278], [-87.717986, 41.95924], [-87.717936, 41.954737]]]}, "properties": {"sq": "881_9290", "crime_n": 21, "crime_night_n": 11, "nta": "Irving Park", "boro": "Chicago"}}, {"type": "Feature", "geometry": {"type": "Polygon", "coordinates": [[[-87.717986, 41.95924], [-87.711953, 41.959278], [-87.712003, 41.963781], [-87.718037, 41.963743], [-87.717986, 41.95924]]]}, "properties": {"sq": "881_9291", "crime_n": 74, "crime_night_n": 29, "nta": "Albany Park", "boro": "Chicago"}}, {"type": "Feature", "geometry": {"type": "Polygon", "coordinates": [[[-87.718037, 41.963743], [-87.712003, 41.963781], [-87.712053, 41.968284], [-87.718087, 41.968246], [-87.718037, 41.963743]]]}, "properties": {"sq": "881_9292", "crime_n": 53, "crime_night_n": 23, "nta": "Albany Park", "boro": "Chicago"}}, {"type": "Feature", "geometry": {"type": "Polygon", "coordinates": [[[-87.718087, 41.968246], [-87.712053, 41.968284], [-87.712103, 41.972787], [-87.718138, 41.972749], [-87.718087, 41.968246]]]}, "properties": {"sq": "881_9293", "crime_n": 68, "crime_night_n": 29, "nta": "Albany Park", "boro": "Chicago"}}, {"type": "Feature", "geometry": {"type": "Polygon", "coordinates": [[[-87.718138, 41.972749], [-87.712103, 41.972787], [-87.712154, 41.97729], [-87.718188, 41.977252], [-87.718138, 41.972749]]]}, "properties": {"sq": "881_9294", "crime_n": 19, "crime_night_n": 7, "nta": "North Park", "boro": "Chicago"}}, {"type": "Feature", "geometry": {"type": "Polygon", "coordinates": [[[-87.718188, 41.977252], [-87.712154, 41.97729], [-87.712204, 41.981793], [-87.718239, 41.981755], [-87.718188, 41.977252]]]}, "properties": {"sq": "881_9295", "crime_n": 20, "crime_night_n": 4, "nta": "North Park", "boro": "Chicago"}}, {"type": "Feature", "geometry": {"type": "Polygon", "coordinates": [[[-87.718239, 41.981755], [-87.712204, 41.981793], [-87.712254, 41.986296], [-87.71829, 41.986258], [-87.718239, 41.981755]]]}, "properties": {"sq": "881_9296", "crime_n": 34, "crime_night_n": 9, "nta": "North Park", "boro": "Chicago"}}, {"type": "Feature", "geometry": {"type": "Polygon", "coordinates": [[[-87.71829, 41.986258], [-87.712254, 41.986296], [-87.712304, 41.990799], [-87.71834, 41.990761], [-87.71829, 41.986258]]]}, "properties": {"sq": "881_9297", "crime_n": 12, "crime_night_n": 2, "nta": "North Park", "boro": "Chicago"}}, {"type": "Feature", "geometry": {"type": "Polygon", "coordinates": [[[-87.71834, 41.990761], [-87.712304, 41.990799], [-87.712354, 41.995302], [-87.718391, 41.995264], [-87.71834, 41.990761]]]}, "properties": {"sq": "881_9298", "crime_n": 11, "crime_night_n": 2, "nta": "North Park", "boro": "Chicago"}}, {"type": "Feature", "geometry": {"type": "Polygon", "coordinates": [[[-87.718391, 41.995264], [-87.712354, 41.995302], [-87.712405, 41.999805], [-87.718442, 41.999767], [-87.718391, 41.995264]]]}, "properties": {"sq": "881_9299", "crime_n": 5, "crime_night_n": 1, "nta": "North Park", "boro": "Chicago"}}, {"type": "Feature", "geometry": {"type": "Polygon", "coordinates": [[[-87.708867, 41.680084], [-87.70286, 41.680121], [-87.702909, 41.684624], [-87.708917, 41.684587], [-87.708867, 41.680084]]]}, "properties": {"sq": "882_9229", "crime_n": 2, "crime_night_n": 2, "nta": "Mount Greenwood", "boro": "Chicago"}}, {"type": "Feature", "geometry": {"type": "Polygon", "coordinates": [[[-87.708917, 41.684587], [-87.702909, 41.684624], [-87.702958, 41.689127], [-87.708966, 41.68909], [-87.708917, 41.684587]]]}, "properties": {"sq": "882_9230", "crime_n": 3, "crime_night_n": 0, "nta": "Mount Greenwood", "boro": "Chicago"}}, {"type": "Feature", "geometry": {"type": "Polygon", "coordinates": [[[-87.708966, 41.68909], [-87.702958, 41.689127], [-87.703007, 41.69363], [-87.709015, 41.693594], [-87.708966, 41.68909]]]}, "properties": {"sq": "882_9231", "crime_n": 10, "crime_night_n": 7, "nta": "Mount Greenwood", "boro": "Chicago"}}, {"type": "Feature", "geometry": {"type": "Polygon", "coordinates": [[[-87.709015, 41.693594], [-87.703007, 41.69363], [-87.703056, 41.698134], [-87.709065, 41.698097], [-87.709015, 41.693594]]]}, "properties": {"sq": "882_9232", "crime_n": 5, "crime_night_n": 1, "nta": "Mount Greenwood", "boro": "Chicago"}}, {"type": "Feature", "geometry": {"type": "Polygon", "coordinates": [[[-87.709065, 41.698097], [-87.703056, 41.698134], [-87.703105, 41.702637], [-87.709114, 41.7026], [-87.709065, 41.698097]]]}, "properties": {"sq": "882_9233", "crime_n": 1, "crime_night_n": 0, "nta": "Mount Greenwood", "boro": "Chicago"}}, {"type": "Feature", "geometry": {"type": "Polygon", "coordinates": [[[-87.709114, 41.7026], [-87.703105, 41.702637], [-87.703154, 41.70714], [-87.709164, 41.707103], [-87.709114, 41.7026]]]}, "properties": {"sq": "882_9234", "crime_n": 1, "crime_night_n": 0, "nta": "Mount Greenwood", "boro": "Chicago"}}, {"type": "Feature", "geometry": {"type": "Polygon", "coordinates": [[[-87.709461, 41.734122], [-87.703449, 41.734159], [-87.703498, 41.738663], [-87.709511, 41.738626], [-87.709461, 41.734122]]]}, "properties": {"sq": "882_9241", "crime_n": 5, "crime_night_n": 1, "nta": "Ashburn", "boro": "Chicago"}}, {"type": "Feature", "geometry": {"type": "Polygon", "coordinates": [[[-87.709511, 41.738626], [-87.703498, 41.738663], [-87.703547, 41.743166], [-87.70956, 41.743129], [-87.709511, 41.738626]]]}, "properties": {"sq": "882_9242", "crime_n": 10, "crime_night_n": 5, "nta": "Ashburn", "boro": "Chicago"}}, {"type": "Feature", "geometry": {"type": "Polygon", "coordinates": [[[-87.70956, 41.743129], [-87.703547, 41.743166], [-87.703597, 41.747669], [-87.70961, 41.747632], [-87.70956, 41.743129]]]}, "properties": {"sq": "882_9243", "crime_n": 6, "crime_night_n": 1, "nta": "Ashburn", "boro": "Chicago"}}, {"type": "Feature", "geometry": {"type": "Polygon", "coordinates": [[[-87.70961, 41.747632], [-87.703597, 41.747669], [-87.703646, 41.752172], [-87.709659, 41.752135], [-87.70961, 41.747632]]]}, "properties": {"sq": "882_9244", "crime_n": 28, "crime_night_n": 12, "nta": "Ashburn", "boro": "Chicago"}}, {"type": "Feature", "geometry": {"type": "Polygon", "coordinates": [[[-87.709659, 41.752135], [-87.703646, 41.752172], [-87.703695, 41.756675], [-87.709709, 41.756638], [-87.709659, 41.752135]]]}, "properties": {"sq": "882_9245", "crime_n": 14, "crime_night_n": 3, "nta": "Ashburn", "boro": "Chicago"}}, {"type": "Feature", "geometry": {"type": "Polygon", "coordinates": [[[-87.709709, 41.756638], [-87.703695, 41.756675], [-87.703744, 41.761179], [-87.709759, 41.761142], [-87.709709, 41.756638]]]}, "properties": {"sq": "882_9246", "crime_n": 2, "crime_night_n": 2, "nta": "Chicago Lawn", "boro": "Chicago"}}, {"type": "Feature", "geometry": {"type": "Polygon", "coordinates": [[[-87.709759, 41.761142], [-87.703744, 41.761179], [-87.703793, 41.765682], [-87.709808, 41.765645], [-87.709759, 41.761142]]]}, "properties": {"sq": "882_9247", "crime_n": 24, "crime_night_n": 6, "nta": "Chicago Lawn", "boro": "Chicago"}}, {"type": "Feature", "geometry": {"type": "Polygon", "coordinates": [[[-87.709808, 41.765645], [-87.703793, 41.765682], [-87.703843, 41.770185], [-87.709858, 41.770148], [-87.709808, 41.765645]]]}, "properties": {"sq": "882_9248", "crime_n": 0, "crime_night_n": 0, "nta": "Chicago Lawn", "boro": "Chicago"}}, {"type": "Feature", "geometry": {"type": "Polygon", "coordinates": [[[-87.709858, 41.770148], [-87.703843, 41.770185], [-87.703892, 41.774688], [-87.709907, 41.774651], [-87.709858, 41.770148]]]}, "properties": {"sq": "882_9249", "crime_n": 16, "crime_night_n": 6, "nta": "Chicago Lawn", "boro": "Chicago"}}, {"type": "Feature", "geometry": {"type": "Polygon", "coordinates": [[[-87.709907, 41.774651], [-87.703892, 41.774688], [-87.703941, 41.779191], [-87.709957, 41.779154], [-87.709907, 41.774651]]]}, "properties": {"sq": "882_9250", "crime_n": 47, "crime_night_n": 18, "nta": "Chicago Lawn", "boro": "Chicago"}}, {"type": "Feature", "geometry": {"type": "Polygon", "coordinates": [[[-87.709957, 41.779154], [-87.703941, 41.779191], [-87.70399, 41.783694], [-87.710007, 41.783657], [-87.709957, 41.779154]]]}, "properties": {"sq": "882_9251", "crime_n": 34, "crime_night_n": 21, "nta": "Chicago Lawn", "boro": "Chicago"}}, {"type": "Feature", "geometry": {"type": "Polygon", "coordinates": [[[-87.710007, 41.783657], [-87.70399, 41.783694], [-87.70404, 41.788198], [-87.710057, 41.788161], [-87.710007, 41.783657]]]}, "properties": {"sq": "882_9252", "crime_n": 30, "crime_night_n": 14, "nta": "Chicago Lawn", "boro": "Chicago"}}, {"type": "Feature", "geometry": {"type": "Polygon", "coordinates": [[[-87.710057, 41.788161], [-87.70404, 41.788198], [-87.704089, 41.792701], [-87.710106, 41.792664], [-87.710057, 41.788161]]]}, "properties": {"sq": "882_9253", "crime_n": 19, "crime_night_n": 12, "nta": "Gage Park", "boro": "Chicago"}}, {"type": "Feature", "geometry": {"type": "Polygon", "coordinates": [[[-87.710106, 41.792664], [-87.704089, 41.792701], [-87.704138, 41.797204], [-87.710156, 41.797167], [-87.710106, 41.792664]]]}, "properties": {"sq": "882_9254", "crime_n": 64, "crime_night_n": 36, "nta": "Gage Park", "boro": "Chicago"}}, {"type": "Feature", "geometry": {"type": "Polygon", "coordinates": [[[-87.710156, 41.797167], [-87.704138, 41.797204], [-87.704187, 41.801707], [-87.710206, 41.80167], [-87.710156, 41.797167]]]}, "properties": {"sq": "882_9255", "crime_n": 27, "crime_night_n": 12, "nta": "Gage Park", "boro": "Chicago"}}, {"type": "Feature", "geometry": {"type": "Polygon", "coordinates": [[[-87.710206, 41.80167], [-87.704187, 41.801707], [-87.704237, 41.80621], [-87.710255, 41.806173], [-87.710206, 41.80167]]]}, "properties": {"sq": "882_9256", "crime_n": 7, "crime_night_n": 4, "nta": "Gage Park", "boro": "Chicago"}}, {"type": "Feature", "geometry": {"type": "Polygon", "coordinates": [[[-87.710255, 41.806173], [-87.704237, 41.80621], [-87.704286, 41.810713], [-87.710305, 41.810676], [-87.710255, 41.806173]]]}, "properties": {"sq": "882_9257", "crime_n": 19, "crime_night_n": 11, "nta": "Brighton Park", "boro": "Chicago"}}, {"type": "Feature", "geometry": {"type": "Polygon", "coordinates": [[[-87.710305, 41.810676], [-87.704286, 41.810713], [-87.704335, 41.815217], [-87.710355, 41.815179], [-87.710305, 41.810676]]]}, "properties": {"sq": "882_9258", "crime_n": 38, "crime_night_n": 16, "nta": "Brighton Park", "boro": "Chicago"}}, {"type": "Feature", "geometry": {"type": "Polygon", "coordinates": [[[-87.710355, 41.815179], [-87.704335, 41.815217], [-87.704385, 41.81972], [-87.710405, 41.819683], [-87.710355, 41.815179]]]}, "properties": {"sq": "882_9259", "crime_n": 6, "crime_night_n": 1, "nta": "Brighton Park", "boro": "Chicago"}}, {"type": "Feature", "geometry": {"type": "Polygon", "coordinates": [[[-87.710405, 41.819683], [-87.704385, 41.81972], [-87.704434, 41.824223], [-87.710454, 41.824186], [-87.710405, 41.819683]]]}, "properties": {"sq": "882_9260", "crime_n": 29, "crime_night_n": 9, "nta": "Brighton Park", "boro": "Chicago"}}, {"type": "Feature", "geometry": {"type": "Polygon", "coordinates": [[[-87.710454, 41.824186], [-87.704434, 41.824223], [-87.704483, 41.828726], [-87.710504, 41.828689], [-87.710454, 41.824186]]]}, "properties": {"sq": "882_9261", "crime_n": 21, "crime_night_n": 12, "nta": "Brighton Park", "boro": "Chicago"}}, {"type": "Feature", "geometry": {"type": "Polygon", "coordinates": [[[-87.710504, 41.828689], [-87.704483, 41.828726], [-87.704533, 41.833229], [-87.710554, 41.833192], [-87.710504, 41.828689]]]}, "properties": {"sq": "882_9262", "crime_n": 6, "crime_night_n": 3, "nta": "South Lawndale", "boro": "Chicago"}}, {"type": "Feature", "geometry": {"type": "Polygon", "coordinates": [[[-87.710554, 41.833192], [-87.704533, 41.833229], [-87.704582, 41.837732], [-87.710604, 41.837695], [-87.710554, 41.833192]]]}, "properties": {"sq": "882_9263", "crime_n": 22, "crime_night_n": 9, "nta": "South Lawndale", "boro": "Chicago"}}, {"type": "Feature", "geometry": {"type": "Polygon", "coordinates": [[[-87.710604, 41.837695], [-87.704582, 41.837732], [-87.704632, 41.842235], [-87.710654, 41.842198], [-87.710604, 41.837695]]]}, "properties": {"sq": "882_9264", "crime_n": 73, "crime_night_n": 29, "nta": "South Lawndale", "boro": "Chicago"}}, {"type": "Feature", "geometry": {"type": "Polygon", "coordinates": [[[-87.710654, 41.842198], [-87.704632, 41.842235], [-87.704681, 41.846738], [-87.710703, 41.846701], [-87.710654, 41.842198]]]}, "properties": {"sq": "882_9265", "crime_n": 162, "crime_night_n": 78, "nta": "South Lawndale", "boro": "Chicago"}}, {"type": "Feature", "geometry": {"type": "Polygon", "coordinates": [[[-87.710703, 41.846701], [-87.704681, 41.846738], [-87.70473, 41.851242], [-87.710753, 41.851204], [-87.710703, 41.846701]]]}, "properties": {"sq": "882_9266", "crime_n": 141, "crime_night_n": 67, "nta": "South Lawndale", "boro": "Chicago"}}, {"type": "Feature", "geometry": {"type": "Polygon", "coordinates": [[[-87.710753, 41.851204], [-87.70473, 41.851242], [-87.70478, 41.855745], [-87.710803, 41.855707], [-87.710753, 41.851204]]]}, "properties": {"sq": "882_9267", "crime_n": 86, "crime_night_n": 34, "nta": "South Lawndale", "boro": "Chicago"}}, {"type": "Feature", "geometry": {"type": "Polygon", "coordinates": [[[-87.710803, 41.855707], [-87.70478, 41.855745], [-87.704829, 41.860248], [-87.710853, 41.860211], [-87.710803, 41.855707]]]}, "properties": {"sq": "882_9268", "crime_n": 167, "crime_night_n": 57, "nta": "North Lawndale", "boro": "Chicago"}}, {"type": "Feature", "geometry": {"type": "Polygon", "coordinates": [[[-87.710853, 41.860211], [-87.704829, 41.860248], [-87.704879, 41.864751], [-87.710903, 41.864714], [-87.710853, 41.860211]]]}, "properties": {"sq": "882_9269", "crime_n": 181, "crime_night_n": 59, "nta": "North Lawndale", "boro": "Chicago"}}, {"type": "Feature", "geometry": {"type": "Polygon", "coordinates": [[[-87.710903, 41.864714], [-87.704879, 41.864751], [-87.704928, 41.869254], [-87.710953, 41.869217], [-87.710903, 41.864714]]]}, "properties": {"sq": "882_9270", "crime_n": 124, "crime_night_n": 44, "nta": "North Lawndale", "boro": "Chicago"}}, {"type": "Feature", "geometry": {"type": "Polygon", "coordinates": [[[-87.710953, 41.869217], [-87.704928, 41.869254], [-87.704978, 41.873757], [-87.711003, 41.87372], [-87.710953, 41.869217]]]}, "properties": {"sq": "882_9271", "crime_n": 91, "crime_night_n": 35, "nta": "East Garfield Park", "boro": "Chicago"}}, {"type": "Feature", "geometry": {"type": "Polygon", "coordinates": [[[-87.711003, 41.87372], [-87.704978, 41.873757], [-87.705027, 41.87826], [-87.711053, 41.878223], [-87.711003, 41.87372]]]}, "properties": {"sq": "882_9272", "crime_n": 69, "crime_night_n": 33, "nta": "East Garfield Park", "boro": "Chicago"}}, {"type": "Feature", "geometry": {"type": "Polygon", "coordinates": [[[-87.711053, 41.878223], [-87.705027, 41.87826], [-87.705077, 41.882763], [-87.711103, 41.882726], [-87.711053, 41.878223]]]}, "properties": {"sq": "882_9273", "crime_n": 130, "crime_night_n": 53, "nta": "East Garfield Park", "boro": "Chicago"}}, {"type": "Feature", "geometry": {"type": "Polygon", "coordinates": [[[-87.711103, 41.882726], [-87.705077, 41.882763], [-87.705126, 41.887266], [-87.711153, 41.887229], [-87.711103, 41.882726]]]}, "properties": {"sq": "882_9274", "crime_n": 127, "crime_night_n": 55, "nta": "East Garfield Park", "boro": "Chicago"}}, {"type": "Feature", "geometry": {"type": "Polygon", "coordinates": [[[-87.711153, 41.887229], [-87.705126, 41.887266], [-87.705176, 41.891769], [-87.711202, 41.891732], [-87.711153, 41.887229]]]}, "properties": {"sq": "882_9275", "crime_n": 68, "crime_night_n": 21, "nta": "Humboldt Park", "boro": "Chicago"}}, {"type": "Feature", "geometry": {"type": "Polygon", "coordinates": [[[-87.711202, 41.891732], [-87.705176, 41.891769], [-87.705225, 41.896272], [-87.711252, 41.896235], [-87.711202, 41.891732]]]}, "properties": {"sq": "882_9276", "crime_n": 212, "crime_night_n": 64, "nta": "Humboldt Park", "boro": "Chicago"}}, {"type": "Feature", "geometry": {"type": "Polygon", "coordinates": [[[-87.711252, 41.896235], [-87.705225, 41.896272], [-87.705275, 41.900775], [-87.711302, 41.900738], [-87.711252, 41.896235]]]}, "properties": {"sq": "882_9277", "crime_n": 53, "crime_night_n": 19, "nta": "Humboldt Park", "boro": "Chicago"}}, {"type": "Feature", "geometry": {"type": "Polygon", "coordinates": [[[-87.711302, 41.900738], [-87.705275, 41.900775], [-87.705324, 41.905279], [-87.711352, 41.905241], [-87.711302, 41.900738]]]}, "properties": {"sq": "882_9278", "crime_n": 44, "crime_night_n": 17, "nta": "Humboldt Park", "boro": "Chicago"}}, {"type": "Feature", "geometry": {"type": "Polygon", "coordinates": [[[-87.711352, 41.905241], [-87.705324, 41.905279], [-87.705374, 41.909782], [-87.711402, 41.909744], [-87.711352, 41.905241]]]}, "properties": {"sq": "882_9279", "crime_n": 49, "crime_night_n": 18, "nta": "Humboldt Park", "boro": "Chicago"}}, {"type": "Feature", "geometry": {"type": "Polygon", "coordinates": [[[-87.711402, 41.909744], [-87.705374, 41.909782], [-87.705424, 41.914285], [-87.711452, 41.914247], [-87.711402, 41.909744]]]}, "properties": {"sq": "882_9280", "crime_n": 81, "crime_night_n": 28, "nta": "Humboldt Park", "boro": "Chicago"}}, {"type": "Feature", "geometry": {"type": "Polygon", "coordinates": [[[-87.711452, 41.914247], [-87.705424, 41.914285], [-87.705473, 41.918788], [-87.711502, 41.918751], [-87.711452, 41.914247]]]}, "properties": {"sq": "882_9281", "crime_n": 59, "crime_night_n": 20, "nta": "Logan Square", "boro": "Chicago"}}, {"type": "Feature", "geometry": {"type": "Polygon", "coordinates": [[[-87.711502, 41.918751], [-87.705473, 41.918788], [-87.705523, 41.923291], [-87.711552, 41.923254], [-87.711502, 41.918751]]]}, "properties": {"sq": "882_9282", "crime_n": 23, "crime_night_n": 12, "nta": "Logan Square", "boro": "Chicago"}}, {"type": "Feature", "geometry": {"type": "Polygon", "coordinates": [[[-87.711552, 41.923254], [-87.705523, 41.923291], [-87.705572, 41.927794], [-87.711602, 41.927757], [-87.711552, 41.923254]]]}, "properties": {"sq": "882_9283", "crime_n": 43, "crime_night_n": 19, "nta": "Logan Square", "boro": "Chicago"}}, {"type": "Feature", "geometry": {"type": "Polygon", "coordinates": [[[-87.711602, 41.927757], [-87.705572, 41.927794], [-87.705622, 41.932297], [-87.711653, 41.93226], [-87.711602, 41.927757]]]}, "properties": {"sq": "882_9284", "crime_n": 108, "crime_night_n": 51, "nta": "Logan Square", "boro": "Chicago"}}, {"type": "Feature", "geometry": {"type": "Polygon", "coordinates": [[[-87.711653, 41.93226], [-87.705622, 41.932297], [-87.705672, 41.9368], [-87.711703, 41.936763], [-87.711653, 41.93226]]]}, "properties": {"sq": "882_9285", "crime_n": 32, "crime_night_n": 12, "nta": "Avondale", "boro": "Chicago"}}, {"type": "Feature", "geometry": {"type": "Polygon", "coordinates": [[[-87.711703, 41.936763], [-87.705672, 41.9368], [-87.705721, 41.941303], [-87.711753, 41.941266], [-87.711703, 41.936763]]]}, "properties": {"sq": "882_9286", "crime_n": 23, "crime_night_n": 9, "nta": "Avondale", "boro": "Chicago"}}, {"type": "Feature", "geometry": {"type": "Polygon", "coordinates": [[[-87.711753, 41.941266], [-87.705721, 41.941303], [-87.705771, 41.945806], [-87.711803, 41.945769], [-87.711753, 41.941266]]]}, "properties": {"sq": "882_9287", "crime_n": 8, "crime_night_n": 4, "nta": "Avondale", "boro": "Chicago"}}, {"type": "Feature", "geometry": {"type": "Polygon", "coordinates": [[[-87.711803, 41.945769], [-87.705771, 41.945806], [-87.705821, 41.950309], [-87.711853, 41.950272], [-87.711803, 41.945769]]]}, "properties": {"sq": "882_9288", "crime_n": 42, "crime_night_n": 15, "nta": "Irving Park", "boro": "Chicago"}}, {"type": "Feature", "geometry": {"type": "Polygon", "coordinates": [[[-87.711853, 41.950272], [-87.705821, 41.950309], [-87.70587, 41.954812], [-87.711903, 41.954775], [-87.711853, 41.950272]]]}, "properties": {"sq": "882_9289", "crime_n": 51, "crime_night_n": 31, "nta": "Irving Park", "boro": "Chicago"}}, {"type": "Feature", "geometry": {"type": "Polygon", "coordinates": [[[-87.711903, 41.954775], [-87.70587, 41.954812], [-87.70592, 41.959315], [-87.711953, 41.959278], [-87.711903, 41.954775]]]}, "properties": {"sq": "882_9290", "crime_n": 17, "crime_night_n": 8, "nta": "Irving Park", "boro": "Chicago"}}, {"type": "Feature", "geometry": {"type": "Polygon", "coordinates": [[[-87.711953, 41.959278], [-87.70592, 41.959315], [-87.70597, 41.963818], [-87.712003, 41.963781], [-87.711953, 41.959278]]]}, "properties": {"sq": "882_9291", "crime_n": 47, "crime_night_n": 19, "nta": "Albany Park", "boro": "Chicago"}}, {"type": "Feature", "geometry": {"type": "Polygon", "coordinates": [[[-87.712003, 41.963781], [-87.70597, 41.963818], [-87.706019, 41.968321], [-87.712053, 41.968284], [-87.712003, 41.963781]]]}, "properties": {"sq": "882_9292", "crime_n": 38, "crime_night_n": 17, "nta": "Albany Park", "boro": "Chicago"}}, {"type": "Feature", "geometry": {"type": "Polygon", "coordinates": [[[-87.712053, 41.968284], [-87.706019, 41.968321], [-87.706069, 41.972824], [-87.712103, 41.972787], [-87.712053, 41.968284]]]}, "properties": {"sq": "882_9293", "crime_n": 58, "crime_night_n": 21, "nta": "Albany Park", "boro": "Chicago"}}, {"type": "Feature", "geometry": {"type": "Polygon", "coordinates": [[[-87.712103, 41.972787], [-87.706069, 41.972824], [-87.706119, 41.977327], [-87.712154, 41.97729], [-87.712103, 41.972787]]]}, "properties": {"sq": "882_9294", "crime_n": 26, "crime_night_n": 7, "nta": "North Park", "boro": "Chicago"}}, {"type": "Feature", "geometry": {"type": "Polygon", "coordinates": [[[-87.712154, 41.97729], [-87.706119, 41.977327], [-87.706169, 41.98183], [-87.712204, 41.981793], [-87.712154, 41.97729]]]}, "properties": {"sq": "882_9295", "crime_n": 12, "crime_night_n": 6, "nta": "North Park", "boro": "Chicago"}}, {"type": "Feature", "geometry": {"type": "Polygon", "coordinates": [[[-87.712204, 41.981793], [-87.706169, 41.98183], [-87.706218, 41.986333], [-87.712254, 41.986296], [-87.712204, 41.981793]]]}, "properties": {"sq": "882_9296", "crime_n": 26, "crime_night_n": 7, "nta": "North Park", "boro": "Chicago"}}, {"type": "Feature", "geometry": {"type": "Polygon", "coordinates": [[[-87.712254, 41.986296], [-87.706218, 41.986333], [-87.706268, 41.990836], [-87.712304, 41.990799], [-87.712254, 41.986296]]]}, "properties": {"sq": "882_9297", "crime_n": 31, "crime_night_n": 10, "nta": "North Park", "boro": "Chicago"}}, {"type": "Feature", "geometry": {"type": "Polygon", "coordinates": [[[-87.712304, 41.990799], [-87.706268, 41.990836], [-87.706318, 41.995339], [-87.712354, 41.995302], [-87.712304, 41.990799]]]}, "properties": {"sq": "882_9298", "crime_n": 15, "crime_night_n": 7, "nta": "North Park", "boro": "Chicago"}}, {"type": "Feature", "geometry": {"type": "Polygon", "coordinates": [[[-87.712354, 41.995302], [-87.706318, 41.995339], [-87.706368, 41.999842], [-87.712405, 41.999805], [-87.712354, 41.995302]]]}, "properties": {"sq": "882_9299", "crime_n": 22, "crime_night_n": 7, "nta": "West Ridge", "boro": "Chicago"}}, {"type": "Feature", "geometry": {"type": "Polygon", "coordinates": [[[-87.712405, 41.999805], [-87.706368, 41.999842], [-87.706418, 42.004345], [-87.712455, 42.004308], [-87.712405, 41.999805]]]}, "properties": {"sq": "882_9300", "crime_n": 2, "crime_night_n": 1, "nta": "West Ridge", "boro": "Chicago"}}, {"type": "Feature", "geometry": {"type": "Polygon", "coordinates": [[[-87.712455, 42.004308], [-87.706418, 42.004345], [-87.706467, 42.008848], [-87.712505, 42.008811], [-87.712455, 42.004308]]]}, "properties": {"sq": "882_9301", "crime_n": 1, "crime_night_n": 1, "nta": "West Ridge", "boro": "Chicago"}}, {"type": "Feature", "geometry": {"type": "Polygon", "coordinates": [[[-87.712505, 42.008811], [-87.706467, 42.008848], [-87.706517, 42.013351], [-87.712555, 42.013314], [-87.712505, 42.008811]]]}, "properties": {"sq": "882_9302", "crime_n": 8, "crime_night_n": 2, "nta": "West Ridge", "boro": "Chicago"}}, {"type": "Feature", "geometry": {"type": "Polygon", "coordinates": [[[-87.712555, 42.013314], [-87.706517, 42.013351], [-87.706567, 42.017854], [-87.712606, 42.017817], [-87.712555, 42.013314]]]}, "properties": {"sq": "882_9303", "crime_n": 1, "crime_night_n": 0, "nta": "West Ridge", "boro": "Chicago"}}, {"type": "Feature", "geometry": {"type": "Polygon", "coordinates": [[[-87.712606, 42.017817], [-87.706567, 42.017854], [-87.706617, 42.022357], [-87.712656, 42.02232], [-87.712606, 42.017817]]]}, "properties": {"sq": "882_9304", "crime_n": 0, "crime_night_n": 0, "nta": "West Ridge", "boro": "Chicago"}}, {"type": "Feature", "geometry": {"type": "Polygon", "coordinates": [[[-87.70286, 41.680121], [-87.696853, 41.680157], [-87.696902, 41.684661], [-87.702909, 41.684624], [-87.70286, 41.680121]]]}, "properties": {"sq": "883_9229", "crime_n": 0, "crime_night_n": 0, "nta": "Mount Greenwood", "boro": "Chicago"}}, {"type": "Feature", "geometry": {"type": "Polygon", "coordinates": [[[-87.702909, 41.684624], [-87.696902, 41.684661], [-87.696951, 41.689164], [-87.702958, 41.689127], [-87.702909, 41.684624]]]}, "properties": {"sq": "883_9230", "crime_n": 3, "crime_night_n": 2, "nta": "Mount Greenwood", "boro": "Chicago"}}, {"type": "Feature", "geometry": {"type": "Polygon", "coordinates": [[[-87.702958, 41.689127], [-87.696951, 41.689164], [-87.696999, 41.693667], [-87.703007, 41.69363], [-87.702958, 41.689127]]]}, "properties": {"sq": "883_9231", "crime_n": 17, "crime_night_n": 9, "nta": "Mount Greenwood", "boro": "Chicago"}}, {"type": "Feature", "geometry": {"type": "Polygon", "coordinates": [[[-87.703007, 41.69363], [-87.696999, 41.693667], [-87.697048, 41.69817], [-87.703056, 41.698134], [-87.703007, 41.69363]]]}, "properties": {"sq": "883_9232", "crime_n": 4, "crime_night_n": 1, "nta": "Mount Greenwood", "boro": "Chicago"}}, {"type": "Feature", "geometry": {"type": "Polygon", "coordinates": [[[-87.703056, 41.698134], [-87.697048, 41.69817], [-87.697096, 41.702674], [-87.703105, 41.702637], [-87.703056, 41.698134]]]}, "properties": {"sq": "883_9233", "crime_n": 12, "crime_night_n": 4, "nta": "Mount Greenwood", "boro": "Chicago"}}, {"type": "Feature", "geometry": {"type": "Polygon", "coordinates": [[[-87.703105, 41.702637], [-87.697096, 41.702674], [-87.697145, 41.707177], [-87.703154, 41.70714], [-87.703105, 41.702637]]]}, "properties": {"sq": "883_9234", "crime_n": 7, "crime_night_n": 0, "nta": "Mount Greenwood", "boro": "Chicago"}}, {"type": "Feature", "geometry": {"type": "Polygon", "coordinates": [[[-87.703449, 41.734159], [-87.697437, 41.734196], [-87.697486, 41.738699], [-87.703498, 41.738663], [-87.703449, 41.734159]]]}, "properties": {"sq": "883_9241", "crime_n": 12, "crime_night_n": 2, "nta": "Ashburn", "boro": "Chicago"}}, {"type": "Feature", "geometry": {"type": "Polygon", "coordinates": [[[-87.703498, 41.738663], [-87.697486, 41.738699], [-87.697535, 41.743203], [-87.703547, 41.743166], [-87.703498, 41.738663]]]}, "properties": {"sq": "883_9242", "crime_n": 15, "crime_night_n": 4, "nta": "Ashburn", "boro": "Chicago"}}, {"type": "Feature", "geometry": {"type": "Polygon", "coordinates": [[[-87.703547, 41.743166], [-87.697535, 41.743203], [-87.697583, 41.747706], [-87.703597, 41.747669], [-87.703547, 41.743166]]]}, "properties": {"sq": "883_9243", "crime_n": 18, "crime_night_n": 7, "nta": "Ashburn", "boro": "Chicago"}}, {"type": "Feature", "geometry": {"type": "Polygon", "coordinates": [[[-87.703597, 41.747669], [-87.697583, 41.747706], [-87.697632, 41.752209], [-87.703646, 41.752172], [-87.703597, 41.747669]]]}, "properties": {"sq": "883_9244", "crime_n": 24, "crime_night_n": 12, "nta": "Ashburn", "boro": "Chicago"}}, {"type": "Feature", "geometry": {"type": "Polygon", "coordinates": [[[-87.703646, 41.752172], [-87.697632, 41.752209], [-87.697681, 41.756712], [-87.703695, 41.756675], [-87.703646, 41.752172]]]}, "properties": {"sq": "883_9245", "crime_n": 11, "crime_night_n": 3, "nta": "Ashburn", "boro": "Chicago"}}, {"type": "Feature", "geometry": {"type": "Polygon", "coordinates": [[[-87.703695, 41.756675], [-87.697681, 41.756712], [-87.69773, 41.761215], [-87.703744, 41.761179], [-87.703695, 41.756675]]]}, "properties": {"sq": "883_9246", "crime_n": 7, "crime_night_n": 2, "nta": "Chicago Lawn", "boro": "Chicago"}}, {"type": "Feature", "geometry": {"type": "Polygon", "coordinates": [[[-87.703744, 41.761179], [-87.69773, 41.761215], [-87.697778, 41.765718], [-87.703793, 41.765682], [-87.703744, 41.761179]]]}, "properties": {"sq": "883_9247", "crime_n": 34, "crime_night_n": 8, "nta": "Chicago Lawn", "boro": "Chicago"}}, {"type": "Feature", "geometry": {"type": "Polygon", "coordinates": [[[-87.703793, 41.765682], [-87.697778, 41.765718], [-87.697827, 41.770222], [-87.703843, 41.770185], [-87.703793, 41.765682]]]}, "properties": {"sq": "883_9248", "crime_n": 3, "crime_night_n": 1, "nta": "Chicago Lawn", "boro": "Chicago"}}, {"type": "Feature", "geometry": {"type": "Polygon", "coordinates": [[[-87.703843, 41.770185], [-87.697827, 41.770222], [-87.697876, 41.774725], [-87.703892, 41.774688], [-87.703843, 41.770185]]]}, "properties": {"sq": "883_9249", "crime_n": 94, "crime_night_n": 36, "nta": "Chicago Lawn", "boro": "Chicago"}}, {"type": "Feature", "geometry": {"type": "Polygon", "coordinates": [[[-87.703892, 41.774688], [-87.697876, 41.774725], [-87.697925, 41.779228], [-87.703941, 41.779191], [-87.703892, 41.774688]]]}, "properties": {"sq": "883_9250", "crime_n": 136, "crime_night_n": 43, "nta": "Chicago Lawn", "boro": "Chicago"}}, {"type": "Feature", "geometry": {"type": "Polygon", "coordinates": [[[-87.703941, 41.779191], [-87.697925, 41.779228], [-87.697974, 41.783731], [-87.70399, 41.783694], [-87.703941, 41.779191]]]}, "properties": {"sq": "883_9251", "crime_n": 66, "crime_night_n": 32, "nta": "Chicago Lawn", "boro": "Chicago"}}, {"type": "Feature", "geometry": {"type": "Polygon", "coordinates": [[[-87.70399, 41.783694], [-87.697974, 41.783731], [-87.698023, 41.788234], [-87.70404, 41.788198], [-87.70399, 41.783694]]]}, "properties": {"sq": "883_9252", "crime_n": 79, "crime_night_n": 29, "nta": "Gage Park", "boro": "Chicago"}}, {"type": "Feature", "geometry": {"type": "Polygon", "coordinates": [[[-87.70404, 41.788198], [-87.698023, 41.788234], [-87.698071, 41.792738], [-87.704089, 41.792701], [-87.70404, 41.788198]]]}, "properties": {"sq": "883_9253", "crime_n": 37, "crime_night_n": 13, "nta": "Gage Park", "boro": "Chicago"}}, {"type": "Feature", "geometry": {"type": "Polygon", "coordinates": [[[-87.704089, 41.792701], [-87.698071, 41.792738], [-87.69812, 41.797241], [-87.704138, 41.797204], [-87.704089, 41.792701]]]}, "properties": {"sq": "883_9254", "crime_n": 96, "crime_night_n": 48, "nta": "Gage Park", "boro": "Chicago"}}, {"type": "Feature", "geometry": {"type": "Polygon", "coordinates": [[[-87.704138, 41.797204], [-87.69812, 41.797241], [-87.698169, 41.801744], [-87.704187, 41.801707], [-87.704138, 41.797204]]]}, "properties": {"sq": "883_9255", "crime_n": 47, "crime_night_n": 25, "nta": "Gage Park", "boro": "Chicago"}}, {"type": "Feature", "geometry": {"type": "Polygon", "coordinates": [[[-87.704187, 41.801707], [-87.698169, 41.801744], [-87.698218, 41.806247], [-87.704237, 41.80621], [-87.704187, 41.801707]]]}, "properties": {"sq": "883_9256", "crime_n": 20, "crime_night_n": 3, "nta": "Gage Park", "boro": "Chicago"}}, {"type": "Feature", "geometry": {"type": "Polygon", "coordinates": [[[-87.704237, 41.80621], [-87.698218, 41.806247], [-87.698267, 41.81075], [-87.704286, 41.810713], [-87.704237, 41.80621]]]}, "properties": {"sq": "883_9257", "crime_n": 74, "crime_night_n": 20, "nta": "Brighton Park", "boro": "Chicago"}}, {"type": "Feature", "geometry": {"type": "Polygon", "coordinates": [[[-87.704286, 41.810713], [-87.698267, 41.81075], [-87.698316, 41.815253], [-87.704335, 41.815217], [-87.704286, 41.810713]]]}, "properties": {"sq": "883_9258", "crime_n": 68, "crime_night_n": 31, "nta": "Brighton Park", "boro": "Chicago"}}, {"type": "Feature", "geometry": {"type": "Polygon", "coordinates": [[[-87.704335, 41.815217], [-87.698316, 41.815253], [-87.698365, 41.819756], [-87.704385, 41.81972], [-87.704335, 41.815217]]]}, "properties": {"sq": "883_9259", "crime_n": 38, "crime_night_n": 21, "nta": "Brighton Park", "boro": "Chicago"}}, {"type": "Feature", "geometry": {"type": "Polygon", "coordinates": [[[-87.704385, 41.81972], [-87.698365, 41.819756], [-87.698414, 41.82426], [-87.704434, 41.824223], [-87.704385, 41.81972]]]}, "properties": {"sq": "883_9260", "crime_n": 50, "crime_night_n": 24, "nta": "Brighton Park", "boro": "Chicago"}}, {"type": "Feature", "geometry": {"type": "Polygon", "coordinates": [[[-87.704434, 41.824223], [-87.698414, 41.82426], [-87.698463, 41.828763], [-87.704483, 41.828726], [-87.704434, 41.824223]]]}, "properties": {"sq": "883_9261", "crime_n": 11, "crime_night_n": 7, "nta": "Brighton Park", "boro": "Chicago"}}, {"type": "Feature", "geometry": {"type": "Polygon", "coordinates": [[[-87.704483, 41.828726], [-87.698463, 41.828763], [-87.698512, 41.833266], [-87.704533, 41.833229], [-87.704483, 41.828726]]]}, "properties": {"sq": "883_9262", "crime_n": 0, "crime_night_n": 0, "nta": "South Lawndale", "boro": "Chicago"}}, {"type": "Feature", "geometry": {"type": "Polygon", "coordinates": [[[-87.704533, 41.833229], [-87.698512, 41.833266], [-87.698561, 41.837769], [-87.704582, 41.837732], [-87.704533, 41.833229]]]}, "properties": {"sq": "883_9263", "crime_n": 3, "crime_night_n": 2, "nta": "South Lawndale", "boro": "Chicago"}}, {"type": "Feature", "geometry": {"type": "Polygon", "coordinates": [[[-87.704582, 41.837732], [-87.698561, 41.837769], [-87.69861, 41.842272], [-87.704632, 41.842235], [-87.704582, 41.837732]]]}, "properties": {"sq": "883_9264", "crime_n": 40, "crime_night_n": 17, "nta": "South Lawndale", "boro": "Chicago"}}, {"type": "Feature", "geometry": {"type": "Polygon", "coordinates": [[[-87.704632, 41.842235], [-87.69861, 41.842272], [-87.698659, 41.846775], [-87.704681, 41.846738], [-87.704632, 41.842235]]]}, "properties": {"sq": "883_9265", "crime_n": 92, "crime_night_n": 26, "nta": "South Lawndale", "boro": "Chicago"}}, {"type": "Feature", "geometry": {"type": "Polygon", "coordinates": [[[-87.704681, 41.846738], [-87.698659, 41.846775], [-87.698708, 41.851278], [-87.70473, 41.851242], [-87.704681, 41.846738]]]}, "properties": {"sq": "883_9266", "crime_n": 100, "crime_night_n": 44, "nta": "South Lawndale", "boro": "Chicago"}}, {"type": "Feature", "geometry": {"type": "Polygon", "coordinates": [[[-87.70473, 41.851242], [-87.698708, 41.851278], [-87.698757, 41.855781], [-87.70478, 41.855745], [-87.70473, 41.851242]]]}, "properties": {"sq": "883_9267", "crime_n": 62, "crime_night_n": 28, "nta": "South Lawndale", "boro": "Chicago"}}, {"type": "Feature", "geometry": {"type": "Polygon", "coordinates": [[[-87.70478, 41.855745], [-87.698757, 41.855781], [-87.698806, 41.860285], [-87.704829, 41.860248], [-87.70478, 41.855745]]]}, "properties": {"sq": "883_9268", "crime_n": 26, "crime_night_n": 12, "nta": "North Lawndale", "boro": "Chicago"}}, {"type": "Feature", "geometry": {"type": "Polygon", "coordinates": [[[-87.704829, 41.860248], [-87.698806, 41.860285], [-87.698855, 41.864788], [-87.704879, 41.864751], [-87.704829, 41.860248]]]}, "properties": {"sq": "883_9269", "crime_n": 81, "crime_night_n": 41, "nta": "North Lawndale", "boro": "Chicago"}}, {"type": "Feature", "geometry": {"type": "Polygon", "coordinates": [[[-87.704879, 41.864751], [-87.698855, 41.864788], [-87.698904, 41.869291], [-87.704928, 41.869254], [-87.704879, 41.864751]]]}, "properties": {"sq": "883_9270", "crime_n": 97, "crime_night_n": 44, "nta": "North Lawndale", "boro": "Chicago"}}, {"type": "Feature", "geometry": {"type": "Polygon", "coordinates": [[[-87.704928, 41.869254], [-87.698904, 41.869291], [-87.698953, 41.873794], [-87.704978, 41.873757], [-87.704928, 41.869254]]]}, "properties": {"sq": "883_9271", "crime_n": 169, "crime_night_n": 66, "nta": "East Garfield Park", "boro": "Chicago"}}, {"type": "Feature", "geometry": {"type": "Polygon", "coordinates": [[[-87.704978, 41.873757], [-87.698953, 41.873794], [-87.699002, 41.878297], [-87.705027, 41.87826], [-87.704978, 41.873757]]]}, "properties": {"sq": "883_9272", "crime_n": 96, "crime_night_n": 40, "nta": "East Garfield Park", "boro": "Chicago"}}, {"type": "Feature", "geometry": {"type": "Polygon", "coordinates": [[[-87.705027, 41.87826], [-87.699002, 41.878297], [-87.699051, 41.8828], [-87.705077, 41.882763], [-87.705027, 41.87826]]]}, "properties": {"sq": "883_9273", "crime_n": 132, "crime_night_n": 57, "nta": "East Garfield Park", "boro": "Chicago"}}, {"type": "Feature", "geometry": {"type": "Polygon", "coordinates": [[[-87.705077, 41.882763], [-87.699051, 41.8828], [-87.6991, 41.887303], [-87.705126, 41.887266], [-87.705077, 41.882763]]]}, "properties": {"sq": "883_9274", "crime_n": 90, "crime_night_n": 28, "nta": "East Garfield Park", "boro": "Chicago"}}, {"type": "Feature", "geometry": {"type": "Polygon", "coordinates": [[[-87.705126, 41.887266], [-87.6991, 41.887303], [-87.699149, 41.891806], [-87.705176, 41.891769], [-87.705126, 41.887266]]]}, "properties": {"sq": "883_9275", "crime_n": 23, "crime_night_n": 3, "nta": "Humboldt Park", "boro": "Chicago"}}, {"type": "Feature", "geometry": {"type": "Polygon", "coordinates": [[[-87.705176, 41.891769], [-87.699149, 41.891806], [-87.699198, 41.896309], [-87.705225, 41.896272], [-87.705176, 41.891769]]]}, "properties": {"sq": "883_9276", "crime_n": 53, "crime_night_n": 19, "nta": "Humboldt Park", "boro": "Chicago"}}, {"type": "Feature", "geometry": {"type": "Polygon", "coordinates": [[[-87.705225, 41.896272], [-87.699198, 41.896309], [-87.699247, 41.900812], [-87.705275, 41.900775], [-87.705225, 41.896272]]]}, "properties": {"sq": "883_9277", "crime_n": 45, "crime_night_n": 22, "nta": "West Town", "boro": "Chicago"}}, {"type": "Feature", "geometry": {"type": "Polygon", "coordinates": [[[-87.705275, 41.900775], [-87.699247, 41.900812], [-87.699296, 41.905315], [-87.705324, 41.905279], [-87.705275, 41.900775]]]}, "properties": {"sq": "883_9278", "crime_n": 23, "crime_night_n": 6, "nta": "West Town", "boro": "Chicago"}}, {"type": "Feature", "geometry": {"type": "Polygon", "coordinates": [[[-87.705324, 41.905279], [-87.699296, 41.905315], [-87.699346, 41.909819], [-87.705374, 41.909782], [-87.705324, 41.905279]]]}, "properties": {"sq": "883_9279", "crime_n": 22, "crime_night_n": 8, "nta": "West Town", "boro": "Chicago"}}, {"type": "Feature", "geometry": {"type": "Polygon", "coordinates": [[[-87.705374, 41.909782], [-87.699346, 41.909819], [-87.699395, 41.914322], [-87.705424, 41.914285], [-87.705374, 41.909782]]]}, "properties": {"sq": "883_9280", "crime_n": 32, "crime_night_n": 12, "nta": "Humboldt Park", "boro": "Chicago"}}, {"type": "Feature", "geometry": {"type": "Polygon", "coordinates": [[[-87.705424, 41.914285], [-87.699395, 41.914322], [-87.699444, 41.918825], [-87.705473, 41.918788], [-87.705424, 41.914285]]]}, "properties": {"sq": "883_9281", "crime_n": 34, "crime_night_n": 13, "nta": "Logan Square", "boro": "Chicago"}}, {"type": "Feature", "geometry": {"type": "Polygon", "coordinates": [[[-87.705473, 41.918788], [-87.699444, 41.918825], [-87.699493, 41.923328], [-87.705523, 41.923291], [-87.705473, 41.918788]]]}, "properties": {"sq": "883_9282", "crime_n": 18, "crime_night_n": 6, "nta": "Logan Square", "boro": "Chicago"}}, {"type": "Feature", "geometry": {"type": "Polygon", "coordinates": [[[-87.705523, 41.923291], [-87.699493, 41.923328], [-87.699542, 41.927831], [-87.705572, 41.927794], [-87.705523, 41.923291]]]}, "properties": {"sq": "883_9283", "crime_n": 84, "crime_night_n": 54, "nta": "Logan Square", "boro": "Chicago"}}, {"type": "Feature", "geometry": {"type": "Polygon", "coordinates": [[[-87.705572, 41.927794], [-87.699542, 41.927831], [-87.699591, 41.932334], [-87.705622, 41.932297], [-87.705572, 41.927794]]]}, "properties": {"sq": "883_9284", "crime_n": 20, "crime_night_n": 10, "nta": "Logan Square", "boro": "Chicago"}}, {"type": "Feature", "geometry": {"type": "Polygon", "coordinates": [[[-87.705622, 41.932297], [-87.699591, 41.932334], [-87.699641, 41.936837], [-87.705672, 41.9368], [-87.705622, 41.932297]]]}, "properties": {"sq": "883_9285", "crime_n": 21, "crime_night_n": 12, "nta": "Avondale", "boro": "Chicago"}}, {"type": "Feature", "geometry": {"type": "Polygon", "coordinates": [[[-87.705672, 41.9368], [-87.699641, 41.936837], [-87.69969, 41.94134], [-87.705721, 41.941303], [-87.705672, 41.9368]]]}, "properties": {"sq": "883_9286", "crime_n": 21, "crime_night_n": 9, "nta": "Avondale", "boro": "Chicago"}}, {"type": "Feature", "geometry": {"type": "Polygon", "coordinates": [[[-87.705721, 41.941303], [-87.69969, 41.94134], [-87.699739, 41.945843], [-87.705771, 41.945806], [-87.705721, 41.941303]]]}, "properties": {"sq": "883_9287", "crime_n": 10, "crime_night_n": 3, "nta": "Avondale", "boro": "Chicago"}}, {"type": "Feature", "geometry": {"type": "Polygon", "coordinates": [[[-87.705771, 41.945806], [-87.699739, 41.945843], [-87.699788, 41.950346], [-87.705821, 41.950309], [-87.705771, 41.945806]]]}, "properties": {"sq": "883_9288", "crime_n": 23, "crime_night_n": 4, "nta": "Irving Park", "boro": "Chicago"}}, {"type": "Feature", "geometry": {"type": "Polygon", "coordinates": [[[-87.705821, 41.950309], [-87.699788, 41.950346], [-87.699838, 41.954849], [-87.70587, 41.954812], [-87.705821, 41.950309]]]}, "properties": {"sq": "883_9289", "crime_n": 24, "crime_night_n": 10, "nta": "Irving Park", "boro": "Chicago"}}, {"type": "Feature", "geometry": {"type": "Polygon", "coordinates": [[[-87.70587, 41.954812], [-87.699838, 41.954849], [-87.699887, 41.959352], [-87.70592, 41.959315], [-87.70587, 41.954812]]]}, "properties": {"sq": "883_9290", "crime_n": 13, "crime_night_n": 5, "nta": "Irving Park", "boro": "Chicago"}}, {"type": "Feature", "geometry": {"type": "Polygon", "coordinates": [[[-87.70592, 41.959315], [-87.699887, 41.959352], [-87.699936, 41.963855], [-87.70597, 41.963818], [-87.70592, 41.959315]]]}, "properties": {"sq": "883_9291", "crime_n": 12, "crime_night_n": 2, "nta": "Albany Park", "boro": "Chicago"}}, {"type": "Feature", "geometry": {"type": "Polygon", "coordinates": [[[-87.70597, 41.963818], [-87.699936, 41.963855], [-87.699986, 41.968358], [-87.706019, 41.968321], [-87.70597, 41.963818]]]}, "properties": {"sq": "883_9292", "crime_n": 19, "crime_night_n": 2, "nta": "Albany Park", "boro": "Chicago"}}, {"type": "Feature", "geometry": {"type": "Polygon", "coordinates": [[[-87.706019, 41.968321], [-87.699986, 41.968358], [-87.700035, 41.972861], [-87.706069, 41.972824], [-87.706019, 41.968321]]]}, "properties": {"sq": "883_9293", "crime_n": 29, "crime_night_n": 13, "nta": "Albany Park", "boro": "Chicago"}}, {"type": "Feature", "geometry": {"type": "Polygon", "coordinates": [[[-87.706069, 41.972824], [-87.700035, 41.972861], [-87.700084, 41.977364], [-87.706119, 41.977327], [-87.706069, 41.972824]]]}, "properties": {"sq": "883_9294", "crime_n": 15, "crime_night_n": 3, "nta": "North Park", "boro": "Chicago"}}, {"type": "Feature", "geometry": {"type": "Polygon", "coordinates": [[[-87.706119, 41.977327], [-87.700084, 41.977364], [-87.700133, 41.981867], [-87.706169, 41.98183], [-87.706119, 41.977327]]]}, "properties": {"sq": "883_9295", "crime_n": 4, "crime_night_n": 0, "nta": "Lincoln Square", "boro": "Chicago"}}, {"type": "Feature", "geometry": {"type": "Polygon", "coordinates": [[[-87.706169, 41.98183], [-87.700133, 41.981867], [-87.700183, 41.98637], [-87.706218, 41.986333], [-87.706169, 41.98183]]]}, "properties": {"sq": "883_9296", "crime_n": 10, "crime_night_n": 3, "nta": "West Ridge", "boro": "Chicago"}}, {"type": "Feature", "geometry": {"type": "Polygon", "coordinates": [[[-87.706218, 41.986333], [-87.700183, 41.98637], [-87.700232, 41.990873], [-87.706268, 41.990836], [-87.706218, 41.986333]]]}, "properties": {"sq": "883_9297", "crime_n": 35, "crime_night_n": 14, "nta": "West Ridge", "boro": "Chicago"}}, {"type": "Feature", "geometry": {"type": "Polygon", "coordinates": [[[-87.706268, 41.990836], [-87.700232, 41.990873], [-87.700281, 41.995376], [-87.706318, 41.995339], [-87.706268, 41.990836]]]}, "properties": {"sq": "883_9298", "crime_n": 26, "crime_night_n": 10, "nta": "West Ridge", "boro": "Chicago"}}, {"type": "Feature", "geometry": {"type": "Polygon", "coordinates": [[[-87.706318, 41.995339], [-87.700281, 41.995376], [-87.700331, 41.999879], [-87.706368, 41.999842], [-87.706318, 41.995339]]]}, "properties": {"sq": "883_9299", "crime_n": 53, "crime_night_n": 23, "nta": "West Ridge", "boro": "Chicago"}}, {"type": "Feature", "geometry": {"type": "Polygon", "coordinates": [[[-87.706368, 41.999842], [-87.700331, 41.999879], [-87.70038, 42.004382], [-87.706418, 42.004345], [-87.706368, 41.999842]]]}, "properties": {"sq": "883_9300", "crime_n": 15, "crime_night_n": 7, "nta": "West Ridge", "boro": "Chicago"}}, {"type": "Feature", "geometry": {"type": "Polygon", "coordinates": [[[-87.706418, 42.004345], [-87.70038, 42.004382], [-87.70043, 42.008885], [-87.706467, 42.008848], [-87.706418, 42.004345]]]}, "properties": {"sq": "883_9301", "crime_n": 2, "crime_night_n": 1, "nta": "West Ridge", "boro": "Chicago"}}, {"type": "Feature", "geometry": {"type": "Polygon", "coordinates": [[[-87.706467, 42.008848], [-87.70043, 42.008885], [-87.700479, 42.013388], [-87.706517, 42.013351], [-87.706467, 42.008848]]]}, "properties": {"sq": "883_9302", "crime_n": 13, "crime_night_n": 9, "nta": "West Ridge", "boro": "Chicago"}}, {"type": "Feature", "geometry": {"type": "Polygon", "coordinates": [[[-87.706517, 42.013351], [-87.700479, 42.013388], [-87.700528, 42.017891], [-87.706567, 42.017854], [-87.706517, 42.013351]]]}, "properties": {"sq": "883_9303", "crime_n": 4, "crime_night_n": 1, "nta": "West Ridge", "boro": "Chicago"}}, {"type": "Feature", "geometry": {"type": "Polygon", "coordinates": [[[-87.706567, 42.017854], [-87.700528, 42.017891], [-87.700578, 42.022394], [-87.706617, 42.022357], [-87.706567, 42.017854]]]}, "properties": {"sq": "883_9304", "crime_n": 3, "crime_night_n": 1, "nta": "West Ridge", "boro": "Chicago"}}, {"type": "Feature", "geometry": {"type": "Polygon", "coordinates": [[[-87.696853, 41.680157], [-87.690846, 41.680194], [-87.690895, 41.684697], [-87.696902, 41.684661], [-87.696853, 41.680157]]]}, "properties": {"sq": "884_9229", "crime_n": 0, "crime_night_n": 0, "nta": "Morgan Park", "boro": "Chicago"}}, {"type": "Feature", "geometry": {"type": "Polygon", "coordinates": [[[-87.696902, 41.684661], [-87.690895, 41.684697], [-87.690943, 41.6892], [-87.696951, 41.689164], [-87.696902, 41.684661]]]}, "properties": {"sq": "884_9230", "crime_n": 0, "crime_night_n": 0, "nta": "Morgan Park", "boro": "Chicago"}}, {"type": "Feature", "geometry": {"type": "Polygon", "coordinates": [[[-87.696951, 41.689164], [-87.690943, 41.6892], [-87.690991, 41.693703], [-87.696999, 41.693667], [-87.696951, 41.689164]]]}, "properties": {"sq": "884_9231", "crime_n": 4, "crime_night_n": 1, "nta": "Morgan Park", "boro": "Chicago"}}, {"type": "Feature", "geometry": {"type": "Polygon", "coordinates": [[[-87.696999, 41.693667], [-87.690991, 41.693703], [-87.691039, 41.698207], [-87.697048, 41.69817], [-87.696999, 41.693667]]]}, "properties": {"sq": "884_9232", "crime_n": 0, "crime_night_n": 0, "nta": "Mount Greenwood", "boro": "Chicago"}}, {"type": "Feature", "geometry": {"type": "Polygon", "coordinates": [[[-87.697048, 41.69817], [-87.691039, 41.698207], [-87.691087, 41.70271], [-87.697096, 41.702674], [-87.697048, 41.69817]]]}, "properties": {"sq": "884_9233", "crime_n": 0, "crime_night_n": 0, "nta": "Beverly", "boro": "Chicago"}}, {"type": "Feature", "geometry": {"type": "Polygon", "coordinates": [[[-87.697096, 41.702674], [-87.691087, 41.70271], [-87.691136, 41.707213], [-87.697145, 41.707177], [-87.697096, 41.702674]]]}, "properties": {"sq": "884_9234", "crime_n": 3, "crime_night_n": 1, "nta": "Beverly", "boro": "Chicago"}}, {"type": "Feature", "geometry": {"type": "Polygon", "coordinates": [[[-87.697145, 41.707177], [-87.691136, 41.707213], [-87.691184, 41.711716], [-87.697194, 41.71168], [-87.697145, 41.707177]]]}, "properties": {"sq": "884_9235", "crime_n": 1, "crime_night_n": 0, "nta": "Beverly", "boro": "Chicago"}}, {"type": "Feature", "geometry": {"type": "Polygon", "coordinates": [[[-87.697194, 41.71168], [-87.691184, 41.711716], [-87.691232, 41.71622], [-87.697242, 41.716183], [-87.697194, 41.71168]]]}, "properties": {"sq": "884_9236", "crime_n": 0, "crime_night_n": 0, "nta": "Beverly", "boro": "Chicago"}}, {"type": "Feature", "geometry": {"type": "Polygon", "coordinates": [[[-87.697437, 41.734196], [-87.691425, 41.734232], [-87.691473, 41.738736], [-87.697486, 41.738699], [-87.697437, 41.734196]]]}, "properties": {"sq": "884_9241", "crime_n": 8, "crime_night_n": 1, "nta": "Ashburn", "boro": "Chicago"}}, {"type": "Feature", "geometry": {"type": "Polygon", "coordinates": [[[-87.697486, 41.738699], [-87.691473, 41.738736], [-87.691522, 41.743239], [-87.697535, 41.743203], [-87.697486, 41.738699]]]}, "properties": {"sq": "884_9242", "crime_n": 6, "crime_night_n": 1, "nta": "Ashburn", "boro": "Chicago"}}, {"type": "Feature", "geometry": {"type": "Polygon", "coordinates": [[[-87.697535, 41.743203], [-87.691522, 41.743239], [-87.69157, 41.747742], [-87.697583, 41.747706], [-87.697535, 41.743203]]]}, "properties": {"sq": "884_9243", "crime_n": 16, "crime_night_n": 3, "nta": "Ashburn", "boro": "Chicago"}}, {"type": "Feature", "geometry": {"type": "Polygon", "coordinates": [[[-87.697583, 41.747706], [-87.69157, 41.747742], [-87.691618, 41.752245], [-87.697632, 41.752209], [-87.697583, 41.747706]]]}, "properties": {"sq": "884_9244", "crime_n": 17, "crime_night_n": 6, "nta": "Ashburn", "boro": "Chicago"}}, {"type": "Feature", "geometry": {"type": "Polygon", "coordinates": [[[-87.697632, 41.752209], [-87.691618, 41.752245], [-87.691667, 41.756748], [-87.697681, 41.756712], [-87.697632, 41.752209]]]}, "properties": {"sq": "884_9245", "crime_n": 4, "crime_night_n": 1, "nta": "Ashburn", "boro": "Chicago"}}, {"type": "Feature", "geometry": {"type": "Polygon", "coordinates": [[[-87.697681, 41.756712], [-87.691667, 41.756748], [-87.691715, 41.761252], [-87.69773, 41.761215], [-87.697681, 41.756712]]]}, "properties": {"sq": "884_9246", "crime_n": 3, "crime_night_n": 0, "nta": "Chicago Lawn", "boro": "Chicago"}}, {"type": "Feature", "geometry": {"type": "Polygon", "coordinates": [[[-87.69773, 41.761215], [-87.691715, 41.761252], [-87.691764, 41.765755], [-87.697778, 41.765718], [-87.69773, 41.761215]]]}, "properties": {"sq": "884_9247", "crime_n": 47, "crime_night_n": 18, "nta": "Chicago Lawn", "boro": "Chicago"}}, {"type": "Feature", "geometry": {"type": "Polygon", "coordinates": [[[-87.697778, 41.765718], [-87.691764, 41.765755], [-87.691812, 41.770258], [-87.697827, 41.770222], [-87.697778, 41.765718]]]}, "properties": {"sq": "884_9248", "crime_n": 11, "crime_night_n": 3, "nta": "Chicago Lawn", "boro": "Chicago"}}, {"type": "Feature", "geometry": {"type": "Polygon", "coordinates": [[[-87.697827, 41.770222], [-87.691812, 41.770258], [-87.69186, 41.774761], [-87.697876, 41.774725], [-87.697827, 41.770222]]]}, "properties": {"sq": "884_9249", "crime_n": 50, "crime_night_n": 15, "nta": "Chicago Lawn", "boro": "Chicago"}}, {"type": "Feature", "geometry": {"type": "Polygon", "coordinates": [[[-87.697876, 41.774725], [-87.69186, 41.774761], [-87.691909, 41.779264], [-87.697925, 41.779228], [-87.697876, 41.774725]]]}, "properties": {"sq": "884_9250", "crime_n": 156, "crime_night_n": 68, "nta": "Chicago Lawn", "boro": "Chicago"}}, {"type": "Feature", "geometry": {"type": "Polygon", "coordinates": [[[-87.697925, 41.779228], [-87.691909, 41.779264], [-87.691957, 41.783768], [-87.697974, 41.783731], [-87.697925, 41.779228]]]}, "properties": {"sq": "884_9251", "crime_n": 37, "crime_night_n": 16, "nta": "Chicago Lawn", "boro": "Chicago"}}, {"type": "Feature", "geometry": {"type": "Polygon", "coordinates": [[[-87.697974, 41.783731], [-87.691957, 41.783768], [-87.692006, 41.788271], [-87.698023, 41.788234], [-87.697974, 41.783731]]]}, "properties": {"sq": "884_9252", "crime_n": 65, "crime_night_n": 32, "nta": "Chicago Lawn", "boro": "Chicago"}}, {"type": "Feature", "geometry": {"type": "Polygon", "coordinates": [[[-87.698023, 41.788234], [-87.692006, 41.788271], [-87.692054, 41.792774], [-87.698071, 41.792738], [-87.698023, 41.788234]]]}, "properties": {"sq": "884_9253", "crime_n": 26, "crime_night_n": 11, "nta": "Gage Park", "boro": "Chicago"}}, {"type": "Feature", "geometry": {"type": "Polygon", "coordinates": [[[-87.698071, 41.792738], [-87.692054, 41.792774], [-87.692102, 41.797277], [-87.69812, 41.797241], [-87.698071, 41.792738]]]}, "properties": {"sq": "884_9254", "crime_n": 60, "crime_night_n": 32, "nta": "Gage Park", "boro": "Chicago"}}, {"type": "Feature", "geometry": {"type": "Polygon", "coordinates": [[[-87.69812, 41.797241], [-87.692102, 41.797277], [-87.692151, 41.80178], [-87.698169, 41.801744], [-87.69812, 41.797241]]]}, "properties": {"sq": "884_9255", "crime_n": 27, "crime_night_n": 12, "nta": "Gage Park", "boro": "Chicago"}}, {"type": "Feature", "geometry": {"type": "Polygon", "coordinates": [[[-87.698169, 41.801744], [-87.692151, 41.80178], [-87.692199, 41.806283], [-87.698218, 41.806247], [-87.698169, 41.801744]]]}, "properties": {"sq": "884_9256", "crime_n": 10, "crime_night_n": 7, "nta": "Brighton Park", "boro": "Chicago"}}, {"type": "Feature", "geometry": {"type": "Polygon", "coordinates": [[[-87.698218, 41.806247], [-87.692199, 41.806283], [-87.692248, 41.810787], [-87.698267, 41.81075], [-87.698218, 41.806247]]]}, "properties": {"sq": "884_9257", "crime_n": 41, "crime_night_n": 21, "nta": "Brighton Park", "boro": "Chicago"}}, {"type": "Feature", "geometry": {"type": "Polygon", "coordinates": [[[-87.698267, 41.81075], [-87.692248, 41.810787], [-87.692296, 41.81529], [-87.698316, 41.815253], [-87.698267, 41.81075]]]}, "properties": {"sq": "884_9258", "crime_n": 53, "crime_night_n": 20, "nta": "Brighton Park", "boro": "Chicago"}}, {"type": "Feature", "geometry": {"type": "Polygon", "coordinates": [[[-87.698316, 41.815253], [-87.692296, 41.81529], [-87.692345, 41.819793], [-87.698365, 41.819756], [-87.698316, 41.815253]]]}, "properties": {"sq": "884_9259", "crime_n": 78, "crime_night_n": 33, "nta": "Brighton Park", "boro": "Chicago"}}, {"type": "Feature", "geometry": {"type": "Polygon", "coordinates": [[[-87.698365, 41.819756], [-87.692345, 41.819793], [-87.692393, 41.824296], [-87.698414, 41.82426], [-87.698365, 41.819756]]]}, "properties": {"sq": "884_9260", "crime_n": 50, "crime_night_n": 24, "nta": "Brighton Park", "boro": "Chicago"}}, {"type": "Feature", "geometry": {"type": "Polygon", "coordinates": [[[-87.698414, 41.82426], [-87.692393, 41.824296], [-87.692442, 41.828799], [-87.698463, 41.828763], [-87.698414, 41.82426]]]}, "properties": {"sq": "884_9261", "crime_n": 21, "crime_night_n": 13, "nta": "Brighton Park", "boro": "Chicago"}}, {"type": "Feature", "geometry": {"type": "Polygon", "coordinates": [[[-87.698463, 41.828763], [-87.692442, 41.828799], [-87.69249, 41.833302], [-87.698512, 41.833266], [-87.698463, 41.828763]]]}, "properties": {"sq": "884_9262", "crime_n": 13, "crime_night_n": 5, "nta": "Brighton Park", "boro": "Chicago"}}, {"type": "Feature", "geometry": {"type": "Polygon", "coordinates": [[[-87.698512, 41.833266], [-87.69249, 41.833302], [-87.692539, 41.837805], [-87.698561, 41.837769], [-87.698512, 41.833266]]]}, "properties": {"sq": "884_9263", "crime_n": 1, "crime_night_n": 0, "nta": "South Lawndale", "boro": "Chicago"}}, {"type": "Feature", "geometry": {"type": "Polygon", "coordinates": [[[-87.698561, 41.837769], [-87.692539, 41.837805], [-87.692587, 41.842309], [-87.69861, 41.842272], [-87.698561, 41.837769]]]}, "properties": {"sq": "884_9264", "crime_n": 13, "crime_night_n": 4, "nta": "South Lawndale", "boro": "Chicago"}}, {"type": "Feature", "geometry": {"type": "Polygon", "coordinates": [[[-87.69861, 41.842272], [-87.692587, 41.842309], [-87.692636, 41.846812], [-87.698659, 41.846775], [-87.69861, 41.842272]]]}, "properties": {"sq": "884_9265", "crime_n": 85, "crime_night_n": 38, "nta": "South Lawndale", "boro": "Chicago"}}, {"type": "Feature", "geometry": {"type": "Polygon", "coordinates": [[[-87.698659, 41.846775], [-87.692636, 41.846812], [-87.692685, 41.851315], [-87.698708, 41.851278], [-87.698659, 41.846775]]]}, "properties": {"sq": "884_9266", "crime_n": 54, "crime_night_n": 24, "nta": "South Lawndale", "boro": "Chicago"}}, {"type": "Feature", "geometry": {"type": "Polygon", "coordinates": [[[-87.698708, 41.851278], [-87.692685, 41.851315], [-87.692733, 41.855818], [-87.698757, 41.855781], [-87.698708, 41.851278]]]}, "properties": {"sq": "884_9267", "crime_n": 103, "crime_night_n": 43, "nta": "South Lawndale", "boro": "Chicago"}}, {"type": "Feature", "geometry": {"type": "Polygon", "coordinates": [[[-87.698757, 41.855781], [-87.692733, 41.855818], [-87.692782, 41.860321], [-87.698806, 41.860285], [-87.698757, 41.855781]]]}, "properties": {"sq": "884_9268", "crime_n": 32, "crime_night_n": 17, "nta": "North Lawndale", "boro": "Chicago"}}, {"type": "Feature", "geometry": {"type": "Polygon", "coordinates": [[[-87.698806, 41.860285], [-87.692782, 41.860321], [-87.69283, 41.864824], [-87.698855, 41.864788], [-87.698806, 41.860285]]]}, "properties": {"sq": "884_9269", "crime_n": 39, "crime_night_n": 20, "nta": "North Lawndale", "boro": "Chicago"}}, {"type": "Feature", "geometry": {"type": "Polygon", "coordinates": [[[-87.698855, 41.864788], [-87.69283, 41.864824], [-87.692879, 41.869327], [-87.698904, 41.869291], [-87.698855, 41.864788]]]}, "properties": {"sq": "884_9270", "crime_n": 90, "crime_night_n": 36, "nta": "North Lawndale", "boro": "Chicago"}}, {"type": "Feature", "geometry": {"type": "Polygon", "coordinates": [[[-87.698904, 41.869291], [-87.692879, 41.869327], [-87.692928, 41.87383], [-87.698953, 41.873794], [-87.698904, 41.869291]]]}, "properties": {"sq": "884_9271", "crime_n": 167, "crime_night_n": 54, "nta": "East Garfield Park", "boro": "Chicago"}}, {"type": "Feature", "geometry": {"type": "Polygon", "coordinates": [[[-87.698953, 41.873794], [-87.692928, 41.87383], [-87.692976, 41.878333], [-87.699002, 41.878297], [-87.698953, 41.873794]]]}, "properties": {"sq": "884_9272", "crime_n": 98, "crime_night_n": 33, "nta": "East Garfield Park", "boro": "Chicago"}}, {"type": "Feature", "geometry": {"type": "Polygon", "coordinates": [[[-87.699002, 41.878297], [-87.692976, 41.878333], [-87.693025, 41.882837], [-87.699051, 41.8828], [-87.699002, 41.878297]]]}, "properties": {"sq": "884_9273", "crime_n": 46, "crime_night_n": 16, "nta": "East Garfield Park", "boro": "Chicago"}}, {"type": "Feature", "geometry": {"type": "Polygon", "coordinates": [[[-87.699051, 41.8828], [-87.693025, 41.882837], [-87.693074, 41.88734], [-87.6991, 41.887303], [-87.699051, 41.8828]]]}, "properties": {"sq": "884_9274", "crime_n": 56, "crime_night_n": 30, "nta": "East Garfield Park", "boro": "Chicago"}}, {"type": "Feature", "geometry": {"type": "Polygon", "coordinates": [[[-87.6991, 41.887303], [-87.693074, 41.88734], [-87.693122, 41.891843], [-87.699149, 41.891806], [-87.6991, 41.887303]]]}, "properties": {"sq": "884_9275", "crime_n": 0, "crime_night_n": 0, "nta": "Humboldt Park", "boro": "Chicago"}}, {"type": "Feature", "geometry": {"type": "Polygon", "coordinates": [[[-87.699149, 41.891806], [-87.693122, 41.891843], [-87.693171, 41.896346], [-87.699198, 41.896309], [-87.699149, 41.891806]]]}, "properties": {"sq": "884_9276", "crime_n": 28, "crime_night_n": 17, "nta": "West Town", "boro": "Chicago"}}, {"type": "Feature", "geometry": {"type": "Polygon", "coordinates": [[[-87.699198, 41.896309], [-87.693171, 41.896346], [-87.69322, 41.900849], [-87.699247, 41.900812], [-87.699198, 41.896309]]]}, "properties": {"sq": "884_9277", "crime_n": 47, "crime_night_n": 21, "nta": "West Town", "boro": "Chicago"}}, {"type": "Feature", "geometry": {"type": "Polygon", "coordinates": [[[-87.699247, 41.900812], [-87.69322, 41.900849], [-87.693268, 41.905352], [-87.699296, 41.905315], [-87.699247, 41.900812]]]}, "properties": {"sq": "884_9278", "crime_n": 90, "crime_night_n": 35, "nta": "West Town", "boro": "Chicago"}}, {"type": "Feature", "geometry": {"type": "Polygon", "coordinates": [[[-87.699296, 41.905315], [-87.693268, 41.905352], [-87.693317, 41.909855], [-87.699346, 41.909819], [-87.699296, 41.905315]]]}, "properties": {"sq": "884_9279", "crime_n": 44, "crime_night_n": 17, "nta": "West Town", "boro": "Chicago"}}, {"type": "Feature", "geometry": {"type": "Polygon", "coordinates": [[[-87.699346, 41.909819], [-87.693317, 41.909855], [-87.693366, 41.914358], [-87.699395, 41.914322], [-87.699346, 41.909819]]]}, "properties": {"sq": "884_9280", "crime_n": 72, "crime_night_n": 29, "nta": "West Town", "boro": "Chicago"}}, {"type": "Feature", "geometry": {"type": "Polygon", "coordinates": [[[-87.699395, 41.914322], [-87.693366, 41.914358], [-87.693415, 41.918861], [-87.699444, 41.918825], [-87.699395, 41.914322]]]}, "properties": {"sq": "884_9281", "crime_n": 43, "crime_night_n": 21, "nta": "Logan Square", "boro": "Chicago"}}, {"type": "Feature", "geometry": {"type": "Polygon", "coordinates": [[[-87.699444, 41.918825], [-87.693415, 41.918861], [-87.693463, 41.923364], [-87.699493, 41.923328], [-87.699444, 41.918825]]]}, "properties": {"sq": "884_9282", "crime_n": 71, "crime_night_n": 23, "nta": "Logan Square", "boro": "Chicago"}}, {"type": "Feature", "geometry": {"type": "Polygon", "coordinates": [[[-87.699493, 41.923328], [-87.693463, 41.923364], [-87.693512, 41.927867], [-87.699542, 41.927831], [-87.699493, 41.923328]]]}, "properties": {"sq": "884_9283", "crime_n": 32, "crime_night_n": 13, "nta": "Logan Square", "boro": "Chicago"}}, {"type": "Feature", "geometry": {"type": "Polygon", "coordinates": [[[-87.699542, 41.927831], [-87.693512, 41.927867], [-87.693561, 41.93237], [-87.699591, 41.932334], [-87.699542, 41.927831]]]}, "properties": {"sq": "884_9284", "crime_n": 35, "crime_night_n": 14, "nta": "Logan Square", "boro": "Chicago"}}, {"type": "Feature", "geometry": {"type": "Polygon", "coordinates": [[[-87.699591, 41.932334], [-87.693561, 41.93237], [-87.69361, 41.936873], [-87.699641, 41.936837], [-87.699591, 41.932334]]]}, "properties": {"sq": "884_9285", "crime_n": 17, "crime_night_n": 7, "nta": "Avondale", "boro": "Chicago"}}, {"type": "Feature", "geometry": {"type": "Polygon", "coordinates": [[[-87.699641, 41.936837], [-87.69361, 41.936873], [-87.693659, 41.941376], [-87.69969, 41.94134], [-87.699641, 41.936837]]]}, "properties": {"sq": "884_9286", "crime_n": 22, "crime_night_n": 9, "nta": "Avondale", "boro": "Chicago"}}, {"type": "Feature", "geometry": {"type": "Polygon", "coordinates": [[[-87.69969, 41.94134], [-87.693659, 41.941376], [-87.693707, 41.94588], [-87.699739, 41.945843], [-87.69969, 41.94134]]]}, "properties": {"sq": "884_9287", "crime_n": 6, "crime_night_n": 4, "nta": "Avondale", "boro": "Chicago"}}, {"type": "Feature", "geometry": {"type": "Polygon", "coordinates": [[[-87.699739, 41.945843], [-87.693707, 41.94588], [-87.693756, 41.950383], [-87.699788, 41.950346], [-87.699739, 41.945843]]]}, "properties": {"sq": "884_9288", "crime_n": 6, "crime_night_n": 3, "nta": "North Center", "boro": "Chicago"}}, {"type": "Feature", "geometry": {"type": "Polygon", "coordinates": [[[-87.699788, 41.950346], [-87.693756, 41.950383], [-87.693805, 41.954886], [-87.699838, 41.954849], [-87.699788, 41.950346]]]}, "properties": {"sq": "884_9289", "crime_n": 10, "crime_night_n": 6, "nta": "Irving Park", "boro": "Chicago"}}, {"type": "Feature", "geometry": {"type": "Polygon", "coordinates": [[[-87.699838, 41.954849], [-87.693805, 41.954886], [-87.693854, 41.959389], [-87.699887, 41.959352], [-87.699838, 41.954849]]]}, "properties": {"sq": "884_9290", "crime_n": 3, "crime_night_n": 1, "nta": "Irving Park", "boro": "Chicago"}}, {"type": "Feature", "geometry": {"type": "Polygon", "coordinates": [[[-87.699887, 41.959352], [-87.693854, 41.959389], [-87.693903, 41.963892], [-87.699936, 41.963855], [-87.699887, 41.959352]]]}, "properties": {"sq": "884_9291", "crime_n": 14, "crime_night_n": 3, "nta": "Irving Park", "boro": "Chicago"}}, {"type": "Feature", "geometry": {"type": "Polygon", "coordinates": [[[-87.699936, 41.963855], [-87.693903, 41.963892], [-87.693952, 41.968395], [-87.699986, 41.968358], [-87.699936, 41.963855]]]}, "properties": {"sq": "884_9292", "crime_n": 11, "crime_night_n": 4, "nta": "Lincoln Square", "boro": "Chicago"}}, {"type": "Feature", "geometry": {"type": "Polygon", "coordinates": [[[-87.699986, 41.968358], [-87.693952, 41.968395], [-87.694, 41.972898], [-87.700035, 41.972861], [-87.699986, 41.968358]]]}, "properties": {"sq": "884_9293", "crime_n": 24, "crime_night_n": 8, "nta": "Lincoln Square", "boro": "Chicago"}}, {"type": "Feature", "geometry": {"type": "Polygon", "coordinates": [[[-87.700035, 41.972861], [-87.694, 41.972898], [-87.694049, 41.977401], [-87.700084, 41.977364], [-87.700035, 41.972861]]]}, "properties": {"sq": "884_9294", "crime_n": 15, "crime_night_n": 5, "nta": "Lincoln Square", "boro": "Chicago"}}, {"type": "Feature", "geometry": {"type": "Polygon", "coordinates": [[[-87.700084, 41.977364], [-87.694049, 41.977401], [-87.694098, 41.981904], [-87.700133, 41.981867], [-87.700084, 41.977364]]]}, "properties": {"sq": "884_9295", "crime_n": 18, "crime_night_n": 8, "nta": "Lincoln Square", "boro": "Chicago"}}, {"type": "Feature", "geometry": {"type": "Polygon", "coordinates": [[[-87.700133, 41.981867], [-87.694098, 41.981904], [-87.694147, 41.986407], [-87.700183, 41.98637], [-87.700133, 41.981867]]]}, "properties": {"sq": "884_9296", "crime_n": 21, "crime_night_n": 10, "nta": "West Ridge", "boro": "Chicago"}}, {"type": "Feature", "geometry": {"type": "Polygon", "coordinates": [[[-87.700183, 41.98637], [-87.694147, 41.986407], [-87.694196, 41.99091], [-87.700232, 41.990873], [-87.700183, 41.98637]]]}, "properties": {"sq": "884_9297", "crime_n": 23, "crime_night_n": 11, "nta": "West Ridge", "boro": "Chicago"}}, {"type": "Feature", "geometry": {"type": "Polygon", "coordinates": [[[-87.700232, 41.990873], [-87.694196, 41.99091], [-87.694245, 41.995413], [-87.700281, 41.995376], [-87.700232, 41.990873]]]}, "properties": {"sq": "884_9298", "crime_n": 55, "crime_night_n": 25, "nta": "West Ridge", "boro": "Chicago"}}, {"type": "Feature", "geometry": {"type": "Polygon", "coordinates": [[[-87.700281, 41.995376], [-87.694245, 41.995413], [-87.694294, 41.999916], [-87.700331, 41.999879], [-87.700281, 41.995376]]]}, "properties": {"sq": "884_9299", "crime_n": 79, "crime_night_n": 37, "nta": "West Ridge", "boro": "Chicago"}}, {"type": "Feature", "geometry": {"type": "Polygon", "coordinates": [[[-87.700331, 41.999879], [-87.694294, 41.999916], [-87.694343, 42.004419], [-87.70038, 42.004382], [-87.700331, 41.999879]]]}, "properties": {"sq": "884_9300", "crime_n": 17, "crime_night_n": 10, "nta": "West Ridge", "boro": "Chicago"}}, {"type": "Feature", "geometry": {"type": "Polygon", "coordinates": [[[-87.70038, 42.004382], [-87.694343, 42.004419], [-87.694392, 42.008922], [-87.70043, 42.008885], [-87.70038, 42.004382]]]}, "properties": {"sq": "884_9301", "crime_n": 17, "crime_night_n": 4, "nta": "West Ridge", "boro": "Chicago"}}, {"type": "Feature", "geometry": {"type": "Polygon", "coordinates": [[[-87.70043, 42.008885], [-87.694392, 42.008922], [-87.694441, 42.013425], [-87.700479, 42.013388], [-87.70043, 42.008885]]]}, "properties": {"sq": "884_9302", "crime_n": 30, "crime_night_n": 14, "nta": "West Ridge", "boro": "Chicago"}}, {"type": "Feature", "geometry": {"type": "Polygon", "coordinates": [[[-87.700479, 42.013388], [-87.694441, 42.013425], [-87.69449, 42.017928], [-87.700528, 42.017891], [-87.700479, 42.013388]]]}, "properties": {"sq": "884_9303", "crime_n": 5, "crime_night_n": 2, "nta": "West Ridge", "boro": "Chicago"}}, {"type": "Feature", "geometry": {"type": "Polygon", "coordinates": [[[-87.700528, 42.017891], [-87.69449, 42.017928], [-87.694539, 42.022431], [-87.700578, 42.022394], [-87.700528, 42.017891]]]}, "properties": {"sq": "884_9304", "crime_n": 1, "crime_night_n": 1, "nta": "West Ridge", "boro": "Chicago"}}, {"type": "Feature", "geometry": {"type": "Polygon", "coordinates": [[[-87.690798, 41.67569], [-87.684792, 41.675726], [-87.684839, 41.68023], [-87.690846, 41.680194], [-87.690798, 41.67569]]]}, "properties": {"sq": "885_9228", "crime_n": 1, "crime_night_n": 0, "nta": "Morgan Park", "boro": "Chicago"}}, {"type": "Feature", "geometry": {"type": "Polygon", "coordinates": [[[-87.690846, 41.680194], [-87.684839, 41.68023], [-87.684887, 41.684733], [-87.690895, 41.684697], [-87.690846, 41.680194]]]}, "properties": {"sq": "885_9229", "crime_n": 0, "crime_night_n": 0, "nta": "Morgan Park", "boro": "Chicago"}}, {"type": "Feature", "geometry": {"type": "Polygon", "coordinates": [[[-87.690895, 41.684697], [-87.684887, 41.684733], [-87.684935, 41.689236], [-87.690943, 41.6892], [-87.690895, 41.684697]]]}, "properties": {"sq": "885_9230", "crime_n": 1, "crime_night_n": 0, "nta": "Morgan Park", "boro": "Chicago"}}, {"type": "Feature", "geometry": {"type": "Polygon", "coordinates": [[[-87.690943, 41.6892], [-87.684935, 41.689236], [-87.684983, 41.693739], [-87.690991, 41.693703], [-87.690943, 41.6892]]]}, "properties": {"sq": "885_9231", "crime_n": 4, "crime_night_n": 2, "nta": "Morgan Park", "boro": "Chicago"}}, {"type": "Feature", "geometry": {"type": "Polygon", "coordinates": [[[-87.690991, 41.693703], [-87.684983, 41.693739], [-87.685031, 41.698243], [-87.691039, 41.698207], [-87.690991, 41.693703]]]}, "properties": {"sq": "885_9232", "crime_n": 0, "crime_night_n": 0, "nta": "Morgan Park", "boro": "Chicago"}}, {"type": "Feature", "geometry": {"type": "Polygon", "coordinates": [[[-87.691039, 41.698207], [-87.685031, 41.698243], [-87.685078, 41.702746], [-87.691087, 41.70271], [-87.691039, 41.698207]]]}, "properties": {"sq": "885_9233", "crime_n": 5, "crime_night_n": 4, "nta": "Beverly", "boro": "Chicago"}}, {"type": "Feature", "geometry": {"type": "Polygon", "coordinates": [[[-87.691087, 41.70271], [-87.685078, 41.702746], [-87.685126, 41.707249], [-87.691136, 41.707213], [-87.691087, 41.70271]]]}, "properties": {"sq": "885_9234", "crime_n": 3, "crime_night_n": 1, "nta": "Beverly", "boro": "Chicago"}}, {"type": "Feature", "geometry": {"type": "Polygon", "coordinates": [[[-87.691136, 41.707213], [-87.685126, 41.707249], [-87.685174, 41.711752], [-87.691184, 41.711716], [-87.691136, 41.707213]]]}, "properties": {"sq": "885_9235", "crime_n": 1, "crime_night_n": 1, "nta": "Beverly", "boro": "Chicago"}}, {"type": "Feature", "geometry": {"type": "Polygon", "coordinates": [[[-87.691184, 41.711716], [-87.685174, 41.711752], [-87.685222, 41.716256], [-87.691232, 41.71622], [-87.691184, 41.711716]]]}, "properties": {"sq": "885_9236", "crime_n": 1, "crime_night_n": 0, "nta": "Beverly", "boro": "Chicago"}}, {"type": "Feature", "geometry": {"type": "Polygon", "coordinates": [[[-87.691425, 41.734232], [-87.685413, 41.734268], [-87.685461, 41.738772], [-87.691473, 41.738736], [-87.691425, 41.734232]]]}, "properties": {"sq": "885_9241", "crime_n": 7, "crime_night_n": 0, "nta": "Ashburn", "boro": "Chicago"}}, {"type": "Feature", "geometry": {"type": "Polygon", "coordinates": [[[-87.691473, 41.738736], [-87.685461, 41.738772], [-87.685509, 41.743275], [-87.691522, 41.743239], [-87.691473, 41.738736]]]}, "properties": {"sq": "885_9242", "crime_n": 7, "crime_night_n": 2, "nta": "Ashburn", "boro": "Chicago"}}, {"type": "Feature", "geometry": {"type": "Polygon", "coordinates": [[[-87.691522, 41.743239], [-87.685509, 41.743275], [-87.685557, 41.747778], [-87.69157, 41.747742], [-87.691522, 41.743239]]]}, "properties": {"sq": "885_9243", "crime_n": 11, "crime_night_n": 2, "nta": "Ashburn", "boro": "Chicago"}}, {"type": "Feature", "geometry": {"type": "Polygon", "coordinates": [[[-87.69157, 41.747742], [-87.685557, 41.747778], [-87.685605, 41.752281], [-87.691618, 41.752245], [-87.69157, 41.747742]]]}, "properties": {"sq": "885_9244", "crime_n": 16, "crime_night_n": 7, "nta": "Ashburn", "boro": "Chicago"}}, {"type": "Feature", "geometry": {"type": "Polygon", "coordinates": [[[-87.691618, 41.752245], [-87.685605, 41.752281], [-87.685653, 41.756785], [-87.691667, 41.756748], [-87.691618, 41.752245]]]}, "properties": {"sq": "885_9245", "crime_n": 1, "crime_night_n": 0, "nta": "Ashburn", "boro": "Chicago"}}, {"type": "Feature", "geometry": {"type": "Polygon", "coordinates": [[[-87.691667, 41.756748], [-87.685653, 41.756785], [-87.685701, 41.761288], [-87.691715, 41.761252], [-87.691667, 41.756748]]]}, "properties": {"sq": "885_9246", "crime_n": 20, "crime_night_n": 6, "nta": "Chicago Lawn", "boro": "Chicago"}}, {"type": "Feature", "geometry": {"type": "Polygon", "coordinates": [[[-87.691715, 41.761252], [-87.685701, 41.761288], [-87.685749, 41.765791], [-87.691764, 41.765755], [-87.691715, 41.761252]]]}, "properties": {"sq": "885_9247", "crime_n": 44, "crime_night_n": 14, "nta": "Chicago Lawn", "boro": "Chicago"}}, {"type": "Feature", "geometry": {"type": "Polygon", "coordinates": [[[-87.691764, 41.765755], [-87.685749, 41.765791], [-87.685797, 41.770294], [-87.691812, 41.770258], [-87.691764, 41.765755]]]}, "properties": {"sq": "885_9248", "crime_n": 59, "crime_night_n": 26, "nta": "Chicago Lawn", "boro": "Chicago"}}, {"type": "Feature", "geometry": {"type": "Polygon", "coordinates": [[[-87.691812, 41.770258], [-87.685797, 41.770294], [-87.685845, 41.774797], [-87.69186, 41.774761], [-87.691812, 41.770258]]]}, "properties": {"sq": "885_9249", "crime_n": 51, "crime_night_n": 22, "nta": "Chicago Lawn", "boro": "Chicago"}}, {"type": "Feature", "geometry": {"type": "Polygon", "coordinates": [[[-87.69186, 41.774761], [-87.685845, 41.774797], [-87.685893, 41.7793], [-87.691909, 41.779264], [-87.69186, 41.774761]]]}, "properties": {"sq": "885_9250", "crime_n": 71, "crime_night_n": 32, "nta": "Chicago Lawn", "boro": "Chicago"}}, {"type": "Feature", "geometry": {"type": "Polygon", "coordinates": [[[-87.691909, 41.779264], [-87.685893, 41.7793], [-87.685941, 41.783804], [-87.691957, 41.783768], [-87.691909, 41.779264]]]}, "properties": {"sq": "885_9251", "crime_n": 60, "crime_night_n": 24, "nta": "Chicago Lawn", "boro": "Chicago"}}, {"type": "Feature", "geometry": {"type": "Polygon", "coordinates": [[[-87.691957, 41.783768], [-87.685941, 41.783804], [-87.685989, 41.788307], [-87.692006, 41.788271], [-87.691957, 41.783768]]]}, "properties": {"sq": "885_9252", "crime_n": 67, "crime_night_n": 31, "nta": "Chicago Lawn", "boro": "Chicago"}}, {"type": "Feature", "geometry": {"type": "Polygon", "coordinates": [[[-87.692006, 41.788271], [-87.685989, 41.788307], [-87.686037, 41.79281], [-87.692054, 41.792774], [-87.692006, 41.788271]]]}, "properties": {"sq": "885_9253", "crime_n": 30, "crime_night_n": 12, "nta": "Gage Park", "boro": "Chicago"}}, {"type": "Feature", "geometry": {"type": "Polygon", "coordinates": [[[-87.692054, 41.792774], [-87.686037, 41.79281], [-87.686085, 41.797313], [-87.692102, 41.797277], [-87.692054, 41.792774]]]}, "properties": {"sq": "885_9254", "crime_n": 31, "crime_night_n": 10, "nta": "Gage Park", "boro": "Chicago"}}, {"type": "Feature", "geometry": {"type": "Polygon", "coordinates": [[[-87.692102, 41.797277], [-87.686085, 41.797313], [-87.686133, 41.801816], [-87.692151, 41.80178], [-87.692102, 41.797277]]]}, "properties": {"sq": "885_9255", "crime_n": 58, "crime_night_n": 30, "nta": "Gage Park", "boro": "Chicago"}}, {"type": "Feature", "geometry": {"type": "Polygon", "coordinates": [[[-87.692151, 41.80178], [-87.686133, 41.801816], [-87.686181, 41.80632], [-87.692199, 41.806283], [-87.692151, 41.80178]]]}, "properties": {"sq": "885_9256", "crime_n": 11, "crime_night_n": 2, "nta": "Gage Park", "boro": "Chicago"}}, {"type": "Feature", "geometry": {"type": "Polygon", "coordinates": [[[-87.692199, 41.806283], [-87.686181, 41.80632], [-87.686229, 41.810823], [-87.692248, 41.810787], [-87.692199, 41.806283]]]}, "properties": {"sq": "885_9257", "crime_n": 69, "crime_night_n": 26, "nta": "Brighton Park", "boro": "Chicago"}}, {"type": "Feature", "geometry": {"type": "Polygon", "coordinates": [[[-87.692248, 41.810787], [-87.686229, 41.810823], [-87.686277, 41.815326], [-87.692296, 41.81529], [-87.692248, 41.810787]]]}, "properties": {"sq": "885_9258", "crime_n": 47, "crime_night_n": 17, "nta": "Brighton Park", "boro": "Chicago"}}, {"type": "Feature", "geometry": {"type": "Polygon", "coordinates": [[[-87.692296, 41.81529], [-87.686277, 41.815326], [-87.686325, 41.819829], [-87.692345, 41.819793], [-87.692296, 41.81529]]]}, "properties": {"sq": "885_9259", "crime_n": 25, "crime_night_n": 12, "nta": "Brighton Park", "boro": "Chicago"}}, {"type": "Feature", "geometry": {"type": "Polygon", "coordinates": [[[-87.692345, 41.819793], [-87.686325, 41.819829], [-87.686373, 41.824332], [-87.692393, 41.824296], [-87.692345, 41.819793]]]}, "properties": {"sq": "885_9260", "crime_n": 40, "crime_night_n": 14, "nta": "Brighton Park", "boro": "Chicago"}}, {"type": "Feature", "geometry": {"type": "Polygon", "coordinates": [[[-87.692393, 41.824296], [-87.686373, 41.824332], [-87.686421, 41.828835], [-87.692442, 41.828799], [-87.692393, 41.824296]]]}, "properties": {"sq": "885_9261", "crime_n": 8, "crime_night_n": 4, "nta": "Brighton Park", "boro": "Chicago"}}, {"type": "Feature", "geometry": {"type": "Polygon", "coordinates": [[[-87.692442, 41.828799], [-87.686421, 41.828835], [-87.686469, 41.833338], [-87.69249, 41.833302], [-87.692442, 41.828799]]]}, "properties": {"sq": "885_9262", "crime_n": 8, "crime_night_n": 5, "nta": "Brighton Park", "boro": "Chicago"}}, {"type": "Feature", "geometry": {"type": "Polygon", "coordinates": [[[-87.69249, 41.833302], [-87.686469, 41.833338], [-87.686517, 41.837842], [-87.692539, 41.837805], [-87.69249, 41.833302]]]}, "properties": {"sq": "885_9263", "crime_n": 0, "crime_night_n": 0, "nta": "South Lawndale", "boro": "Chicago"}}, {"type": "Feature", "geometry": {"type": "Polygon", "coordinates": [[[-87.692539, 41.837805], [-87.686517, 41.837842], [-87.686565, 41.842345], [-87.692587, 41.842309], [-87.692539, 41.837805]]]}, "properties": {"sq": "885_9264", "crime_n": 4, "crime_night_n": 1, "nta": "South Lawndale", "boro": "Chicago"}}, {"type": "Feature", "geometry": {"type": "Polygon", "coordinates": [[[-87.692587, 41.842309], [-87.686565, 41.842345], [-87.686614, 41.846848], [-87.692636, 41.846812], [-87.692587, 41.842309]]]}, "properties": {"sq": "885_9265", "crime_n": 10, "crime_night_n": 7, "nta": "South Lawndale", "boro": "Chicago"}}, {"type": "Feature", "geometry": {"type": "Polygon", "coordinates": [[[-87.692636, 41.846812], [-87.686614, 41.846848], [-87.686662, 41.851351], [-87.692685, 41.851315], [-87.692636, 41.846812]]]}, "properties": {"sq": "885_9266", "crime_n": 38, "crime_night_n": 21, "nta": "South Lawndale", "boro": "Chicago"}}, {"type": "Feature", "geometry": {"type": "Polygon", "coordinates": [[[-87.692685, 41.851315], [-87.686662, 41.851351], [-87.68671, 41.855854], [-87.692733, 41.855818], [-87.692685, 41.851315]]]}, "properties": {"sq": "885_9267", "crime_n": 58, "crime_night_n": 21, "nta": "South Lawndale", "boro": "Chicago"}}, {"type": "Feature", "geometry": {"type": "Polygon", "coordinates": [[[-87.692733, 41.855818], [-87.68671, 41.855854], [-87.686758, 41.860357], [-87.692782, 41.860321], [-87.692733, 41.855818]]]}, "properties": {"sq": "885_9268", "crime_n": 1, "crime_night_n": 0, "nta": "North Lawndale", "boro": "Chicago"}}, {"type": "Feature", "geometry": {"type": "Polygon", "coordinates": [[[-87.692782, 41.860321], [-87.686758, 41.860357], [-87.686806, 41.86486], [-87.69283, 41.864824], [-87.692782, 41.860321]]]}, "properties": {"sq": "885_9269", "crime_n": 4, "crime_night_n": 1, "nta": "North Lawndale", "boro": "Chicago"}}, {"type": "Feature", "geometry": {"type": "Polygon", "coordinates": [[[-87.69283, 41.864824], [-87.686806, 41.86486], [-87.686854, 41.869363], [-87.692879, 41.869327], [-87.69283, 41.864824]]]}, "properties": {"sq": "885_9270", "crime_n": 28, "crime_night_n": 13, "nta": "Near West Side", "boro": "Chicago"}}, {"type": "Feature", "geometry": {"type": "Polygon", "coordinates": [[[-87.692879, 41.869327], [-87.686854, 41.869363], [-87.686903, 41.873867], [-87.692928, 41.87383], [-87.692879, 41.869327]]]}, "properties": {"sq": "885_9271", "crime_n": 29, "crime_night_n": 11, "nta": "Near West Side", "boro": "Chicago"}}, {"type": "Feature", "geometry": {"type": "Polygon", "coordinates": [[[-87.692928, 41.87383], [-87.686903, 41.873867], [-87.686951, 41.87837], [-87.692976, 41.878333], [-87.692928, 41.87383]]]}, "properties": {"sq": "885_9272", "crime_n": 83, "crime_night_n": 46, "nta": "Near West Side", "boro": "Chicago"}}, {"type": "Feature", "geometry": {"type": "Polygon", "coordinates": [[[-87.692976, 41.878333], [-87.686951, 41.87837], [-87.686999, 41.882873], [-87.693025, 41.882837], [-87.692976, 41.878333]]]}, "properties": {"sq": "885_9273", "crime_n": 40, "crime_night_n": 25, "nta": "Near West Side", "boro": "Chicago"}}, {"type": "Feature", "geometry": {"type": "Polygon", "coordinates": [[[-87.693025, 41.882837], [-87.686999, 41.882873], [-87.687047, 41.887376], [-87.693074, 41.88734], [-87.693025, 41.882837]]]}, "properties": {"sq": "885_9274", "crime_n": 23, "crime_night_n": 9, "nta": "Near West Side", "boro": "Chicago"}}, {"type": "Feature", "geometry": {"type": "Polygon", "coordinates": [[[-87.693074, 41.88734], [-87.687047, 41.887376], [-87.687096, 41.891879], [-87.693122, 41.891843], [-87.693074, 41.88734]]]}, "properties": {"sq": "885_9275", "crime_n": 11, "crime_night_n": 2, "nta": "West Town", "boro": "Chicago"}}, {"type": "Feature", "geometry": {"type": "Polygon", "coordinates": [[[-87.693122, 41.891843], [-87.687096, 41.891879], [-87.687144, 41.896382], [-87.693171, 41.896346], [-87.693122, 41.891843]]]}, "properties": {"sq": "885_9276", "crime_n": 41, "crime_night_n": 12, "nta": "West Town", "boro": "Chicago"}}, {"type": "Feature", "geometry": {"type": "Polygon", "coordinates": [[[-87.693171, 41.896346], [-87.687144, 41.896382], [-87.687192, 41.900885], [-87.69322, 41.900849], [-87.693171, 41.896346]]]}, "properties": {"sq": "885_9277", "crime_n": 47, "crime_night_n": 13, "nta": "West Town", "boro": "Chicago"}}, {"type": "Feature", "geometry": {"type": "Polygon", "coordinates": [[[-87.69322, 41.900849], [-87.687192, 41.900885], [-87.68724, 41.905388], [-87.693268, 41.905352], [-87.69322, 41.900849]]]}, "properties": {"sq": "885_9278", "crime_n": 91, "crime_night_n": 38, "nta": "West Town", "boro": "Chicago"}}, {"type": "Feature", "geometry": {"type": "Polygon", "coordinates": [[[-87.693268, 41.905352], [-87.68724, 41.905388], [-87.687289, 41.909891], [-87.693317, 41.909855], [-87.693268, 41.905352]]]}, "properties": {"sq": "885_9279", "crime_n": 70, "crime_night_n": 32, "nta": "West Town", "boro": "Chicago"}}, {"type": "Feature", "geometry": {"type": "Polygon", "coordinates": [[[-87.693317, 41.909855], [-87.687289, 41.909891], [-87.687337, 41.914394], [-87.693366, 41.914358], [-87.693317, 41.909855]]]}, "properties": {"sq": "885_9280", "crime_n": 38, "crime_night_n": 16, "nta": "West Town", "boro": "Chicago"}}, {"type": "Feature", "geometry": {"type": "Polygon", "coordinates": [[[-87.693366, 41.914358], [-87.687337, 41.914394], [-87.687385, 41.918897], [-87.693415, 41.918861], [-87.693366, 41.914358]]]}, "properties": {"sq": "885_9281", "crime_n": 70, "crime_night_n": 29, "nta": "Logan Square", "boro": "Chicago"}}, {"type": "Feature", "geometry": {"type": "Polygon", "coordinates": [[[-87.693415, 41.918861], [-87.687385, 41.918897], [-87.687434, 41.923401], [-87.693463, 41.923364], [-87.693415, 41.918861]]]}, "properties": {"sq": "885_9282", "crime_n": 46, "crime_night_n": 22, "nta": "Logan Square", "boro": "Chicago"}}, {"type": "Feature", "geometry": {"type": "Polygon", "coordinates": [[[-87.693463, 41.923364], [-87.687434, 41.923401], [-87.687482, 41.927904], [-87.693512, 41.927867], [-87.693463, 41.923364]]]}, "properties": {"sq": "885_9283", "crime_n": 39, "crime_night_n": 12, "nta": "Logan Square", "boro": "Chicago"}}, {"type": "Feature", "geometry": {"type": "Polygon", "coordinates": [[[-87.693512, 41.927867], [-87.687482, 41.927904], [-87.68753, 41.932407], [-87.693561, 41.93237], [-87.693512, 41.927867]]]}, "properties": {"sq": "885_9284", "crime_n": 20, "crime_night_n": 9, "nta": "Logan Square", "boro": "Chicago"}}, {"type": "Feature", "geometry": {"type": "Polygon", "coordinates": [[[-87.693561, 41.93237], [-87.68753, 41.932407], [-87.687579, 41.93691], [-87.69361, 41.936873], [-87.693561, 41.93237]]]}, "properties": {"sq": "885_9285", "crime_n": 13, "crime_night_n": 3, "nta": "Avondale", "boro": "Chicago"}}, {"type": "Feature", "geometry": {"type": "Polygon", "coordinates": [[[-87.69361, 41.936873], [-87.687579, 41.93691], [-87.687627, 41.941413], [-87.693659, 41.941376], [-87.69361, 41.936873]]]}, "properties": {"sq": "885_9286", "crime_n": 13, "crime_night_n": 9, "nta": "North Center", "boro": "Chicago"}}, {"type": "Feature", "geometry": {"type": "Polygon", "coordinates": [[[-87.693659, 41.941376], [-87.687627, 41.941413], [-87.687676, 41.945916], [-87.693707, 41.94588], [-87.693659, 41.941376]]]}, "properties": {"sq": "885_9287", "crime_n": 18, "crime_night_n": 6, "nta": "North Center", "boro": "Chicago"}}, {"type": "Feature", "geometry": {"type": "Polygon", "coordinates": [[[-87.693707, 41.94588], [-87.687676, 41.945916], [-87.687724, 41.950419], [-87.693756, 41.950383], [-87.693707, 41.94588]]]}, "properties": {"sq": "885_9288", "crime_n": 23, "crime_night_n": 8, "nta": "North Center", "boro": "Chicago"}}, {"type": "Feature", "geometry": {"type": "Polygon", "coordinates": [[[-87.693756, 41.950383], [-87.687724, 41.950419], [-87.687772, 41.954922], [-87.693805, 41.954886], [-87.693756, 41.950383]]]}, "properties": {"sq": "885_9289", "crime_n": 11, "crime_night_n": 4, "nta": "North Center", "boro": "Chicago"}}, {"type": "Feature", "geometry": {"type": "Polygon", "coordinates": [[[-87.693805, 41.954886], [-87.687772, 41.954922], [-87.687821, 41.959425], [-87.693854, 41.959389], [-87.693805, 41.954886]]]}, "properties": {"sq": "885_9290", "crime_n": 12, "crime_night_n": 4, "nta": "North Center", "boro": "Chicago"}}, {"type": "Feature", "geometry": {"type": "Polygon", "coordinates": [[[-87.693854, 41.959389], [-87.687821, 41.959425], [-87.687869, 41.963928], [-87.693903, 41.963892], [-87.693854, 41.959389]]]}, "properties": {"sq": "885_9291", "crime_n": 38, "crime_night_n": 15, "nta": "Lincoln Square", "boro": "Chicago"}}, {"type": "Feature", "geometry": {"type": "Polygon", "coordinates": [[[-87.693903, 41.963892], [-87.687869, 41.963928], [-87.687918, 41.968431], [-87.693952, 41.968395], [-87.693903, 41.963892]]]}, "properties": {"sq": "885_9292", "crime_n": 43, "crime_night_n": 11, "nta": "Lincoln Square", "boro": "Chicago"}}, {"type": "Feature", "geometry": {"type": "Polygon", "coordinates": [[[-87.693952, 41.968395], [-87.687918, 41.968431], [-87.687966, 41.972934], [-87.694, 41.972898], [-87.693952, 41.968395]]]}, "properties": {"sq": "885_9293", "crime_n": 35, "crime_night_n": 12, "nta": "Lincoln Square", "boro": "Chicago"}}, {"type": "Feature", "geometry": {"type": "Polygon", "coordinates": [[[-87.694, 41.972898], [-87.687966, 41.972934], [-87.688015, 41.977437], [-87.694049, 41.977401], [-87.694, 41.972898]]]}, "properties": {"sq": "885_9294", "crime_n": 48, "crime_night_n": 12, "nta": "Lincoln Square", "boro": "Chicago"}}, {"type": "Feature", "geometry": {"type": "Polygon", "coordinates": [[[-87.694049, 41.977401], [-87.688015, 41.977437], [-87.688063, 41.98194], [-87.694098, 41.981904], [-87.694049, 41.977401]]]}, "properties": {"sq": "885_9295", "crime_n": 55, "crime_night_n": 28, "nta": "Lincoln Square", "boro": "Chicago"}}, {"type": "Feature", "geometry": {"type": "Polygon", "coordinates": [[[-87.694098, 41.981904], [-87.688063, 41.98194], [-87.688112, 41.986443], [-87.694147, 41.986407], [-87.694098, 41.981904]]]}, "properties": {"sq": "885_9296", "crime_n": 16, "crime_night_n": 6, "nta": "Lincoln Square", "boro": "Chicago"}}, {"type": "Feature", "geometry": {"type": "Polygon", "coordinates": [[[-87.694147, 41.986407], [-87.688112, 41.986443], [-87.68816, 41.990946], [-87.694196, 41.99091], [-87.694147, 41.986407]]]}, "properties": {"sq": "885_9297", "crime_n": 25, "crime_night_n": 10, "nta": "West Ridge", "boro": "Chicago"}}, {"type": "Feature", "geometry": {"type": "Polygon", "coordinates": [[[-87.694196, 41.99091], [-87.68816, 41.990946], [-87.688209, 41.995449], [-87.694245, 41.995413], [-87.694196, 41.99091]]]}, "properties": {"sq": "885_9298", "crime_n": 39, "crime_night_n": 17, "nta": "West Ridge", "boro": "Chicago"}}, {"type": "Feature", "geometry": {"type": "Polygon", "coordinates": [[[-87.694245, 41.995413], [-87.688209, 41.995449], [-87.688257, 41.999952], [-87.694294, 41.999916], [-87.694245, 41.995413]]]}, "properties": {"sq": "885_9299", "crime_n": 106, "crime_night_n": 58, "nta": "West Ridge", "boro": "Chicago"}}, {"type": "Feature", "geometry": {"type": "Polygon", "coordinates": [[[-87.694294, 41.999916], [-87.688257, 41.999952], [-87.688306, 42.004455], [-87.694343, 42.004419], [-87.694294, 41.999916]]]}, "properties": {"sq": "885_9300", "crime_n": 51, "crime_night_n": 18, "nta": "West Ridge", "boro": "Chicago"}}, {"type": "Feature", "geometry": {"type": "Polygon", "coordinates": [[[-87.694343, 42.004419], [-87.688306, 42.004455], [-87.688354, 42.008958], [-87.694392, 42.008922], [-87.694343, 42.004419]]]}, "properties": {"sq": "885_9301", "crime_n": 19, "crime_night_n": 4, "nta": "West Ridge", "boro": "Chicago"}}, {"type": "Feature", "geometry": {"type": "Polygon", "coordinates": [[[-87.694392, 42.008922], [-87.688354, 42.008958], [-87.688403, 42.013461], [-87.694441, 42.013425], [-87.694392, 42.008922]]]}, "properties": {"sq": "885_9302", "crime_n": 25, "crime_night_n": 9, "nta": "West Ridge", "boro": "Chicago"}}, {"type": "Feature", "geometry": {"type": "Polygon", "coordinates": [[[-87.694441, 42.013425], [-87.688403, 42.013461], [-87.688451, 42.017964], [-87.69449, 42.017928], [-87.694441, 42.013425]]]}, "properties": {"sq": "885_9303", "crime_n": 39, "crime_night_n": 28, "nta": "West Ridge", "boro": "Chicago"}}, {"type": "Feature", "geometry": {"type": "Polygon", "coordinates": [[[-87.69449, 42.017928], [-87.688451, 42.017964], [-87.6885, 42.022467], [-87.694539, 42.022431], [-87.69449, 42.017928]]]}, "properties": {"sq": "885_9304", "crime_n": 25, "crime_night_n": 11, "nta": "West Ridge", "boro": "Chicago"}}, {"type": "Feature", "geometry": {"type": "Polygon", "coordinates": [[[-87.684792, 41.675726], [-87.678785, 41.675762], [-87.678832, 41.680265], [-87.684839, 41.68023], [-87.684792, 41.675726]]]}, "properties": {"sq": "886_9228", "crime_n": 13, "crime_night_n": 4, "nta": "Morgan Park", "boro": "Chicago"}}, {"type": "Feature", "geometry": {"type": "Polygon", "coordinates": [[[-87.684839, 41.68023], [-87.678832, 41.680265], [-87.67888, 41.684768], [-87.684887, 41.684733], [-87.684839, 41.68023]]]}, "properties": {"sq": "886_9229", "crime_n": 5, "crime_night_n": 2, "nta": "Morgan Park", "boro": "Chicago"}}, {"type": "Feature", "geometry": {"type": "Polygon", "coordinates": [[[-87.684887, 41.684733], [-87.67888, 41.684768], [-87.678927, 41.689272], [-87.684935, 41.689236], [-87.684887, 41.684733]]]}, "properties": {"sq": "886_9230", "crime_n": 4, "crime_night_n": 0, "nta": "Morgan Park", "boro": "Chicago"}}, {"type": "Feature", "geometry": {"type": "Polygon", "coordinates": [[[-87.684935, 41.689236], [-87.678927, 41.689272], [-87.678975, 41.693775], [-87.684983, 41.693739], [-87.684935, 41.689236]]]}, "properties": {"sq": "886_9231", "crime_n": 19, "crime_night_n": 8, "nta": "Morgan Park", "boro": "Chicago"}}, {"type": "Feature", "geometry": {"type": "Polygon", "coordinates": [[[-87.684983, 41.693739], [-87.678975, 41.693775], [-87.679022, 41.698278], [-87.685031, 41.698243], [-87.684983, 41.693739]]]}, "properties": {"sq": "886_9232", "crime_n": 13, "crime_night_n": 5, "nta": "Morgan Park", "boro": "Chicago"}}, {"type": "Feature", "geometry": {"type": "Polygon", "coordinates": [[[-87.685031, 41.698243], [-87.679022, 41.698278], [-87.679069, 41.702781], [-87.685078, 41.702746], [-87.685031, 41.698243]]]}, "properties": {"sq": "886_9233", "crime_n": 4, "crime_night_n": 0, "nta": "Beverly", "boro": "Chicago"}}, {"type": "Feature", "geometry": {"type": "Polygon", "coordinates": [[[-87.685078, 41.702746], [-87.679069, 41.702781], [-87.679117, 41.707285], [-87.685126, 41.707249], [-87.685078, 41.702746]]]}, "properties": {"sq": "886_9234", "crime_n": 14, "crime_night_n": 5, "nta": "Beverly", "boro": "Chicago"}}, {"type": "Feature", "geometry": {"type": "Polygon", "coordinates": [[[-87.685126, 41.707249], [-87.679117, 41.707285], [-87.679164, 41.711788], [-87.685174, 41.711752], [-87.685126, 41.707249]]]}, "properties": {"sq": "886_9235", "crime_n": 4, "crime_night_n": 2, "nta": "Beverly", "boro": "Chicago"}}, {"type": "Feature", "geometry": {"type": "Polygon", "coordinates": [[[-87.685174, 41.711752], [-87.679164, 41.711788], [-87.679211, 41.716291], [-87.685222, 41.716256], [-87.685174, 41.711752]]]}, "properties": {"sq": "886_9236", "crime_n": 6, "crime_night_n": 3, "nta": "Beverly", "boro": "Chicago"}}, {"type": "Feature", "geometry": {"type": "Polygon", "coordinates": [[[-87.685222, 41.716256], [-87.679211, 41.716291], [-87.679259, 41.720794], [-87.68527, 41.720759], [-87.685222, 41.716256]]]}, "properties": {"sq": "886_9237", "crime_n": 5, "crime_night_n": 1, "nta": "Beverly", "boro": "Chicago"}}, {"type": "Feature", "geometry": {"type": "Polygon", "coordinates": [[[-87.68527, 41.720759], [-87.679259, 41.720794], [-87.679306, 41.725298], [-87.685317, 41.725262], [-87.68527, 41.720759]]]}, "properties": {"sq": "886_9238", "crime_n": 8, "crime_night_n": 4, "nta": "Beverly", "boro": "Chicago"}}, {"type": "Feature", "geometry": {"type": "Polygon", "coordinates": [[[-87.685317, 41.725262], [-87.679306, 41.725298], [-87.679354, 41.729801], [-87.685365, 41.729765], [-87.685317, 41.725262]]]}, "properties": {"sq": "886_9239", "crime_n": 4, "crime_night_n": 1, "nta": "Beverly", "boro": "Chicago"}}, {"type": "Feature", "geometry": {"type": "Polygon", "coordinates": [[[-87.685365, 41.729765], [-87.679354, 41.729801], [-87.679401, 41.734304], [-87.685413, 41.734268], [-87.685365, 41.729765]]]}, "properties": {"sq": "886_9240", "crime_n": 3, "crime_night_n": 0, "nta": "Beverly", "boro": "Chicago"}}, {"type": "Feature", "geometry": {"type": "Polygon", "coordinates": [[[-87.685413, 41.734268], [-87.679401, 41.734304], [-87.679449, 41.738807], [-87.685461, 41.738772], [-87.685413, 41.734268]]]}, "properties": {"sq": "886_9241", "crime_n": 6, "crime_night_n": 1, "nta": "Beverly", "boro": "Chicago"}}, {"type": "Feature", "geometry": {"type": "Polygon", "coordinates": [[[-87.685461, 41.738772], [-87.679449, 41.738807], [-87.679496, 41.743311], [-87.685509, 41.743275], [-87.685461, 41.738772]]]}, "properties": {"sq": "886_9242", "crime_n": 5, "crime_night_n": 0, "nta": "Ashburn", "boro": "Chicago"}}, {"type": "Feature", "geometry": {"type": "Polygon", "coordinates": [[[-87.685509, 41.743275], [-87.679496, 41.743311], [-87.679544, 41.747814], [-87.685557, 41.747778], [-87.685509, 41.743275]]]}, "properties": {"sq": "886_9243", "crime_n": 19, "crime_night_n": 7, "nta": "Ashburn", "boro": "Chicago"}}, {"type": "Feature", "geometry": {"type": "Polygon", "coordinates": [[[-87.685557, 41.747778], [-87.679544, 41.747814], [-87.679591, 41.752317], [-87.685605, 41.752281], [-87.685557, 41.747778]]]}, "properties": {"sq": "886_9244", "crime_n": 55, "crime_night_n": 19, "nta": "Ashburn", "boro": "Chicago"}}, {"type": "Feature", "geometry": {"type": "Polygon", "coordinates": [[[-87.685605, 41.752281], [-87.679591, 41.752317], [-87.679639, 41.75682], [-87.685653, 41.756785], [-87.685605, 41.752281]]]}, "properties": {"sq": "886_9245", "crime_n": 2, "crime_night_n": 0, "nta": "Ashburn", "boro": "Chicago"}}, {"type": "Feature", "geometry": {"type": "Polygon", "coordinates": [[[-87.685653, 41.756785], [-87.679639, 41.75682], [-87.679686, 41.761323], [-87.685701, 41.761288], [-87.685653, 41.756785]]]}, "properties": {"sq": "886_9246", "crime_n": 25, "crime_night_n": 10, "nta": "Chicago Lawn", "boro": "Chicago"}}, {"type": "Feature", "geometry": {"type": "Polygon", "coordinates": [[[-87.685701, 41.761288], [-87.679686, 41.761323], [-87.679734, 41.765827], [-87.685749, 41.765791], [-87.685701, 41.761288]]]}, "properties": {"sq": "886_9247", "crime_n": 55, "crime_night_n": 28, "nta": "Chicago Lawn", "boro": "Chicago"}}, {"type": "Feature", "geometry": {"type": "Polygon", "coordinates": [[[-87.685749, 41.765791], [-87.679734, 41.765827], [-87.679781, 41.77033], [-87.685797, 41.770294], [-87.685749, 41.765791]]]}, "properties": {"sq": "886_9248", "crime_n": 44, "crime_night_n": 19, "nta": "Chicago Lawn", "boro": "Chicago"}}, {"type": "Feature", "geometry": {"type": "Polygon", "coordinates": [[[-87.685797, 41.770294], [-87.679781, 41.77033], [-87.679829, 41.774833], [-87.685845, 41.774797], [-87.685797, 41.770294]]]}, "properties": {"sq": "886_9249", "crime_n": 67, "crime_night_n": 30, "nta": "Chicago Lawn", "boro": "Chicago"}}, {"type": "Feature", "geometry": {"type": "Polygon", "coordinates": [[[-87.685845, 41.774797], [-87.679829, 41.774833], [-87.679876, 41.779336], [-87.685893, 41.7793], [-87.685845, 41.774797]]]}, "properties": {"sq": "886_9250", "crime_n": 122, "crime_night_n": 36, "nta": "Chicago Lawn", "boro": "Chicago"}}, {"type": "Feature", "geometry": {"type": "Polygon", "coordinates": [[[-87.685893, 41.7793], [-87.679876, 41.779336], [-87.679924, 41.783839], [-87.685941, 41.783804], [-87.685893, 41.7793]]]}, "properties": {"sq": "886_9251", "crime_n": 52, "crime_night_n": 15, "nta": "Chicago Lawn", "boro": "Chicago"}}, {"type": "Feature", "geometry": {"type": "Polygon", "coordinates": [[[-87.685941, 41.783804], [-87.679924, 41.783839], [-87.679971, 41.788343], [-87.685989, 41.788307], [-87.685941, 41.783804]]]}, "properties": {"sq": "886_9252", "crime_n": 52, "crime_night_n": 24, "nta": "Chicago Lawn", "boro": "Chicago"}}, {"type": "Feature", "geometry": {"type": "Polygon", "coordinates": [[[-87.685989, 41.788307], [-87.679971, 41.788343], [-87.680019, 41.792846], [-87.686037, 41.79281], [-87.685989, 41.788307]]]}, "properties": {"sq": "886_9253", "crime_n": 32, "crime_night_n": 11, "nta": "Gage Park", "boro": "Chicago"}}, {"type": "Feature", "geometry": {"type": "Polygon", "coordinates": [[[-87.686037, 41.79281], [-87.680019, 41.792846], [-87.680067, 41.797349], [-87.686085, 41.797313], [-87.686037, 41.79281]]]}, "properties": {"sq": "886_9254", "crime_n": 53, "crime_night_n": 23, "nta": "Gage Park", "boro": "Chicago"}}, {"type": "Feature", "geometry": {"type": "Polygon", "coordinates": [[[-87.686085, 41.797313], [-87.680067, 41.797349], [-87.680114, 41.801852], [-87.686133, 41.801816], [-87.686085, 41.797313]]]}, "properties": {"sq": "886_9255", "crime_n": 44, "crime_night_n": 19, "nta": "Gage Park", "boro": "Chicago"}}, {"type": "Feature", "geometry": {"type": "Polygon", "coordinates": [[[-87.686133, 41.801816], [-87.680114, 41.801852], [-87.680162, 41.806355], [-87.686181, 41.80632], [-87.686133, 41.801816]]]}, "properties": {"sq": "886_9256", "crime_n": 47, "crime_night_n": 17, "nta": "Gage Park", "boro": "Chicago"}}, {"type": "Feature", "geometry": {"type": "Polygon", "coordinates": [[[-87.686181, 41.80632], [-87.680162, 41.806355], [-87.68021, 41.810858], [-87.686229, 41.810823], [-87.686181, 41.80632]]]}, "properties": {"sq": "886_9257", "crime_n": 84, "crime_night_n": 29, "nta": "Brighton Park", "boro": "Chicago"}}, {"type": "Feature", "geometry": {"type": "Polygon", "coordinates": [[[-87.686229, 41.810823], [-87.68021, 41.810858], [-87.680257, 41.815362], [-87.686277, 41.815326], [-87.686229, 41.810823]]]}, "properties": {"sq": "886_9258", "crime_n": 32, "crime_night_n": 18, "nta": "Brighton Park", "boro": "Chicago"}}, {"type": "Feature", "geometry": {"type": "Polygon", "coordinates": [[[-87.686277, 41.815326], [-87.680257, 41.815362], [-87.680305, 41.819865], [-87.686325, 41.819829], [-87.686277, 41.815326]]]}, "properties": {"sq": "886_9259", "crime_n": 15, "crime_night_n": 8, "nta": "New City", "boro": "Chicago"}}, {"type": "Feature", "geometry": {"type": "Polygon", "coordinates": [[[-87.686325, 41.819829], [-87.680305, 41.819865], [-87.680353, 41.824368], [-87.686373, 41.824332], [-87.686325, 41.819829]]]}, "properties": {"sq": "886_9260", "crime_n": 30, "crime_night_n": 9, "nta": "Brighton Park", "boro": "Chicago"}}, {"type": "Feature", "geometry": {"type": "Polygon", "coordinates": [[[-87.686373, 41.824332], [-87.680353, 41.824368], [-87.6804, 41.828871], [-87.686421, 41.828835], [-87.686373, 41.824332]]]}, "properties": {"sq": "886_9261", "crime_n": 34, "crime_night_n": 13, "nta": "McKinley Park", "boro": "Chicago"}}, {"type": "Feature", "geometry": {"type": "Polygon", "coordinates": [[[-87.686421, 41.828835], [-87.6804, 41.828871], [-87.680448, 41.833374], [-87.686469, 41.833338], [-87.686421, 41.828835]]]}, "properties": {"sq": "886_9262", "crime_n": 35, "crime_night_n": 15, "nta": "McKinley Park", "boro": "Chicago"}}, {"type": "Feature", "geometry": {"type": "Polygon", "coordinates": [[[-87.686469, 41.833338], [-87.680448, 41.833374], [-87.680496, 41.837877], [-87.686517, 41.837842], [-87.686469, 41.833338]]]}, "properties": {"sq": "886_9263", "crime_n": 15, "crime_night_n": 9, "nta": "Lower West Side", "boro": "Chicago"}}, {"type": "Feature", "geometry": {"type": "Polygon", "coordinates": [[[-87.686517, 41.837842], [-87.680496, 41.837877], [-87.680543, 41.842381], [-87.686565, 41.842345], [-87.686517, 41.837842]]]}, "properties": {"sq": "886_9264", "crime_n": 5, "crime_night_n": 4, "nta": "Lower West Side", "boro": "Chicago"}}, {"type": "Feature", "geometry": {"type": "Polygon", "coordinates": [[[-87.686565, 41.842345], [-87.680543, 41.842381], [-87.680591, 41.846884], [-87.686614, 41.846848], [-87.686565, 41.842345]]]}, "properties": {"sq": "886_9265", "crime_n": 21, "crime_night_n": 8, "nta": "Lower West Side", "boro": "Chicago"}}, {"type": "Feature", "geometry": {"type": "Polygon", "coordinates": [[[-87.686614, 41.846848], [-87.680591, 41.846884], [-87.680639, 41.851387], [-87.686662, 41.851351], [-87.686614, 41.846848]]]}, "properties": {"sq": "886_9266", "crime_n": 55, "crime_night_n": 28, "nta": "Lower West Side", "boro": "Chicago"}}, {"type": "Feature", "geometry": {"type": "Polygon", "coordinates": [[[-87.686662, 41.851351], [-87.680639, 41.851387], [-87.680687, 41.85589], [-87.68671, 41.855854], [-87.686662, 41.851351]]]}, "properties": {"sq": "886_9267", "crime_n": 117, "crime_night_n": 62, "nta": "Lower West Side", "boro": "Chicago"}}, {"type": "Feature", "geometry": {"type": "Polygon", "coordinates": [[[-87.68671, 41.855854], [-87.680687, 41.85589], [-87.680734, 41.860393], [-87.686758, 41.860357], [-87.68671, 41.855854]]]}, "properties": {"sq": "886_9268", "crime_n": 24, "crime_night_n": 10, "nta": "Lower West Side", "boro": "Chicago"}}, {"type": "Feature", "geometry": {"type": "Polygon", "coordinates": [[[-87.686758, 41.860357], [-87.680734, 41.860393], [-87.680782, 41.864896], [-87.686806, 41.86486], [-87.686758, 41.860357]]]}, "properties": {"sq": "886_9269", "crime_n": 15, "crime_night_n": 4, "nta": "Near West Side", "boro": "Chicago"}}, {"type": "Feature", "geometry": {"type": "Polygon", "coordinates": [[[-87.686806, 41.86486], [-87.680782, 41.864896], [-87.68083, 41.869399], [-87.686854, 41.869363], [-87.686806, 41.86486]]]}, "properties": {"sq": "886_9270", "crime_n": 78, "crime_night_n": 21, "nta": "Near West Side", "boro": "Chicago"}}, {"type": "Feature", "geometry": {"type": "Polygon", "coordinates": [[[-87.686854, 41.869363], [-87.68083, 41.869399], [-87.680878, 41.873902], [-87.686903, 41.873867], [-87.686854, 41.869363]]]}, "properties": {"sq": "886_9271", "crime_n": 41, "crime_night_n": 15, "nta": "Near West Side", "boro": "Chicago"}}, {"type": "Feature", "geometry": {"type": "Polygon", "coordinates": [[[-87.686903, 41.873867], [-87.680878, 41.873902], [-87.680925, 41.878406], [-87.686951, 41.87837], [-87.686903, 41.873867]]]}, "properties": {"sq": "886_9272", "crime_n": 106, "crime_night_n": 38, "nta": "Near West Side", "boro": "Chicago"}}, {"type": "Feature", "geometry": {"type": "Polygon", "coordinates": [[[-87.686951, 41.87837], [-87.680925, 41.878406], [-87.680973, 41.882909], [-87.686999, 41.882873], [-87.686951, 41.87837]]]}, "properties": {"sq": "886_9273", "crime_n": 155, "crime_night_n": 62, "nta": "Near West Side", "boro": "Chicago"}}, {"type": "Feature", "geometry": {"type": "Polygon", "coordinates": [[[-87.686999, 41.882873], [-87.680973, 41.882909], [-87.681021, 41.887412], [-87.687047, 41.887376], [-87.686999, 41.882873]]]}, "properties": {"sq": "886_9274", "crime_n": 83, "crime_night_n": 40, "nta": "Near West Side", "boro": "Chicago"}}, {"type": "Feature", "geometry": {"type": "Polygon", "coordinates": [[[-87.687047, 41.887376], [-87.681021, 41.887412], [-87.681069, 41.891915], [-87.687096, 41.891879], [-87.687047, 41.887376]]]}, "properties": {"sq": "886_9275", "crime_n": 38, "crime_night_n": 20, "nta": "West Town", "boro": "Chicago"}}, {"type": "Feature", "geometry": {"type": "Polygon", "coordinates": [[[-87.687096, 41.891879], [-87.681069, 41.891915], [-87.681117, 41.896418], [-87.687144, 41.896382], [-87.687096, 41.891879]]]}, "properties": {"sq": "886_9276", "crime_n": 38, "crime_night_n": 20, "nta": "West Town", "boro": "Chicago"}}, {"type": "Feature", "geometry": {"type": "Polygon", "coordinates": [[[-87.687144, 41.896382], [-87.681117, 41.896418], [-87.681165, 41.900921], [-87.687192, 41.900885], [-87.687144, 41.896382]]]}, "properties": {"sq": "886_9277", "crime_n": 34, "crime_night_n": 10, "nta": "West Town", "boro": "Chicago"}}, {"type": "Feature", "geometry": {"type": "Polygon", "coordinates": [[[-87.687192, 41.900885], [-87.681165, 41.900921], [-87.681212, 41.905424], [-87.68724, 41.905388], [-87.687192, 41.900885]]]}, "properties": {"sq": "886_9278", "crime_n": 39, "crime_night_n": 14, "nta": "West Town", "boro": "Chicago"}}, {"type": "Feature", "geometry": {"type": "Polygon", "coordinates": [[[-87.68724, 41.905388], [-87.681212, 41.905424], [-87.68126, 41.909927], [-87.687289, 41.909891], [-87.68724, 41.905388]]]}, "properties": {"sq": "886_9279", "crime_n": 41, "crime_night_n": 15, "nta": "West Town", "boro": "Chicago"}}, {"type": "Feature", "geometry": {"type": "Polygon", "coordinates": [[[-87.687289, 41.909891], [-87.68126, 41.909927], [-87.681308, 41.91443], [-87.687337, 41.914394], [-87.687289, 41.909891]]]}, "properties": {"sq": "886_9280", "crime_n": 38, "crime_night_n": 18, "nta": "West Town", "boro": "Chicago"}}, {"type": "Feature", "geometry": {"type": "Polygon", "coordinates": [[[-87.687337, 41.914394], [-87.681308, 41.91443], [-87.681356, 41.918933], [-87.687385, 41.918897], [-87.687337, 41.914394]]]}, "properties": {"sq": "886_9281", "crime_n": 32, "crime_night_n": 18, "nta": "Logan Square", "boro": "Chicago"}}, {"type": "Feature", "geometry": {"type": "Polygon", "coordinates": [[[-87.687385, 41.918897], [-87.681356, 41.918933], [-87.681404, 41.923436], [-87.687434, 41.923401], [-87.687385, 41.918897]]]}, "properties": {"sq": "886_9282", "crime_n": 31, "crime_night_n": 12, "nta": "Logan Square", "boro": "Chicago"}}, {"type": "Feature", "geometry": {"type": "Polygon", "coordinates": [[[-87.687434, 41.923401], [-87.681404, 41.923436], [-87.681452, 41.92794], [-87.687482, 41.927904], [-87.687434, 41.923401]]]}, "properties": {"sq": "886_9283", "crime_n": 11, "crime_night_n": 2, "nta": "Logan Square", "boro": "Chicago"}}, {"type": "Feature", "geometry": {"type": "Polygon", "coordinates": [[[-87.687482, 41.927904], [-87.681452, 41.92794], [-87.6815, 41.932443], [-87.68753, 41.932407], [-87.687482, 41.927904]]]}, "properties": {"sq": "886_9284", "crime_n": 27, "crime_night_n": 7, "nta": "Logan Square", "boro": "Chicago"}}, {"type": "Feature", "geometry": {"type": "Polygon", "coordinates": [[[-87.68753, 41.932407], [-87.6815, 41.932443], [-87.681548, 41.936946], [-87.687579, 41.93691], [-87.68753, 41.932407]]]}, "properties": {"sq": "886_9285", "crime_n": 7, "crime_night_n": 3, "nta": "North Center", "boro": "Chicago"}}, {"type": "Feature", "geometry": {"type": "Polygon", "coordinates": [[[-87.687579, 41.93691], [-87.681548, 41.936946], [-87.681596, 41.941449], [-87.687627, 41.941413], [-87.687579, 41.93691]]]}, "properties": {"sq": "886_9286", "crime_n": 13, "crime_night_n": 9, "nta": "North Center", "boro": "Chicago"}}, {"type": "Feature", "geometry": {"type": "Polygon", "coordinates": [[[-87.687627, 41.941413], [-87.681596, 41.941449], [-87.681644, 41.945952], [-87.687676, 41.945916], [-87.687627, 41.941413]]]}, "properties": {"sq": "886_9287", "crime_n": 12, "crime_night_n": 5, "nta": "North Center", "boro": "Chicago"}}, {"type": "Feature", "geometry": {"type": "Polygon", "coordinates": [[[-87.687676, 41.945916], [-87.681644, 41.945952], [-87.681692, 41.950455], [-87.687724, 41.950419], [-87.687676, 41.945916]]]}, "properties": {"sq": "886_9288", "crime_n": 8, "crime_night_n": 2, "nta": "North Center", "boro": "Chicago"}}, {"type": "Feature", "geometry": {"type": "Polygon", "coordinates": [[[-87.687724, 41.950419], [-87.681692, 41.950455], [-87.68174, 41.954958], [-87.687772, 41.954922], [-87.687724, 41.950419]]]}, "properties": {"sq": "886_9289", "crime_n": 9, "crime_night_n": 6, "nta": "North Center", "boro": "Chicago"}}, {"type": "Feature", "geometry": {"type": "Polygon", "coordinates": [[[-87.687772, 41.954922], [-87.68174, 41.954958], [-87.681788, 41.959461], [-87.687821, 41.959425], [-87.687772, 41.954922]]]}, "properties": {"sq": "886_9290", "crime_n": 12, "crime_night_n": 2, "nta": "North Center", "boro": "Chicago"}}, {"type": "Feature", "geometry": {"type": "Polygon", "coordinates": [[[-87.687821, 41.959425], [-87.681788, 41.959461], [-87.681836, 41.963964], [-87.687869, 41.963928], [-87.687821, 41.959425]]]}, "properties": {"sq": "886_9291", "crime_n": 25, "crime_night_n": 12, "nta": "North Center", "boro": "Chicago"}}, {"type": "Feature", "geometry": {"type": "Polygon", "coordinates": [[[-87.687869, 41.963928], [-87.681836, 41.963964], [-87.681884, 41.968467], [-87.687918, 41.968431], [-87.687869, 41.963928]]]}, "properties": {"sq": "886_9292", "crime_n": 20, "crime_night_n": 4, "nta": "Lincoln Square", "boro": "Chicago"}}, {"type": "Feature", "geometry": {"type": "Polygon", "coordinates": [[[-87.687918, 41.968431], [-87.681884, 41.968467], [-87.681932, 41.97297], [-87.687966, 41.972934], [-87.687918, 41.968431]]]}, "properties": {"sq": "886_9293", "crime_n": 23, "crime_night_n": 7, "nta": "Lincoln Square", "boro": "Chicago"}}, {"type": "Feature", "geometry": {"type": "Polygon", "coordinates": [[[-87.687966, 41.972934], [-87.681932, 41.97297], [-87.68198, 41.977473], [-87.688015, 41.977437], [-87.687966, 41.972934]]]}, "properties": {"sq": "886_9294", "crime_n": 30, "crime_night_n": 9, "nta": "Lincoln Square", "boro": "Chicago"}}, {"type": "Feature", "geometry": {"type": "Polygon", "coordinates": [[[-87.688015, 41.977437], [-87.68198, 41.977473], [-87.682028, 41.981976], [-87.688063, 41.98194], [-87.688015, 41.977437]]]}, "properties": {"sq": "886_9295", "crime_n": 3, "crime_night_n": 1, "nta": "Lincoln Square", "boro": "Chicago"}}, {"type": "Feature", "geometry": {"type": "Polygon", "coordinates": [[[-87.688063, 41.98194], [-87.682028, 41.981976], [-87.682076, 41.986479], [-87.688112, 41.986443], [-87.688063, 41.98194]]]}, "properties": {"sq": "886_9296", "crime_n": 0, "crime_night_n": 0, "nta": "Lincoln Square", "boro": "Chicago"}}, {"type": "Feature", "geometry": {"type": "Polygon", "coordinates": [[[-87.688112, 41.986443], [-87.682076, 41.986479], [-87.682124, 41.990982], [-87.68816, 41.990946], [-87.688112, 41.986443]]]}, "properties": {"sq": "886_9297", "crime_n": 6, "crime_night_n": 2, "nta": "West Ridge", "boro": "Chicago"}}, {"type": "Feature", "geometry": {"type": "Polygon", "coordinates": [[[-87.68816, 41.990946], [-87.682124, 41.990982], [-87.682172, 41.995485], [-87.688209, 41.995449], [-87.68816, 41.990946]]]}, "properties": {"sq": "886_9298", "crime_n": 47, "crime_night_n": 16, "nta": "West Ridge", "boro": "Chicago"}}, {"type": "Feature", "geometry": {"type": "Polygon", "coordinates": [[[-87.688209, 41.995449], [-87.682172, 41.995485], [-87.68222, 41.999988], [-87.688257, 41.999952], [-87.688209, 41.995449]]]}, "properties": {"sq": "886_9299", "crime_n": 85, "crime_night_n": 44, "nta": "West Ridge", "boro": "Chicago"}}, {"type": "Feature", "geometry": {"type": "Polygon", "coordinates": [[[-87.688257, 41.999952], [-87.68222, 41.999988], [-87.682268, 42.004491], [-87.688306, 42.004455], [-87.688257, 41.999952]]]}, "properties": {"sq": "886_9300", "crime_n": 0, "crime_night_n": 0, "nta": "West Ridge", "boro": "Chicago"}}, {"type": "Feature", "geometry": {"type": "Polygon", "coordinates": [[[-87.688306, 42.004455], [-87.682268, 42.004491], [-87.682316, 42.008994], [-87.688354, 42.008958], [-87.688306, 42.004455]]]}, "properties": {"sq": "886_9301", "crime_n": 13, "crime_night_n": 7, "nta": "West Ridge", "boro": "Chicago"}}, {"type": "Feature", "geometry": {"type": "Polygon", "coordinates": [[[-87.688354, 42.008958], [-87.682316, 42.008994], [-87.682364, 42.013497], [-87.688403, 42.013461], [-87.688354, 42.008958]]]}, "properties": {"sq": "886_9302", "crime_n": 18, "crime_night_n": 7, "nta": "West Ridge", "boro": "Chicago"}}, {"type": "Feature", "geometry": {"type": "Polygon", "coordinates": [[[-87.688403, 42.013461], [-87.682364, 42.013497], [-87.682413, 42.018], [-87.688451, 42.017964], [-87.688403, 42.013461]]]}, "properties": {"sq": "886_9303", "crime_n": 19, "crime_night_n": 8, "nta": "Rogers Park", "boro": "Chicago"}}, {"type": "Feature", "geometry": {"type": "Polygon", "coordinates": [[[-87.688451, 42.017964], [-87.682413, 42.018], [-87.682461, 42.022503], [-87.6885, 42.022467], [-87.688451, 42.017964]]]}, "properties": {"sq": "886_9304", "crime_n": 14, "crime_night_n": 1, "nta": "West Ridge", "boro": "Chicago"}}, {"type": "Feature", "geometry": {"type": "Polygon", "coordinates": [[[-87.678785, 41.675762], [-87.672779, 41.675797], [-87.672826, 41.680301], [-87.678832, 41.680265], [-87.678785, 41.675762]]]}, "properties": {"sq": "887_9228", "crime_n": 3, "crime_night_n": 1, "nta": "Morgan Park", "boro": "Chicago"}}, {"type": "Feature", "geometry": {"type": "Polygon", "coordinates": [[[-87.678832, 41.680265], [-87.672826, 41.680301], [-87.672872, 41.684804], [-87.67888, 41.684768], [-87.678832, 41.680265]]]}, "properties": {"sq": "887_9229", "crime_n": 1, "crime_night_n": 0, "nta": "Morgan Park", "boro": "Chicago"}}, {"type": "Feature", "geometry": {"type": "Polygon", "coordinates": [[[-87.67888, 41.684768], [-87.672872, 41.684804], [-87.672919, 41.689307], [-87.678927, 41.689272], [-87.67888, 41.684768]]]}, "properties": {"sq": "887_9230", "crime_n": 0, "crime_night_n": 0, "nta": "Morgan Park", "boro": "Chicago"}}, {"type": "Feature", "geometry": {"type": "Polygon", "coordinates": [[[-87.678927, 41.689272], [-87.672919, 41.689307], [-87.672966, 41.69381], [-87.678975, 41.693775], [-87.678927, 41.689272]]]}, "properties": {"sq": "887_9231", "crime_n": 8, "crime_night_n": 3, "nta": "Morgan Park", "boro": "Chicago"}}, {"type": "Feature", "geometry": {"type": "Polygon", "coordinates": [[[-87.678975, 41.693775], [-87.672966, 41.69381], [-87.673013, 41.698314], [-87.679022, 41.698278], [-87.678975, 41.693775]]]}, "properties": {"sq": "887_9232", "crime_n": 0, "crime_night_n": 0, "nta": "Morgan Park", "boro": "Chicago"}}, {"type": "Feature", "geometry": {"type": "Polygon", "coordinates": [[[-87.679022, 41.698278], [-87.673013, 41.698314], [-87.67306, 41.702817], [-87.679069, 41.702781], [-87.679022, 41.698278]]]}, "properties": {"sq": "887_9233", "crime_n": 2, "crime_night_n": 0, "nta": "Beverly", "boro": "Chicago"}}, {"type": "Feature", "geometry": {"type": "Polygon", "coordinates": [[[-87.679069, 41.702781], [-87.67306, 41.702817], [-87.673107, 41.70732], [-87.679117, 41.707285], [-87.679069, 41.702781]]]}, "properties": {"sq": "887_9234", "crime_n": 1, "crime_night_n": 1, "nta": "Beverly", "boro": "Chicago"}}, {"type": "Feature", "geometry": {"type": "Polygon", "coordinates": [[[-87.679117, 41.707285], [-87.673107, 41.70732], [-87.673154, 41.711823], [-87.679164, 41.711788], [-87.679117, 41.707285]]]}, "properties": {"sq": "887_9235", "crime_n": 3, "crime_night_n": 1, "nta": "Beverly", "boro": "Chicago"}}, {"type": "Feature", "geometry": {"type": "Polygon", "coordinates": [[[-87.679164, 41.711788], [-87.673154, 41.711823], [-87.673201, 41.716327], [-87.679211, 41.716291], [-87.679164, 41.711788]]]}, "properties": {"sq": "887_9236", "crime_n": 1, "crime_night_n": 0, "nta": "Beverly", "boro": "Chicago"}}, {"type": "Feature", "geometry": {"type": "Polygon", "coordinates": [[[-87.679211, 41.716291], [-87.673201, 41.716327], [-87.673248, 41.72083], [-87.679259, 41.720794], [-87.679211, 41.716291]]]}, "properties": {"sq": "887_9237", "crime_n": 1, "crime_night_n": 0, "nta": "Beverly", "boro": "Chicago"}}, {"type": "Feature", "geometry": {"type": "Polygon", "coordinates": [[[-87.679259, 41.720794], [-87.673248, 41.72083], [-87.673295, 41.725333], [-87.679306, 41.725298], [-87.679259, 41.720794]]]}, "properties": {"sq": "887_9238", "crime_n": 11, "crime_night_n": 0, "nta": "Beverly", "boro": "Chicago"}}, {"type": "Feature", "geometry": {"type": "Polygon", "coordinates": [[[-87.679306, 41.725298], [-87.673295, 41.725333], [-87.673342, 41.729836], [-87.679354, 41.729801], [-87.679306, 41.725298]]]}, "properties": {"sq": "887_9239", "crime_n": 1, "crime_night_n": 0, "nta": "Beverly", "boro": "Chicago"}}, {"type": "Feature", "geometry": {"type": "Polygon", "coordinates": [[[-87.679354, 41.729801], [-87.673342, 41.729836], [-87.673389, 41.73434], [-87.679401, 41.734304], [-87.679354, 41.729801]]]}, "properties": {"sq": "887_9240", "crime_n": 1, "crime_night_n": 0, "nta": "Beverly", "boro": "Chicago"}}, {"type": "Feature", "geometry": {"type": "Polygon", "coordinates": [[[-87.679401, 41.734304], [-87.673389, 41.73434], [-87.673436, 41.738843], [-87.679449, 41.738807], [-87.679401, 41.734304]]]}, "properties": {"sq": "887_9241", "crime_n": 2, "crime_night_n": 0, "nta": "Ashburn", "boro": "Chicago"}}, {"type": "Feature", "geometry": {"type": "Polygon", "coordinates": [[[-87.679449, 41.738807], [-87.673436, 41.738843], [-87.673483, 41.743346], [-87.679496, 41.743311], [-87.679449, 41.738807]]]}, "properties": {"sq": "887_9242", "crime_n": 8, "crime_night_n": 5, "nta": "Auburn Gresham", "boro": "Chicago"}}, {"type": "Feature", "geometry": {"type": "Polygon", "coordinates": [[[-87.679496, 41.743311], [-87.673483, 41.743346], [-87.67353, 41.747849], [-87.679544, 41.747814], [-87.679496, 41.743311]]]}, "properties": {"sq": "887_9243", "crime_n": 2, "crime_night_n": 0, "nta": "Auburn Gresham", "boro": "Chicago"}}, {"type": "Feature", "geometry": {"type": "Polygon", "coordinates": [[[-87.679544, 41.747814], [-87.67353, 41.747849], [-87.673577, 41.752352], [-87.679591, 41.752317], [-87.679544, 41.747814]]]}, "properties": {"sq": "887_9244", "crime_n": 20, "crime_night_n": 6, "nta": "Auburn Gresham", "boro": "Chicago"}}, {"type": "Feature", "geometry": {"type": "Polygon", "coordinates": [[[-87.679591, 41.752317], [-87.673577, 41.752352], [-87.673625, 41.756856], [-87.679639, 41.75682], [-87.679591, 41.752317]]]}, "properties": {"sq": "887_9245", "crime_n": 20, "crime_night_n": 4, "nta": "Auburn Gresham", "boro": "Chicago"}}, {"type": "Feature", "geometry": {"type": "Polygon", "coordinates": [[[-87.679639, 41.75682], [-87.673625, 41.756856], [-87.673672, 41.761359], [-87.679686, 41.761323], [-87.679639, 41.75682]]]}, "properties": {"sq": "887_9246", "crime_n": 13, "crime_night_n": 3, "nta": "Auburn Gresham", "boro": "Chicago"}}, {"type": "Feature", "geometry": {"type": "Polygon", "coordinates": [[[-87.679686, 41.761323], [-87.673672, 41.761359], [-87.673719, 41.765862], [-87.679734, 41.765827], [-87.679686, 41.761323]]]}, "properties": {"sq": "887_9247", "crime_n": 20, "crime_night_n": 9, "nta": "West Englewood", "boro": "Chicago"}}, {"type": "Feature", "geometry": {"type": "Polygon", "coordinates": [[[-87.679734, 41.765827], [-87.673719, 41.765862], [-87.673766, 41.770365], [-87.679781, 41.77033], [-87.679734, 41.765827]]]}, "properties": {"sq": "887_9248", "crime_n": 33, "crime_night_n": 18, "nta": "West Englewood", "boro": "Chicago"}}, {"type": "Feature", "geometry": {"type": "Polygon", "coordinates": [[[-87.679781, 41.77033], [-87.673766, 41.770365], [-87.673813, 41.774868], [-87.679829, 41.774833], [-87.679781, 41.77033]]]}, "properties": {"sq": "887_9249", "crime_n": 27, "crime_night_n": 13, "nta": "West Englewood", "boro": "Chicago"}}, {"type": "Feature", "geometry": {"type": "Polygon", "coordinates": [[[-87.679829, 41.774833], [-87.673813, 41.774868], [-87.67386, 41.779372], [-87.679876, 41.779336], [-87.679829, 41.774833]]]}, "properties": {"sq": "887_9250", "crime_n": 37, "crime_night_n": 18, "nta": "West Englewood", "boro": "Chicago"}}, {"type": "Feature", "geometry": {"type": "Polygon", "coordinates": [[[-87.679876, 41.779336], [-87.67386, 41.779372], [-87.673907, 41.783875], [-87.679924, 41.783839], [-87.679876, 41.779336]]]}, "properties": {"sq": "887_9251", "crime_n": 18, "crime_night_n": 2, "nta": "West Englewood", "boro": "Chicago"}}, {"type": "Feature", "geometry": {"type": "Polygon", "coordinates": [[[-87.679924, 41.783839], [-87.673907, 41.783875], [-87.673954, 41.788378], [-87.679971, 41.788343], [-87.679924, 41.783839]]]}, "properties": {"sq": "887_9252", "crime_n": 11, "crime_night_n": 4, "nta": "West Englewood", "boro": "Chicago"}}, {"type": "Feature", "geometry": {"type": "Polygon", "coordinates": [[[-87.679971, 41.788343], [-87.673954, 41.788378], [-87.674002, 41.792881], [-87.680019, 41.792846], [-87.679971, 41.788343]]]}, "properties": {"sq": "887_9253", "crime_n": 20, "crime_night_n": 8, "nta": "West Englewood", "boro": "Chicago"}}, {"type": "Feature", "geometry": {"type": "Polygon", "coordinates": [[[-87.680019, 41.792846], [-87.674002, 41.792881], [-87.674049, 41.797384], [-87.680067, 41.797349], [-87.680019, 41.792846]]]}, "properties": {"sq": "887_9254", "crime_n": 67, "crime_night_n": 35, "nta": "New City", "boro": "Chicago"}}, {"type": "Feature", "geometry": {"type": "Polygon", "coordinates": [[[-87.680067, 41.797349], [-87.674049, 41.797384], [-87.674096, 41.801888], [-87.680114, 41.801852], [-87.680067, 41.797349]]]}, "properties": {"sq": "887_9255", "crime_n": 57, "crime_night_n": 25, "nta": "New City", "boro": "Chicago"}}, {"type": "Feature", "geometry": {"type": "Polygon", "coordinates": [[[-87.680114, 41.801852], [-87.674096, 41.801888], [-87.674143, 41.806391], [-87.680162, 41.806355], [-87.680114, 41.801852]]]}, "properties": {"sq": "887_9256", "crime_n": 51, "crime_night_n": 18, "nta": "New City", "boro": "Chicago"}}, {"type": "Feature", "geometry": {"type": "Polygon", "coordinates": [[[-87.680162, 41.806355], [-87.674143, 41.806391], [-87.67419, 41.810894], [-87.68021, 41.810858], [-87.680162, 41.806355]]]}, "properties": {"sq": "887_9257", "crime_n": 69, "crime_night_n": 27, "nta": "New City", "boro": "Chicago"}}, {"type": "Feature", "geometry": {"type": "Polygon", "coordinates": [[[-87.68021, 41.810858], [-87.67419, 41.810894], [-87.674238, 41.815397], [-87.680257, 41.815362], [-87.68021, 41.810858]]]}, "properties": {"sq": "887_9258", "crime_n": 0, "crime_night_n": 0, "nta": "New City", "boro": "Chicago"}}, {"type": "Feature", "geometry": {"type": "Polygon", "coordinates": [[[-87.680257, 41.815362], [-87.674238, 41.815397], [-87.674285, 41.8199], [-87.680305, 41.819865], [-87.680257, 41.815362]]]}, "properties": {"sq": "887_9259", "crime_n": 1, "crime_night_n": 0, "nta": "New City", "boro": "Chicago"}}, {"type": "Feature", "geometry": {"type": "Polygon", "coordinates": [[[-87.680305, 41.819865], [-87.674285, 41.8199], [-87.674332, 41.824403], [-87.680353, 41.824368], [-87.680305, 41.819865]]]}, "properties": {"sq": "887_9260", "crime_n": 4, "crime_night_n": 1, "nta": "McKinley Park", "boro": "Chicago"}}, {"type": "Feature", "geometry": {"type": "Polygon", "coordinates": [[[-87.680353, 41.824368], [-87.674332, 41.824403], [-87.674379, 41.828907], [-87.6804, 41.828871], [-87.680353, 41.824368]]]}, "properties": {"sq": "887_9261", "crime_n": 15, "crime_night_n": 9, "nta": "McKinley Park", "boro": "Chicago"}}, {"type": "Feature", "geometry": {"type": "Polygon", "coordinates": [[[-87.6804, 41.828871], [-87.674379, 41.828907], [-87.674427, 41.83341], [-87.680448, 41.833374], [-87.6804, 41.828871]]]}, "properties": {"sq": "887_9262", "crime_n": 43, "crime_night_n": 16, "nta": "McKinley Park", "boro": "Chicago"}}, {"type": "Feature", "geometry": {"type": "Polygon", "coordinates": [[[-87.680448, 41.833374], [-87.674427, 41.83341], [-87.674474, 41.837913], [-87.680496, 41.837877], [-87.680448, 41.833374]]]}, "properties": {"sq": "887_9263", "crime_n": 13, "crime_night_n": 5, "nta": "McKinley Park", "boro": "Chicago"}}, {"type": "Feature", "geometry": {"type": "Polygon", "coordinates": [[[-87.680496, 41.837877], [-87.674474, 41.837913], [-87.674521, 41.842416], [-87.680543, 41.842381], [-87.680496, 41.837877]]]}, "properties": {"sq": "887_9264", "crime_n": 3, "crime_night_n": 1, "nta": "Lower West Side", "boro": "Chicago"}}, {"type": "Feature", "geometry": {"type": "Polygon", "coordinates": [[[-87.680543, 41.842381], [-87.674521, 41.842416], [-87.674569, 41.846919], [-87.680591, 41.846884], [-87.680543, 41.842381]]]}, "properties": {"sq": "887_9265", "crime_n": 6, "crime_night_n": 3, "nta": "Lower West Side", "boro": "Chicago"}}, {"type": "Feature", "geometry": {"type": "Polygon", "coordinates": [[[-87.680591, 41.846884], [-87.674569, 41.846919], [-87.674616, 41.851422], [-87.680639, 41.851387], [-87.680591, 41.846884]]]}, "properties": {"sq": "887_9266", "crime_n": 49, "crime_night_n": 25, "nta": "Lower West Side", "boro": "Chicago"}}, {"type": "Feature", "geometry": {"type": "Polygon", "coordinates": [[[-87.680639, 41.851387], [-87.674616, 41.851422], [-87.674663, 41.855925], [-87.680687, 41.85589], [-87.680639, 41.851387]]]}, "properties": {"sq": "887_9267", "crime_n": 74, "crime_night_n": 39, "nta": "Lower West Side", "boro": "Chicago"}}, {"type": "Feature", "geometry": {"type": "Polygon", "coordinates": [[[-87.680687, 41.85589], [-87.674663, 41.855925], [-87.67471, 41.860429], [-87.680734, 41.860393], [-87.680687, 41.85589]]]}, "properties": {"sq": "887_9268", "crime_n": 32, "crime_night_n": 13, "nta": "Lower West Side", "boro": "Chicago"}}, {"type": "Feature", "geometry": {"type": "Polygon", "coordinates": [[[-87.680734, 41.860393], [-87.67471, 41.860429], [-87.674758, 41.864932], [-87.680782, 41.864896], [-87.680734, 41.860393]]]}, "properties": {"sq": "887_9269", "crime_n": 6, "crime_night_n": 1, "nta": "Near West Side", "boro": "Chicago"}}, {"type": "Feature", "geometry": {"type": "Polygon", "coordinates": [[[-87.680782, 41.864896], [-87.674758, 41.864932], [-87.674805, 41.869435], [-87.68083, 41.869399], [-87.680782, 41.864896]]]}, "properties": {"sq": "887_9270", "crime_n": 30, "crime_night_n": 2, "nta": "Near West Side", "boro": "Chicago"}}, {"type": "Feature", "geometry": {"type": "Polygon", "coordinates": [[[-87.68083, 41.869399], [-87.674805, 41.869435], [-87.674853, 41.873938], [-87.680878, 41.873902], [-87.68083, 41.869399]]]}, "properties": {"sq": "887_9271", "crime_n": 46, "crime_night_n": 21, "nta": "Near West Side", "boro": "Chicago"}}, {"type": "Feature", "geometry": {"type": "Polygon", "coordinates": [[[-87.680878, 41.873902], [-87.674853, 41.873938], [-87.6749, 41.878441], [-87.680925, 41.878406], [-87.680878, 41.873902]]]}, "properties": {"sq": "887_9272", "crime_n": 88, "crime_night_n": 39, "nta": "Near West Side", "boro": "Chicago"}}, {"type": "Feature", "geometry": {"type": "Polygon", "coordinates": [[[-87.680925, 41.878406], [-87.6749, 41.878441], [-87.674947, 41.882944], [-87.680973, 41.882909], [-87.680925, 41.878406]]]}, "properties": {"sq": "887_9273", "crime_n": 84, "crime_night_n": 23, "nta": "Near West Side", "boro": "Chicago"}}, {"type": "Feature", "geometry": {"type": "Polygon", "coordinates": [[[-87.680973, 41.882909], [-87.674947, 41.882944], [-87.674995, 41.887447], [-87.681021, 41.887412], [-87.680973, 41.882909]]]}, "properties": {"sq": "887_9274", "crime_n": 84, "crime_night_n": 29, "nta": "Near West Side", "boro": "Chicago"}}, {"type": "Feature", "geometry": {"type": "Polygon", "coordinates": [[[-87.681021, 41.887412], [-87.674995, 41.887447], [-87.675042, 41.89195], [-87.681069, 41.891915], [-87.681021, 41.887412]]]}, "properties": {"sq": "887_9275", "crime_n": 27, "crime_night_n": 5, "nta": "West Town", "boro": "Chicago"}}, {"type": "Feature", "geometry": {"type": "Polygon", "coordinates": [[[-87.681069, 41.891915], [-87.675042, 41.89195], [-87.67509, 41.896454], [-87.681117, 41.896418], [-87.681069, 41.891915]]]}, "properties": {"sq": "887_9276", "crime_n": 64, "crime_night_n": 25, "nta": "West Town", "boro": "Chicago"}}, {"type": "Feature", "geometry": {"type": "Polygon", "coordinates": [[[-87.681117, 41.896418], [-87.67509, 41.896454], [-87.675137, 41.900957], [-87.681165, 41.900921], [-87.681117, 41.896418]]]}, "properties": {"sq": "887_9277", "crime_n": 33, "crime_night_n": 10, "nta": "West Town", "boro": "Chicago"}}, {"type": "Feature", "geometry": {"type": "Polygon", "coordinates": [[[-87.681165, 41.900921], [-87.675137, 41.900957], [-87.675184, 41.90546], [-87.681212, 41.905424], [-87.681165, 41.900921]]]}, "properties": {"sq": "887_9278", "crime_n": 62, "crime_night_n": 37, "nta": "West Town", "boro": "Chicago"}}, {"type": "Feature", "geometry": {"type": "Polygon", "coordinates": [[[-87.681212, 41.905424], [-87.675184, 41.90546], [-87.675232, 41.909963], [-87.68126, 41.909927], [-87.681212, 41.905424]]]}, "properties": {"sq": "887_9279", "crime_n": 81, "crime_night_n": 46, "nta": "West Town", "boro": "Chicago"}}, {"type": "Feature", "geometry": {"type": "Polygon", "coordinates": [[[-87.68126, 41.909927], [-87.675232, 41.909963], [-87.675279, 41.914466], [-87.681308, 41.91443], [-87.68126, 41.909927]]]}, "properties": {"sq": "887_9280", "crime_n": 87, "crime_night_n": 46, "nta": "West Town", "boro": "Chicago"}}, {"type": "Feature", "geometry": {"type": "Polygon", "coordinates": [[[-87.681308, 41.91443], [-87.675279, 41.914466], [-87.675327, 41.918969], [-87.681356, 41.918933], [-87.681308, 41.91443]]]}, "properties": {"sq": "887_9281", "crime_n": 44, "crime_night_n": 19, "nta": "Logan Square", "boro": "Chicago"}}, {"type": "Feature", "geometry": {"type": "Polygon", "coordinates": [[[-87.681356, 41.918933], [-87.675327, 41.918969], [-87.675374, 41.923472], [-87.681404, 41.923436], [-87.681356, 41.918933]]]}, "properties": {"sq": "887_9282", "crime_n": 20, "crime_night_n": 12, "nta": "Logan Square", "boro": "Chicago"}}, {"type": "Feature", "geometry": {"type": "Polygon", "coordinates": [[[-87.681404, 41.923436], [-87.675374, 41.923472], [-87.675422, 41.927975], [-87.681452, 41.92794], [-87.681404, 41.923436]]]}, "properties": {"sq": "887_9283", "crime_n": 16, "crime_night_n": 6, "nta": "Logan Square", "boro": "Chicago"}}, {"type": "Feature", "geometry": {"type": "Polygon", "coordinates": [[[-87.681452, 41.92794], [-87.675422, 41.927975], [-87.675469, 41.932478], [-87.6815, 41.932443], [-87.681452, 41.92794]]]}, "properties": {"sq": "887_9284", "crime_n": 26, "crime_night_n": 7, "nta": "Lincoln Park", "boro": "Chicago"}}, {"type": "Feature", "geometry": {"type": "Polygon", "coordinates": [[[-87.6815, 41.932443], [-87.675469, 41.932478], [-87.675517, 41.936981], [-87.681548, 41.936946], [-87.6815, 41.932443]]]}, "properties": {"sq": "887_9285", "crime_n": 32, "crime_night_n": 14, "nta": "North Center", "boro": "Chicago"}}, {"type": "Feature", "geometry": {"type": "Polygon", "coordinates": [[[-87.681548, 41.936946], [-87.675517, 41.936981], [-87.675564, 41.941484], [-87.681596, 41.941449], [-87.681548, 41.936946]]]}, "properties": {"sq": "887_9286", "crime_n": 16, "crime_night_n": 7, "nta": "North Center", "boro": "Chicago"}}, {"type": "Feature", "geometry": {"type": "Polygon", "coordinates": [[[-87.681596, 41.941449], [-87.675564, 41.941484], [-87.675612, 41.945987], [-87.681644, 41.945952], [-87.681596, 41.941449]]]}, "properties": {"sq": "887_9287", "crime_n": 14, "crime_night_n": 3, "nta": "North Center", "boro": "Chicago"}}, {"type": "Feature", "geometry": {"type": "Polygon", "coordinates": [[[-87.681644, 41.945952], [-87.675612, 41.945987], [-87.675659, 41.950491], [-87.681692, 41.950455], [-87.681644, 41.945952]]]}, "properties": {"sq": "887_9288", "crime_n": 9, "crime_night_n": 6, "nta": "North Center", "boro": "Chicago"}}, {"type": "Feature", "geometry": {"type": "Polygon", "coordinates": [[[-87.681692, 41.950455], [-87.675659, 41.950491], [-87.675707, 41.954994], [-87.68174, 41.954958], [-87.681692, 41.950455]]]}, "properties": {"sq": "887_9289", "crime_n": 28, "crime_night_n": 12, "nta": "North Center", "boro": "Chicago"}}, {"type": "Feature", "geometry": {"type": "Polygon", "coordinates": [[[-87.68174, 41.954958], [-87.675707, 41.954994], [-87.675755, 41.959497], [-87.681788, 41.959461], [-87.68174, 41.954958]]]}, "properties": {"sq": "887_9290", "crime_n": 11, "crime_night_n": 4, "nta": "North Center", "boro": "Chicago"}}, {"type": "Feature", "geometry": {"type": "Polygon", "coordinates": [[[-87.681788, 41.959461], [-87.675755, 41.959497], [-87.675802, 41.964], [-87.681836, 41.963964], [-87.681788, 41.959461]]]}, "properties": {"sq": "887_9291", "crime_n": 21, "crime_night_n": 8, "nta": "North Center", "boro": "Chicago"}}, {"type": "Feature", "geometry": {"type": "Polygon", "coordinates": [[[-87.681836, 41.963964], [-87.675802, 41.964], [-87.67585, 41.968503], [-87.681884, 41.968467], [-87.681836, 41.963964]]]}, "properties": {"sq": "887_9292", "crime_n": 18, "crime_night_n": 3, "nta": "Lincoln Square", "boro": "Chicago"}}, {"type": "Feature", "geometry": {"type": "Polygon", "coordinates": [[[-87.681884, 41.968467], [-87.67585, 41.968503], [-87.675897, 41.973006], [-87.681932, 41.97297], [-87.681884, 41.968467]]]}, "properties": {"sq": "887_9293", "crime_n": 20, "crime_night_n": 8, "nta": "Lincoln Square", "boro": "Chicago"}}, {"type": "Feature", "geometry": {"type": "Polygon", "coordinates": [[[-87.681932, 41.97297], [-87.675897, 41.973006], [-87.675945, 41.977509], [-87.68198, 41.977473], [-87.681932, 41.97297]]]}, "properties": {"sq": "887_9294", "crime_n": 17, "crime_night_n": 5, "nta": "Lincoln Square", "boro": "Chicago"}}, {"type": "Feature", "geometry": {"type": "Polygon", "coordinates": [[[-87.68198, 41.977473], [-87.675945, 41.977509], [-87.675993, 41.982012], [-87.682028, 41.981976], [-87.68198, 41.977473]]]}, "properties": {"sq": "887_9295", "crime_n": 14, "crime_night_n": 3, "nta": "Lincoln Square", "boro": "Chicago"}}, {"type": "Feature", "geometry": {"type": "Polygon", "coordinates": [[[-87.682028, 41.981976], [-87.675993, 41.982012], [-87.67604, 41.986515], [-87.682076, 41.986479], [-87.682028, 41.981976]]]}, "properties": {"sq": "887_9296", "crime_n": 2, "crime_night_n": 1, "nta": "Lincoln Square", "boro": "Chicago"}}, {"type": "Feature", "geometry": {"type": "Polygon", "coordinates": [[[-87.682076, 41.986479], [-87.67604, 41.986515], [-87.676088, 41.991018], [-87.682124, 41.990982], [-87.682076, 41.986479]]]}, "properties": {"sq": "887_9297", "crime_n": 7, "crime_night_n": 3, "nta": "West Ridge", "boro": "Chicago"}}, {"type": "Feature", "geometry": {"type": "Polygon", "coordinates": [[[-87.682124, 41.990982], [-87.676088, 41.991018], [-87.676136, 41.995521], [-87.682172, 41.995485], [-87.682124, 41.990982]]]}, "properties": {"sq": "887_9298", "crime_n": 37, "crime_night_n": 18, "nta": "West Ridge", "boro": "Chicago"}}, {"type": "Feature", "geometry": {"type": "Polygon", "coordinates": [[[-87.682172, 41.995485], [-87.676136, 41.995521], [-87.676183, 42.000024], [-87.68222, 41.999988], [-87.682172, 41.995485]]]}, "properties": {"sq": "887_9299", "crime_n": 36, "crime_night_n": 13, "nta": "West Ridge", "boro": "Chicago"}}, {"type": "Feature", "geometry": {"type": "Polygon", "coordinates": [[[-87.68222, 41.999988], [-87.676183, 42.000024], [-87.676231, 42.004527], [-87.682268, 42.004491], [-87.68222, 41.999988]]]}, "properties": {"sq": "887_9300", "crime_n": 19, "crime_night_n": 4, "nta": "West Ridge", "boro": "Chicago"}}, {"type": "Feature", "geometry": {"type": "Polygon", "coordinates": [[[-87.682268, 42.004491], [-87.676231, 42.004527], [-87.676279, 42.00903], [-87.682316, 42.008994], [-87.682268, 42.004491]]]}, "properties": {"sq": "887_9301", "crime_n": 34, "crime_night_n": 13, "nta": "Rogers Park", "boro": "Chicago"}}, {"type": "Feature", "geometry": {"type": "Polygon", "coordinates": [[[-87.682316, 42.008994], [-87.676279, 42.00903], [-87.676326, 42.013533], [-87.682364, 42.013497], [-87.682316, 42.008994]]]}, "properties": {"sq": "887_9302", "crime_n": 29, "crime_night_n": 10, "nta": "Rogers Park", "boro": "Chicago"}}, {"type": "Feature", "geometry": {"type": "Polygon", "coordinates": [[[-87.682364, 42.013497], [-87.676326, 42.013533], [-87.676374, 42.018036], [-87.682413, 42.018], [-87.682364, 42.013497]]]}, "properties": {"sq": "887_9303", "crime_n": 75, "crime_night_n": 16, "nta": "Rogers Park", "boro": "Chicago"}}, {"type": "Feature", "geometry": {"type": "Polygon", "coordinates": [[[-87.682413, 42.018], [-87.676374, 42.018036], [-87.676422, 42.022539], [-87.682461, 42.022503], [-87.682413, 42.018]]]}, "properties": {"sq": "887_9304", "crime_n": 28, "crime_night_n": 13, "nta": "Rogers Park", "boro": "Chicago"}}, {"type": "Feature", "geometry": {"type": "Polygon", "coordinates": [[[-87.682461, 42.022503], [-87.676422, 42.022539], [-87.676469, 42.027042], [-87.682509, 42.027006], [-87.682461, 42.022503]]]}, "properties": {"sq": "887_9305", "crime_n": 0, "crime_night_n": 0, "nta": "Rogers Park", "boro": "Chicago"}}, {"type": "Feature", "geometry": {"type": "Polygon", "coordinates": [[[-87.672779, 41.675797], [-87.666772, 41.675832], [-87.666819, 41.680336], [-87.672826, 41.680301], [-87.672779, 41.675797]]]}, "properties": {"sq": "888_9228", "crime_n": 10, "crime_night_n": 2, "nta": "Morgan Park", "boro": "Chicago"}}, {"type": "Feature", "geometry": {"type": "Polygon", "coordinates": [[[-87.672826, 41.680301], [-87.666819, 41.680336], [-87.666865, 41.684839], [-87.672872, 41.684804], [-87.672826, 41.680301]]]}, "properties": {"sq": "888_9229", "crime_n": 23, "crime_night_n": 10, "nta": "Morgan Park", "boro": "Chicago"}}, {"type": "Feature", "geometry": {"type": "Polygon", "coordinates": [[[-87.672872, 41.684804], [-87.666865, 41.684839], [-87.666912, 41.689342], [-87.672919, 41.689307], [-87.672872, 41.684804]]]}, "properties": {"sq": "888_9230", "crime_n": 13, "crime_night_n": 4, "nta": "Morgan Park", "boro": "Chicago"}}, {"type": "Feature", "geometry": {"type": "Polygon", "coordinates": [[[-87.672919, 41.689307], [-87.666912, 41.689342], [-87.666958, 41.693845], [-87.672966, 41.69381], [-87.672919, 41.689307]]]}, "properties": {"sq": "888_9231", "crime_n": 22, "crime_night_n": 7, "nta": "Morgan Park", "boro": "Chicago"}}, {"type": "Feature", "geometry": {"type": "Polygon", "coordinates": [[[-87.672966, 41.69381], [-87.666958, 41.693845], [-87.667005, 41.698349], [-87.673013, 41.698314], [-87.672966, 41.69381]]]}, "properties": {"sq": "888_9232", "crime_n": 2, "crime_night_n": 0, "nta": "Morgan Park", "boro": "Chicago"}}, {"type": "Feature", "geometry": {"type": "Polygon", "coordinates": [[[-87.673013, 41.698314], [-87.667005, 41.698349], [-87.667051, 41.702852], [-87.67306, 41.702817], [-87.673013, 41.698314]]]}, "properties": {"sq": "888_9233", "crime_n": 8, "crime_night_n": 2, "nta": "Beverly", "boro": "Chicago"}}, {"type": "Feature", "geometry": {"type": "Polygon", "coordinates": [[[-87.67306, 41.702817], [-87.667051, 41.702852], [-87.667098, 41.707355], [-87.673107, 41.70732], [-87.67306, 41.702817]]]}, "properties": {"sq": "888_9234", "crime_n": 13, "crime_night_n": 4, "nta": "Beverly", "boro": "Chicago"}}, {"type": "Feature", "geometry": {"type": "Polygon", "coordinates": [[[-87.673107, 41.70732], [-87.667098, 41.707355], [-87.667144, 41.711858], [-87.673154, 41.711823], [-87.673107, 41.70732]]]}, "properties": {"sq": "888_9235", "crime_n": 5, "crime_night_n": 0, "nta": "Beverly", "boro": "Chicago"}}, {"type": "Feature", "geometry": {"type": "Polygon", "coordinates": [[[-87.673154, 41.711823], [-87.667144, 41.711858], [-87.667191, 41.716362], [-87.673201, 41.716327], [-87.673154, 41.711823]]]}, "properties": {"sq": "888_9236", "crime_n": 6, "crime_night_n": 3, "nta": "Beverly", "boro": "Chicago"}}, {"type": "Feature", "geometry": {"type": "Polygon", "coordinates": [[[-87.673201, 41.716327], [-87.667191, 41.716362], [-87.667237, 41.720865], [-87.673248, 41.72083], [-87.673201, 41.716327]]]}, "properties": {"sq": "888_9237", "crime_n": 1, "crime_night_n": 0, "nta": "Beverly", "boro": "Chicago"}}, {"type": "Feature", "geometry": {"type": "Polygon", "coordinates": [[[-87.673248, 41.72083], [-87.667237, 41.720865], [-87.667284, 41.725368], [-87.673295, 41.725333], [-87.673248, 41.72083]]]}, "properties": {"sq": "888_9238", "crime_n": 7, "crime_night_n": 2, "nta": "Beverly", "boro": "Chicago"}}, {"type": "Feature", "geometry": {"type": "Polygon", "coordinates": [[[-87.673295, 41.725333], [-87.667284, 41.725368], [-87.667331, 41.729871], [-87.673342, 41.729836], [-87.673295, 41.725333]]]}, "properties": {"sq": "888_9239", "crime_n": 2, "crime_night_n": 1, "nta": "Beverly", "boro": "Chicago"}}, {"type": "Feature", "geometry": {"type": "Polygon", "coordinates": [[[-87.673342, 41.729836], [-87.667331, 41.729871], [-87.667377, 41.734375], [-87.673389, 41.73434], [-87.673342, 41.729836]]]}, "properties": {"sq": "888_9240", "crime_n": 9, "crime_night_n": 2, "nta": "Beverly", "boro": "Chicago"}}, {"type": "Feature", "geometry": {"type": "Polygon", "coordinates": [[[-87.673389, 41.73434], [-87.667377, 41.734375], [-87.667424, 41.738878], [-87.673436, 41.738843], [-87.673389, 41.73434]]]}, "properties": {"sq": "888_9241", "crime_n": 19, "crime_night_n": 8, "nta": "Auburn Gresham", "boro": "Chicago"}}, {"type": "Feature", "geometry": {"type": "Polygon", "coordinates": [[[-87.673436, 41.738843], [-87.667424, 41.738878], [-87.66747, 41.743381], [-87.673483, 41.743346], [-87.673436, 41.738843]]]}, "properties": {"sq": "888_9242", "crime_n": 12, "crime_night_n": 5, "nta": "Auburn Gresham", "boro": "Chicago"}}, {"type": "Feature", "geometry": {"type": "Polygon", "coordinates": [[[-87.673483, 41.743346], [-87.66747, 41.743381], [-87.667517, 41.747884], [-87.67353, 41.747849], [-87.673483, 41.743346]]]}, "properties": {"sq": "888_9243", "crime_n": 17, "crime_night_n": 8, "nta": "Auburn Gresham", "boro": "Chicago"}}, {"type": "Feature", "geometry": {"type": "Polygon", "coordinates": [[[-87.67353, 41.747849], [-87.667517, 41.747884], [-87.667564, 41.752388], [-87.673577, 41.752352], [-87.67353, 41.747849]]]}, "properties": {"sq": "888_9244", "crime_n": 93, "crime_night_n": 35, "nta": "Auburn Gresham", "boro": "Chicago"}}, {"type": "Feature", "geometry": {"type": "Polygon", "coordinates": [[[-87.673577, 41.752352], [-87.667564, 41.752388], [-87.66761, 41.756891], [-87.673625, 41.756856], [-87.673577, 41.752352]]]}, "properties": {"sq": "888_9245", "crime_n": 43, "crime_night_n": 11, "nta": "Auburn Gresham", "boro": "Chicago"}}, {"type": "Feature", "geometry": {"type": "Polygon", "coordinates": [[[-87.673625, 41.756856], [-87.66761, 41.756891], [-87.667657, 41.761394], [-87.673672, 41.761359], [-87.673625, 41.756856]]]}, "properties": {"sq": "888_9246", "crime_n": 49, "crime_night_n": 25, "nta": "West Englewood", "boro": "Chicago"}}, {"type": "Feature", "geometry": {"type": "Polygon", "coordinates": [[[-87.673672, 41.761359], [-87.667657, 41.761394], [-87.667704, 41.765897], [-87.673719, 41.765862], [-87.673672, 41.761359]]]}, "properties": {"sq": "888_9247", "crime_n": 61, "crime_night_n": 27, "nta": "West Englewood", "boro": "Chicago"}}, {"type": "Feature", "geometry": {"type": "Polygon", "coordinates": [[[-87.673719, 41.765862], [-87.667704, 41.765897], [-87.66775, 41.7704], [-87.673766, 41.770365], [-87.673719, 41.765862]]]}, "properties": {"sq": "888_9248", "crime_n": 51, "crime_night_n": 21, "nta": "West Englewood", "boro": "Chicago"}}, {"type": "Feature", "geometry": {"type": "Polygon", "coordinates": [[[-87.673766, 41.770365], [-87.66775, 41.7704], [-87.667797, 41.774904], [-87.673813, 41.774868], [-87.673766, 41.770365]]]}, "properties": {"sq": "888_9249", "crime_n": 37, "crime_night_n": 16, "nta": "West Englewood", "boro": "Chicago"}}, {"type": "Feature", "geometry": {"type": "Polygon", "coordinates": [[[-87.673813, 41.774868], [-87.667797, 41.774904], [-87.667844, 41.779407], [-87.67386, 41.779372], [-87.673813, 41.774868]]]}, "properties": {"sq": "888_9250", "crime_n": 70, "crime_night_n": 30, "nta": "West Englewood", "boro": "Chicago"}}, {"type": "Feature", "geometry": {"type": "Polygon", "coordinates": [[[-87.67386, 41.779372], [-87.667844, 41.779407], [-87.667891, 41.78391], [-87.673907, 41.783875], [-87.67386, 41.779372]]]}, "properties": {"sq": "888_9251", "crime_n": 35, "crime_night_n": 12, "nta": "West Englewood", "boro": "Chicago"}}, {"type": "Feature", "geometry": {"type": "Polygon", "coordinates": [[[-87.673907, 41.783875], [-87.667891, 41.78391], [-87.667937, 41.788413], [-87.673954, 41.788378], [-87.673907, 41.783875]]]}, "properties": {"sq": "888_9252", "crime_n": 32, "crime_night_n": 18, "nta": "West Englewood", "boro": "Chicago"}}, {"type": "Feature", "geometry": {"type": "Polygon", "coordinates": [[[-87.673954, 41.788378], [-87.667937, 41.788413], [-87.667984, 41.792916], [-87.674002, 41.792881], [-87.673954, 41.788378]]]}, "properties": {"sq": "888_9253", "crime_n": 43, "crime_night_n": 16, "nta": "West Englewood", "boro": "Chicago"}}, {"type": "Feature", "geometry": {"type": "Polygon", "coordinates": [[[-87.674002, 41.792881], [-87.667984, 41.792916], [-87.668031, 41.79742], [-87.674049, 41.797384], [-87.674002, 41.792881]]]}, "properties": {"sq": "888_9254", "crime_n": 89, "crime_night_n": 47, "nta": "New City", "boro": "Chicago"}}, {"type": "Feature", "geometry": {"type": "Polygon", "coordinates": [[[-87.674049, 41.797384], [-87.668031, 41.79742], [-87.668078, 41.801923], [-87.674096, 41.801888], [-87.674049, 41.797384]]]}, "properties": {"sq": "888_9255", "crime_n": 58, "crime_night_n": 32, "nta": "New City", "boro": "Chicago"}}, {"type": "Feature", "geometry": {"type": "Polygon", "coordinates": [[[-87.674096, 41.801888], [-87.668078, 41.801923], [-87.668124, 41.806426], [-87.674143, 41.806391], [-87.674096, 41.801888]]]}, "properties": {"sq": "888_9256", "crime_n": 99, "crime_night_n": 41, "nta": "New City", "boro": "Chicago"}}, {"type": "Feature", "geometry": {"type": "Polygon", "coordinates": [[[-87.674143, 41.806391], [-87.668124, 41.806426], [-87.668171, 41.810929], [-87.67419, 41.810894], [-87.674143, 41.806391]]]}, "properties": {"sq": "888_9257", "crime_n": 145, "crime_night_n": 61, "nta": "New City", "boro": "Chicago"}}, {"type": "Feature", "geometry": {"type": "Polygon", "coordinates": [[[-87.67419, 41.810894], [-87.668171, 41.810929], [-87.668218, 41.815432], [-87.674238, 41.815397], [-87.67419, 41.810894]]]}, "properties": {"sq": "888_9258", "crime_n": 113, "crime_night_n": 68, "nta": "New City", "boro": "Chicago"}}, {"type": "Feature", "geometry": {"type": "Polygon", "coordinates": [[[-87.674238, 41.815397], [-87.668218, 41.815432], [-87.668265, 41.819935], [-87.674285, 41.8199], [-87.674238, 41.815397]]]}, "properties": {"sq": "888_9259", "crime_n": 9, "crime_night_n": 0, "nta": "New City", "boro": "Chicago"}}, {"type": "Feature", "geometry": {"type": "Polygon", "coordinates": [[[-87.674285, 41.8199], [-87.668265, 41.819935], [-87.668312, 41.824439], [-87.674332, 41.824403], [-87.674285, 41.8199]]]}, "properties": {"sq": "888_9260", "crime_n": 11, "crime_night_n": 0, "nta": "New City", "boro": "Chicago"}}, {"type": "Feature", "geometry": {"type": "Polygon", "coordinates": [[[-87.674332, 41.824403], [-87.668312, 41.824439], [-87.668359, 41.828942], [-87.674379, 41.828907], [-87.674332, 41.824403]]]}, "properties": {"sq": "888_9261", "crime_n": 31, "crime_night_n": 17, "nta": "McKinley Park", "boro": "Chicago"}}, {"type": "Feature", "geometry": {"type": "Polygon", "coordinates": [[[-87.674379, 41.828907], [-87.668359, 41.828942], [-87.668405, 41.833445], [-87.674427, 41.83341], [-87.674379, 41.828907]]]}, "properties": {"sq": "888_9262", "crime_n": 22, "crime_night_n": 11, "nta": "McKinley Park", "boro": "Chicago"}}, {"type": "Feature", "geometry": {"type": "Polygon", "coordinates": [[[-87.674427, 41.83341], [-87.668405, 41.833445], [-87.668452, 41.837948], [-87.674474, 41.837913], [-87.674427, 41.83341]]]}, "properties": {"sq": "888_9263", "crime_n": 21, "crime_night_n": 8, "nta": "McKinley Park", "boro": "Chicago"}}, {"type": "Feature", "geometry": {"type": "Polygon", "coordinates": [[[-87.674474, 41.837913], [-87.668452, 41.837948], [-87.668499, 41.842451], [-87.674521, 41.842416], [-87.674474, 41.837913]]]}, "properties": {"sq": "888_9264", "crime_n": 2, "crime_night_n": 2, "nta": "Lower West Side", "boro": "Chicago"}}, {"type": "Feature", "geometry": {"type": "Polygon", "coordinates": [[[-87.674521, 41.842416], [-87.668499, 41.842451], [-87.668546, 41.846954], [-87.674569, 41.846919], [-87.674521, 41.842416]]]}, "properties": {"sq": "888_9265", "crime_n": 0, "crime_night_n": 0, "nta": "Lower West Side", "boro": "Chicago"}}, {"type": "Feature", "geometry": {"type": "Polygon", "coordinates": [[[-87.674569, 41.846919], [-87.668546, 41.846954], [-87.668593, 41.851458], [-87.674616, 41.851422], [-87.674569, 41.846919]]]}, "properties": {"sq": "888_9266", "crime_n": 20, "crime_night_n": 8, "nta": "Lower West Side", "boro": "Chicago"}}, {"type": "Feature", "geometry": {"type": "Polygon", "coordinates": [[[-87.674616, 41.851422], [-87.668593, 41.851458], [-87.66864, 41.855961], [-87.674663, 41.855925], [-87.674616, 41.851422]]]}, "properties": {"sq": "888_9267", "crime_n": 88, "crime_night_n": 41, "nta": "Lower West Side", "boro": "Chicago"}}, {"type": "Feature", "geometry": {"type": "Polygon", "coordinates": [[[-87.674663, 41.855925], [-87.66864, 41.855961], [-87.668687, 41.860464], [-87.67471, 41.860429], [-87.674663, 41.855925]]]}, "properties": {"sq": "888_9268", "crime_n": 67, "crime_night_n": 28, "nta": "Lower West Side", "boro": "Chicago"}}, {"type": "Feature", "geometry": {"type": "Polygon", "coordinates": [[[-87.67471, 41.860429], [-87.668687, 41.860464], [-87.668734, 41.864967], [-87.674758, 41.864932], [-87.67471, 41.860429]]]}, "properties": {"sq": "888_9269", "crime_n": 4, "crime_night_n": 3, "nta": "Near West Side", "boro": "Chicago"}}, {"type": "Feature", "geometry": {"type": "Polygon", "coordinates": [[[-87.674758, 41.864932], [-87.668734, 41.864967], [-87.668781, 41.86947], [-87.674805, 41.869435], [-87.674758, 41.864932]]]}, "properties": {"sq": "888_9270", "crime_n": 26, "crime_night_n": 5, "nta": "Near West Side", "boro": "Chicago"}}, {"type": "Feature", "geometry": {"type": "Polygon", "coordinates": [[[-87.674805, 41.869435], [-87.668781, 41.86947], [-87.668827, 41.873973], [-87.674853, 41.873938], [-87.674805, 41.869435]]]}, "properties": {"sq": "888_9271", "crime_n": 10, "crime_night_n": 3, "nta": "Near West Side", "boro": "Chicago"}}, {"type": "Feature", "geometry": {"type": "Polygon", "coordinates": [[[-87.674853, 41.873938], [-87.668827, 41.873973], [-87.668874, 41.878476], [-87.6749, 41.878441], [-87.674853, 41.873938]]]}, "properties": {"sq": "888_9272", "crime_n": 36, "crime_night_n": 11, "nta": "Near West Side", "boro": "Chicago"}}, {"type": "Feature", "geometry": {"type": "Polygon", "coordinates": [[[-87.6749, 41.878441], [-87.668874, 41.878476], [-87.668921, 41.882979], [-87.674947, 41.882944], [-87.6749, 41.878441]]]}, "properties": {"sq": "888_9273", "crime_n": 71, "crime_night_n": 40, "nta": "Near West Side", "boro": "Chicago"}}, {"type": "Feature", "geometry": {"type": "Polygon", "coordinates": [[[-87.674947, 41.882944], [-87.668921, 41.882979], [-87.668968, 41.887483], [-87.674995, 41.887447], [-87.674947, 41.882944]]]}, "properties": {"sq": "888_9274", "crime_n": 67, "crime_night_n": 22, "nta": "Near West Side", "boro": "Chicago"}}, {"type": "Feature", "geometry": {"type": "Polygon", "coordinates": [[[-87.674995, 41.887447], [-87.668968, 41.887483], [-87.669015, 41.891986], [-87.675042, 41.89195], [-87.674995, 41.887447]]]}, "properties": {"sq": "888_9275", "crime_n": 23, "crime_night_n": 10, "nta": "West Town", "boro": "Chicago"}}, {"type": "Feature", "geometry": {"type": "Polygon", "coordinates": [[[-87.675042, 41.89195], [-87.669015, 41.891986], [-87.669062, 41.896489], [-87.67509, 41.896454], [-87.675042, 41.89195]]]}, "properties": {"sq": "888_9276", "crime_n": 40, "crime_night_n": 23, "nta": "West Town", "boro": "Chicago"}}, {"type": "Feature", "geometry": {"type": "Polygon", "coordinates": [[[-87.67509, 41.896454], [-87.669062, 41.896489], [-87.669109, 41.900992], [-87.675137, 41.900957], [-87.67509, 41.896454]]]}, "properties": {"sq": "888_9277", "crime_n": 38, "crime_night_n": 10, "nta": "West Town", "boro": "Chicago"}}, {"type": "Feature", "geometry": {"type": "Polygon", "coordinates": [[[-87.675137, 41.900957], [-87.669109, 41.900992], [-87.669156, 41.905495], [-87.675184, 41.90546], [-87.675137, 41.900957]]]}, "properties": {"sq": "888_9278", "crime_n": 61, "crime_night_n": 27, "nta": "West Town", "boro": "Chicago"}}, {"type": "Feature", "geometry": {"type": "Polygon", "coordinates": [[[-87.675184, 41.90546], [-87.669156, 41.905495], [-87.669203, 41.909998], [-87.675232, 41.909963], [-87.675184, 41.90546]]]}, "properties": {"sq": "888_9279", "crime_n": 87, "crime_night_n": 41, "nta": "West Town", "boro": "Chicago"}}, {"type": "Feature", "geometry": {"type": "Polygon", "coordinates": [[[-87.675232, 41.909963], [-87.669203, 41.909998], [-87.66925, 41.914501], [-87.675279, 41.914466], [-87.675232, 41.909963]]]}, "properties": {"sq": "888_9280", "crime_n": 40, "crime_night_n": 19, "nta": "West Town", "boro": "Chicago"}}, {"type": "Feature", "geometry": {"type": "Polygon", "coordinates": [[[-87.675279, 41.914466], [-87.66925, 41.914501], [-87.669297, 41.919004], [-87.675327, 41.918969], [-87.675279, 41.914466]]]}, "properties": {"sq": "888_9281", "crime_n": 27, "crime_night_n": 10, "nta": "Logan Square", "boro": "Chicago"}}, {"type": "Feature", "geometry": {"type": "Polygon", "coordinates": [[[-87.675327, 41.918969], [-87.669297, 41.919004], [-87.669345, 41.923507], [-87.675374, 41.923472], [-87.675327, 41.918969]]]}, "properties": {"sq": "888_9282", "crime_n": 10, "crime_night_n": 6, "nta": "Logan Square", "boro": "Chicago"}}, {"type": "Feature", "geometry": {"type": "Polygon", "coordinates": [[[-87.675374, 41.923472], [-87.669345, 41.923507], [-87.669392, 41.92801], [-87.675422, 41.927975], [-87.675374, 41.923472]]]}, "properties": {"sq": "888_9283", "crime_n": 18, "crime_night_n": 4, "nta": "Lincoln Park", "boro": "Chicago"}}, {"type": "Feature", "geometry": {"type": "Polygon", "coordinates": [[[-87.675422, 41.927975], [-87.669392, 41.92801], [-87.669439, 41.932514], [-87.675469, 41.932478], [-87.675422, 41.927975]]]}, "properties": {"sq": "888_9284", "crime_n": 19, "crime_night_n": 5, "nta": "Lincoln Park", "boro": "Chicago"}}, {"type": "Feature", "geometry": {"type": "Polygon", "coordinates": [[[-87.675469, 41.932478], [-87.669439, 41.932514], [-87.669486, 41.937017], [-87.675517, 41.936981], [-87.675469, 41.932478]]]}, "properties": {"sq": "888_9285", "crime_n": 10, "crime_night_n": 5, "nta": "Lake View", "boro": "Chicago"}}, {"type": "Feature", "geometry": {"type": "Polygon", "coordinates": [[[-87.675517, 41.936981], [-87.669486, 41.937017], [-87.669533, 41.94152], [-87.675564, 41.941484], [-87.675517, 41.936981]]]}, "properties": {"sq": "888_9286", "crime_n": 17, "crime_night_n": 8, "nta": "Lake View", "boro": "Chicago"}}, {"type": "Feature", "geometry": {"type": "Polygon", "coordinates": [[[-87.675564, 41.941484], [-87.669533, 41.94152], [-87.66958, 41.946023], [-87.675612, 41.945987], [-87.675564, 41.941484]]]}, "properties": {"sq": "888_9287", "crime_n": 27, "crime_night_n": 8, "nta": "Lake View", "boro": "Chicago"}}, {"type": "Feature", "geometry": {"type": "Polygon", "coordinates": [[[-87.675612, 41.945987], [-87.66958, 41.946023], [-87.669627, 41.950526], [-87.675659, 41.950491], [-87.675612, 41.945987]]]}, "properties": {"sq": "888_9288", "crime_n": 15, "crime_night_n": 3, "nta": "Lake View", "boro": "Chicago"}}, {"type": "Feature", "geometry": {"type": "Polygon", "coordinates": [[[-87.675659, 41.950491], [-87.669627, 41.950526], [-87.669674, 41.955029], [-87.675707, 41.954994], [-87.675659, 41.950491]]]}, "properties": {"sq": "888_9289", "crime_n": 15, "crime_night_n": 8, "nta": "Lake View", "boro": "Chicago"}}, {"type": "Feature", "geometry": {"type": "Polygon", "coordinates": [[[-87.675707, 41.954994], [-87.669674, 41.955029], [-87.669721, 41.959532], [-87.675755, 41.959497], [-87.675707, 41.954994]]]}, "properties": {"sq": "888_9290", "crime_n": 4, "crime_night_n": 3, "nta": "North Center", "boro": "Chicago"}}, {"type": "Feature", "geometry": {"type": "Polygon", "coordinates": [[[-87.675755, 41.959497], [-87.669721, 41.959532], [-87.669769, 41.964035], [-87.675802, 41.964], [-87.675755, 41.959497]]]}, "properties": {"sq": "888_9291", "crime_n": 7, "crime_night_n": 4, "nta": "Uptown", "boro": "Chicago"}}, {"type": "Feature", "geometry": {"type": "Polygon", "coordinates": [[[-87.675802, 41.964], [-87.669769, 41.964035], [-87.669816, 41.968538], [-87.67585, 41.968503], [-87.675802, 41.964]]]}, "properties": {"sq": "888_9292", "crime_n": 6, "crime_night_n": 6, "nta": "Lincoln Square", "boro": "Chicago"}}, {"type": "Feature", "geometry": {"type": "Polygon", "coordinates": [[[-87.67585, 41.968503], [-87.669816, 41.968538], [-87.669863, 41.973041], [-87.675897, 41.973006], [-87.67585, 41.968503]]]}, "properties": {"sq": "888_9293", "crime_n": 17, "crime_night_n": 10, "nta": "Uptown", "boro": "Chicago"}}, {"type": "Feature", "geometry": {"type": "Polygon", "coordinates": [[[-87.675897, 41.973006], [-87.669863, 41.973041], [-87.66991, 41.977544], [-87.675945, 41.977509], [-87.675897, 41.973006]]]}, "properties": {"sq": "888_9294", "crime_n": 11, "crime_night_n": 3, "nta": "Uptown", "boro": "Chicago"}}, {"type": "Feature", "geometry": {"type": "Polygon", "coordinates": [[[-87.675945, 41.977509], [-87.66991, 41.977544], [-87.669957, 41.982047], [-87.675993, 41.982012], [-87.675945, 41.977509]]]}, "properties": {"sq": "888_9295", "crime_n": 6, "crime_night_n": 2, "nta": "Edgewater", "boro": "Chicago"}}, {"type": "Feature", "geometry": {"type": "Polygon", "coordinates": [[[-87.675993, 41.982012], [-87.669957, 41.982047], [-87.670005, 41.98655], [-87.67604, 41.986515], [-87.675993, 41.982012]]]}, "properties": {"sq": "888_9296", "crime_n": 6, "crime_night_n": 0, "nta": "Edgewater", "boro": "Chicago"}}, {"type": "Feature", "geometry": {"type": "Polygon", "coordinates": [[[-87.67604, 41.986515], [-87.670005, 41.98655], [-87.670052, 41.991053], [-87.676088, 41.991018], [-87.67604, 41.986515]]]}, "properties": {"sq": "888_9297", "crime_n": 25, "crime_night_n": 9, "nta": "Edgewater", "boro": "Chicago"}}, {"type": "Feature", "geometry": {"type": "Polygon", "coordinates": [[[-87.676088, 41.991018], [-87.670052, 41.991053], [-87.670099, 41.995556], [-87.676136, 41.995521], [-87.676088, 41.991018]]]}, "properties": {"sq": "888_9298", "crime_n": 22, "crime_night_n": 9, "nta": "Edgewater", "boro": "Chicago"}}, {"type": "Feature", "geometry": {"type": "Polygon", "coordinates": [[[-87.676136, 41.995521], [-87.670099, 41.995556], [-87.670146, 42.000059], [-87.676183, 42.000024], [-87.676136, 41.995521]]]}, "properties": {"sq": "888_9299", "crime_n": 46, "crime_night_n": 18, "nta": "Rogers Park", "boro": "Chicago"}}, {"type": "Feature", "geometry": {"type": "Polygon", "coordinates": [[[-87.676183, 42.000024], [-87.670146, 42.000059], [-87.670193, 42.004562], [-87.676231, 42.004527], [-87.676183, 42.000024]]]}, "properties": {"sq": "888_9300", "crime_n": 41, "crime_night_n": 18, "nta": "Rogers Park", "boro": "Chicago"}}, {"type": "Feature", "geometry": {"type": "Polygon", "coordinates": [[[-87.676231, 42.004527], [-87.670193, 42.004562], [-87.670241, 42.009065], [-87.676279, 42.00903], [-87.676231, 42.004527]]]}, "properties": {"sq": "888_9301", "crime_n": 56, "crime_night_n": 17, "nta": "Rogers Park", "boro": "Chicago"}}, {"type": "Feature", "geometry": {"type": "Polygon", "coordinates": [[[-87.676279, 42.00903], [-87.670241, 42.009065], [-87.670288, 42.013568], [-87.676326, 42.013533], [-87.676279, 42.00903]]]}, "properties": {"sq": "888_9302", "crime_n": 76, "crime_night_n": 26, "nta": "Rogers Park", "boro": "Chicago"}}, {"type": "Feature", "geometry": {"type": "Polygon", "coordinates": [[[-87.676326, 42.013533], [-87.670288, 42.013568], [-87.670335, 42.018071], [-87.676374, 42.018036], [-87.676326, 42.013533]]]}, "properties": {"sq": "888_9303", "crime_n": 69, "crime_night_n": 19, "nta": "Rogers Park", "boro": "Chicago"}}, {"type": "Feature", "geometry": {"type": "Polygon", "coordinates": [[[-87.676374, 42.018036], [-87.670335, 42.018071], [-87.670383, 42.022574], [-87.676422, 42.022539], [-87.676374, 42.018036]]]}, "properties": {"sq": "888_9304", "crime_n": 205, "crime_night_n": 72, "nta": "Rogers Park", "boro": "Chicago"}}, {"type": "Feature", "geometry": {"type": "Polygon", "coordinates": [[[-87.676422, 42.022539], [-87.670383, 42.022574], [-87.67043, 42.027077], [-87.676469, 42.027042], [-87.676422, 42.022539]]]}, "properties": {"sq": "888_9305", "crime_n": 0, "crime_night_n": 0, "nta": "Rogers Park", "boro": "Chicago"}}, {"type": "Feature", "geometry": {"type": "Polygon", "coordinates": [[[-87.666679, 41.666826], [-87.660673, 41.66686], [-87.660719, 41.671364], [-87.666726, 41.671329], [-87.666679, 41.666826]]]}, "properties": {"sq": "889_9226", "crime_n": 0, "crime_night_n": 0, "nta": "West Pullman", "boro": "Chicago"}}, {"type": "Feature", "geometry": {"type": "Polygon", "coordinates": [[[-87.666726, 41.671329], [-87.660719, 41.671364], [-87.660765, 41.675867], [-87.666772, 41.675832], [-87.666726, 41.671329]]]}, "properties": {"sq": "889_9227", "crime_n": 1, "crime_night_n": 1, "nta": "West Pullman", "boro": "Chicago"}}, {"type": "Feature", "geometry": {"type": "Polygon", "coordinates": [[[-87.666772, 41.675832], [-87.660765, 41.675867], [-87.660812, 41.68037], [-87.666819, 41.680336], [-87.666772, 41.675832]]]}, "properties": {"sq": "889_9228", "crime_n": 26, "crime_night_n": 8, "nta": "Morgan Park", "boro": "Chicago"}}, {"type": "Feature", "geometry": {"type": "Polygon", "coordinates": [[[-87.666819, 41.680336], [-87.660812, 41.68037], [-87.660858, 41.684874], [-87.666865, 41.684839], [-87.666819, 41.680336]]]}, "properties": {"sq": "889_9229", "crime_n": 28, "crime_night_n": 8, "nta": "Morgan Park", "boro": "Chicago"}}, {"type": "Feature", "geometry": {"type": "Polygon", "coordinates": [[[-87.666865, 41.684839], [-87.660858, 41.684874], [-87.660904, 41.689377], [-87.666912, 41.689342], [-87.666865, 41.684839]]]}, "properties": {"sq": "889_9230", "crime_n": 25, "crime_night_n": 10, "nta": "Morgan Park", "boro": "Chicago"}}, {"type": "Feature", "geometry": {"type": "Polygon", "coordinates": [[[-87.666912, 41.689342], [-87.660904, 41.689377], [-87.66095, 41.69388], [-87.666958, 41.693845], [-87.666912, 41.689342]]]}, "properties": {"sq": "889_9231", "crime_n": 51, "crime_night_n": 27, "nta": "Morgan Park", "boro": "Chicago"}}, {"type": "Feature", "geometry": {"type": "Polygon", "coordinates": [[[-87.666958, 41.693845], [-87.66095, 41.69388], [-87.660996, 41.698383], [-87.667005, 41.698349], [-87.666958, 41.693845]]]}, "properties": {"sq": "889_9232", "crime_n": 11, "crime_night_n": 5, "nta": "Morgan Park", "boro": "Chicago"}}, {"type": "Feature", "geometry": {"type": "Polygon", "coordinates": [[[-87.667005, 41.698349], [-87.660996, 41.698383], [-87.661042, 41.702887], [-87.667051, 41.702852], [-87.667005, 41.698349]]]}, "properties": {"sq": "889_9233", "crime_n": 7, "crime_night_n": 6, "nta": "Beverly", "boro": "Chicago"}}, {"type": "Feature", "geometry": {"type": "Polygon", "coordinates": [[[-87.667051, 41.702852], [-87.661042, 41.702887], [-87.661088, 41.70739], [-87.667098, 41.707355], [-87.667051, 41.702852]]]}, "properties": {"sq": "889_9234", "crime_n": 8, "crime_night_n": 3, "nta": "Beverly", "boro": "Chicago"}}, {"type": "Feature", "geometry": {"type": "Polygon", "coordinates": [[[-87.667098, 41.707355], [-87.661088, 41.70739], [-87.661134, 41.711893], [-87.667144, 41.711858], [-87.667098, 41.707355]]]}, "properties": {"sq": "889_9235", "crime_n": 2, "crime_night_n": 0, "nta": "Beverly", "boro": "Chicago"}}, {"type": "Feature", "geometry": {"type": "Polygon", "coordinates": [[[-87.667144, 41.711858], [-87.661134, 41.711893], [-87.66118, 41.716396], [-87.667191, 41.716362], [-87.667144, 41.711858]]]}, "properties": {"sq": "889_9236", "crime_n": 3, "crime_night_n": 0, "nta": "Beverly", "boro": "Chicago"}}, {"type": "Feature", "geometry": {"type": "Polygon", "coordinates": [[[-87.667191, 41.716362], [-87.66118, 41.716396], [-87.661227, 41.7209], [-87.667237, 41.720865], [-87.667191, 41.716362]]]}, "properties": {"sq": "889_9237", "crime_n": 9, "crime_night_n": 2, "nta": "Beverly", "boro": "Chicago"}}, {"type": "Feature", "geometry": {"type": "Polygon", "coordinates": [[[-87.667237, 41.720865], [-87.661227, 41.7209], [-87.661273, 41.725403], [-87.667284, 41.725368], [-87.667237, 41.720865]]]}, "properties": {"sq": "889_9238", "crime_n": 48, "crime_night_n": 9, "nta": "Washington Heights", "boro": "Chicago"}}, {"type": "Feature", "geometry": {"type": "Polygon", "coordinates": [[[-87.667284, 41.725368], [-87.661273, 41.725403], [-87.661319, 41.729906], [-87.667331, 41.729871], [-87.667284, 41.725368]]]}, "properties": {"sq": "889_9239", "crime_n": 41, "crime_night_n": 16, "nta": "Washington Heights", "boro": "Chicago"}}, {"type": "Feature", "geometry": {"type": "Polygon", "coordinates": [[[-87.667331, 41.729871], [-87.661319, 41.729906], [-87.661365, 41.734409], [-87.667377, 41.734375], [-87.667331, 41.729871]]]}, "properties": {"sq": "889_9240", "crime_n": 26, "crime_night_n": 13, "nta": "Washington Heights", "boro": "Chicago"}}, {"type": "Feature", "geometry": {"type": "Polygon", "coordinates": [[[-87.667377, 41.734375], [-87.661365, 41.734409], [-87.661411, 41.738913], [-87.667424, 41.738878], [-87.667377, 41.734375]]]}, "properties": {"sq": "889_9241", "crime_n": 53, "crime_night_n": 14, "nta": "Auburn Gresham", "boro": "Chicago"}}, {"type": "Feature", "geometry": {"type": "Polygon", "coordinates": [[[-87.667424, 41.738878], [-87.661411, 41.738913], [-87.661458, 41.743416], [-87.66747, 41.743381], [-87.667424, 41.738878]]]}, "properties": {"sq": "889_9242", "crime_n": 46, "crime_night_n": 19, "nta": "Auburn Gresham", "boro": "Chicago"}}, {"type": "Feature", "geometry": {"type": "Polygon", "coordinates": [[[-87.66747, 41.743381], [-87.661458, 41.743416], [-87.661504, 41.747919], [-87.667517, 41.747884], [-87.66747, 41.743381]]]}, "properties": {"sq": "889_9243", "crime_n": 90, "crime_night_n": 44, "nta": "Auburn Gresham", "boro": "Chicago"}}, {"type": "Feature", "geometry": {"type": "Polygon", "coordinates": [[[-87.667517, 41.747884], [-87.661504, 41.747919], [-87.66155, 41.752422], [-87.667564, 41.752388], [-87.667517, 41.747884]]]}, "properties": {"sq": "889_9244", "crime_n": 188, "crime_night_n": 76, "nta": "Auburn Gresham", "boro": "Chicago"}}, {"type": "Feature", "geometry": {"type": "Polygon", "coordinates": [[[-87.667564, 41.752388], [-87.66155, 41.752422], [-87.661596, 41.756926], [-87.66761, 41.756891], [-87.667564, 41.752388]]]}, "properties": {"sq": "889_9245", "crime_n": 86, "crime_night_n": 28, "nta": "Auburn Gresham", "boro": "Chicago"}}, {"type": "Feature", "geometry": {"type": "Polygon", "coordinates": [[[-87.66761, 41.756891], [-87.661596, 41.756926], [-87.661643, 41.761429], [-87.667657, 41.761394], [-87.66761, 41.756891]]]}, "properties": {"sq": "889_9246", "crime_n": 45, "crime_night_n": 12, "nta": "West Englewood", "boro": "Chicago"}}, {"type": "Feature", "geometry": {"type": "Polygon", "coordinates": [[[-87.667657, 41.761394], [-87.661643, 41.761429], [-87.661689, 41.765932], [-87.667704, 41.765897], [-87.667657, 41.761394]]]}, "properties": {"sq": "889_9247", "crime_n": 74, "crime_night_n": 35, "nta": "West Englewood", "boro": "Chicago"}}, {"type": "Feature", "geometry": {"type": "Polygon", "coordinates": [[[-87.667704, 41.765897], [-87.661689, 41.765932], [-87.661735, 41.770435], [-87.66775, 41.7704], [-87.667704, 41.765897]]]}, "properties": {"sq": "889_9248", "crime_n": 117, "crime_night_n": 51, "nta": "West Englewood", "boro": "Chicago"}}, {"type": "Feature", "geometry": {"type": "Polygon", "coordinates": [[[-87.66775, 41.7704], [-87.661735, 41.770435], [-87.661781, 41.774938], [-87.667797, 41.774904], [-87.66775, 41.7704]]]}, "properties": {"sq": "889_9249", "crime_n": 87, "crime_night_n": 37, "nta": "West Englewood", "boro": "Chicago"}}, {"type": "Feature", "geometry": {"type": "Polygon", "coordinates": [[[-87.667797, 41.774904], [-87.661781, 41.774938], [-87.661828, 41.779442], [-87.667844, 41.779407], [-87.667797, 41.774904]]]}, "properties": {"sq": "889_9250", "crime_n": 124, "crime_night_n": 43, "nta": "West Englewood", "boro": "Chicago"}}, {"type": "Feature", "geometry": {"type": "Polygon", "coordinates": [[[-87.667844, 41.779407], [-87.661828, 41.779442], [-87.661874, 41.783945], [-87.667891, 41.78391], [-87.667844, 41.779407]]]}, "properties": {"sq": "889_9251", "crime_n": 93, "crime_night_n": 38, "nta": "West Englewood", "boro": "Chicago"}}, {"type": "Feature", "geometry": {"type": "Polygon", "coordinates": [[[-87.667891, 41.78391], [-87.661874, 41.783945], [-87.66192, 41.788448], [-87.667937, 41.788413], [-87.667891, 41.78391]]]}, "properties": {"sq": "889_9252", "crime_n": 112, "crime_night_n": 48, "nta": "West Englewood", "boro": "Chicago"}}, {"type": "Feature", "geometry": {"type": "Polygon", "coordinates": [[[-87.667937, 41.788413], [-87.66192, 41.788448], [-87.661967, 41.792951], [-87.667984, 41.792916], [-87.667937, 41.788413]]]}, "properties": {"sq": "889_9253", "crime_n": 45, "crime_night_n": 16, "nta": "West Englewood", "boro": "Chicago"}}, {"type": "Feature", "geometry": {"type": "Polygon", "coordinates": [[[-87.667984, 41.792916], [-87.661967, 41.792951], [-87.662013, 41.797454], [-87.668031, 41.79742], [-87.667984, 41.792916]]]}, "properties": {"sq": "889_9254", "crime_n": 106, "crime_night_n": 49, "nta": "New City", "boro": "Chicago"}}, {"type": "Feature", "geometry": {"type": "Polygon", "coordinates": [[[-87.668031, 41.79742], [-87.662013, 41.797454], [-87.662059, 41.801958], [-87.668078, 41.801923], [-87.668031, 41.79742]]]}, "properties": {"sq": "889_9255", "crime_n": 90, "crime_night_n": 48, "nta": "New City", "boro": "Chicago"}}, {"type": "Feature", "geometry": {"type": "Polygon", "coordinates": [[[-87.668078, 41.801923], [-87.662059, 41.801958], [-87.662106, 41.806461], [-87.668124, 41.806426], [-87.668078, 41.801923]]]}, "properties": {"sq": "889_9256", "crime_n": 115, "crime_night_n": 47, "nta": "New City", "boro": "Chicago"}}, {"type": "Feature", "geometry": {"type": "Polygon", "coordinates": [[[-87.668124, 41.806426], [-87.662106, 41.806461], [-87.662152, 41.810964], [-87.668171, 41.810929], [-87.668124, 41.806426]]]}, "properties": {"sq": "889_9257", "crime_n": 175, "crime_night_n": 67, "nta": "New City", "boro": "Chicago"}}, {"type": "Feature", "geometry": {"type": "Polygon", "coordinates": [[[-87.668171, 41.810929], [-87.662152, 41.810964], [-87.662198, 41.815467], [-87.668218, 41.815432], [-87.668171, 41.810929]]]}, "properties": {"sq": "889_9258", "crime_n": 74, "crime_night_n": 32, "nta": "New City", "boro": "Chicago"}}, {"type": "Feature", "geometry": {"type": "Polygon", "coordinates": [[[-87.668218, 41.815432], [-87.662198, 41.815467], [-87.662245, 41.81997], [-87.668265, 41.819935], [-87.668218, 41.815432]]]}, "properties": {"sq": "889_9259", "crime_n": 38, "crime_night_n": 10, "nta": "New City", "boro": "Chicago"}}, {"type": "Feature", "geometry": {"type": "Polygon", "coordinates": [[[-87.668265, 41.819935], [-87.662245, 41.81997], [-87.662291, 41.824474], [-87.668312, 41.824439], [-87.668265, 41.819935]]]}, "properties": {"sq": "889_9260", "crime_n": 9, "crime_night_n": 3, "nta": "New City", "boro": "Chicago"}}, {"type": "Feature", "geometry": {"type": "Polygon", "coordinates": [[[-87.668312, 41.824439], [-87.662291, 41.824474], [-87.662338, 41.828977], [-87.668359, 41.828942], [-87.668312, 41.824439]]]}, "properties": {"sq": "889_9261", "crime_n": 17, "crime_night_n": 5, "nta": "McKinley Park", "boro": "Chicago"}}, {"type": "Feature", "geometry": {"type": "Polygon", "coordinates": [[[-87.668359, 41.828942], [-87.662338, 41.828977], [-87.662384, 41.83348], [-87.668405, 41.833445], [-87.668359, 41.828942]]]}, "properties": {"sq": "889_9262", "crime_n": 26, "crime_night_n": 8, "nta": "McKinley Park", "boro": "Chicago"}}, {"type": "Feature", "geometry": {"type": "Polygon", "coordinates": [[[-87.668405, 41.833445], [-87.662384, 41.83348], [-87.662431, 41.837983], [-87.668452, 41.837948], [-87.668405, 41.833445]]]}, "properties": {"sq": "889_9263", "crime_n": 49, "crime_night_n": 22, "nta": "McKinley Park", "boro": "Chicago"}}, {"type": "Feature", "geometry": {"type": "Polygon", "coordinates": [[[-87.668452, 41.837948], [-87.662431, 41.837983], [-87.662477, 41.842486], [-87.668499, 41.842451], [-87.668452, 41.837948]]]}, "properties": {"sq": "889_9264", "crime_n": 15, "crime_night_n": 7, "nta": "Lower West Side", "boro": "Chicago"}}, {"type": "Feature", "geometry": {"type": "Polygon", "coordinates": [[[-87.668499, 41.842451], [-87.662477, 41.842486], [-87.662523, 41.846989], [-87.668546, 41.846954], [-87.668499, 41.842451]]]}, "properties": {"sq": "889_9265", "crime_n": 1, "crime_night_n": 1, "nta": "Lower West Side", "boro": "Chicago"}}, {"type": "Feature", "geometry": {"type": "Polygon", "coordinates": [[[-87.668546, 41.846954], [-87.662523, 41.846989], [-87.66257, 41.851492], [-87.668593, 41.851458], [-87.668546, 41.846954]]]}, "properties": {"sq": "889_9266", "crime_n": 3, "crime_night_n": 1, "nta": "Lower West Side", "boro": "Chicago"}}, {"type": "Feature", "geometry": {"type": "Polygon", "coordinates": [[[-87.668593, 41.851458], [-87.66257, 41.851492], [-87.662616, 41.855996], [-87.66864, 41.855961], [-87.668593, 41.851458]]]}, "properties": {"sq": "889_9267", "crime_n": 72, "crime_night_n": 28, "nta": "Lower West Side", "boro": "Chicago"}}, {"type": "Feature", "geometry": {"type": "Polygon", "coordinates": [[[-87.66864, 41.855961], [-87.662616, 41.855996], [-87.662663, 41.860499], [-87.668687, 41.860464], [-87.66864, 41.855961]]]}, "properties": {"sq": "889_9268", "crime_n": 94, "crime_night_n": 46, "nta": "Lower West Side", "boro": "Chicago"}}, {"type": "Feature", "geometry": {"type": "Polygon", "coordinates": [[[-87.668687, 41.860464], [-87.662663, 41.860499], [-87.662709, 41.865002], [-87.668734, 41.864967], [-87.668687, 41.860464]]]}, "properties": {"sq": "889_9269", "crime_n": 26, "crime_night_n": 4, "nta": "Near West Side", "boro": "Chicago"}}, {"type": "Feature", "geometry": {"type": "Polygon", "coordinates": [[[-87.668734, 41.864967], [-87.662709, 41.865002], [-87.662756, 41.869505], [-87.668781, 41.86947], [-87.668734, 41.864967]]]}, "properties": {"sq": "889_9270", "crime_n": 105, "crime_night_n": 40, "nta": "Near West Side", "boro": "Chicago"}}, {"type": "Feature", "geometry": {"type": "Polygon", "coordinates": [[[-87.668781, 41.86947], [-87.662756, 41.869505], [-87.662802, 41.874008], [-87.668827, 41.873973], [-87.668781, 41.86947]]]}, "properties": {"sq": "889_9271", "crime_n": 16, "crime_night_n": 8, "nta": "Near West Side", "boro": "Chicago"}}, {"type": "Feature", "geometry": {"type": "Polygon", "coordinates": [[[-87.668827, 41.873973], [-87.662802, 41.874008], [-87.662849, 41.878511], [-87.668874, 41.878476], [-87.668827, 41.873973]]]}, "properties": {"sq": "889_9272", "crime_n": 34, "crime_night_n": 13, "nta": "Near West Side", "boro": "Chicago"}}, {"type": "Feature", "geometry": {"type": "Polygon", "coordinates": [[[-87.668874, 41.878476], [-87.662849, 41.878511], [-87.662895, 41.883014], [-87.668921, 41.882979], [-87.668874, 41.878476]]]}, "properties": {"sq": "889_9273", "crime_n": 74, "crime_night_n": 27, "nta": "Near West Side", "boro": "Chicago"}}, {"type": "Feature", "geometry": {"type": "Polygon", "coordinates": [[[-87.668921, 41.882979], [-87.662895, 41.883014], [-87.662942, 41.887518], [-87.668968, 41.887483], [-87.668921, 41.882979]]]}, "properties": {"sq": "889_9274", "crime_n": 125, "crime_night_n": 84, "nta": "Near West Side", "boro": "Chicago"}}, {"type": "Feature", "geometry": {"type": "Polygon", "coordinates": [[[-87.668968, 41.887483], [-87.662942, 41.887518], [-87.662989, 41.892021], [-87.669015, 41.891986], [-87.668968, 41.887483]]]}, "properties": {"sq": "889_9275", "crime_n": 23, "crime_night_n": 10, "nta": "Near West Side", "boro": "Chicago"}}, {"type": "Feature", "geometry": {"type": "Polygon", "coordinates": [[[-87.669015, 41.891986], [-87.662989, 41.892021], [-87.663035, 41.896524], [-87.669062, 41.896489], [-87.669015, 41.891986]]]}, "properties": {"sq": "889_9276", "crime_n": 61, "crime_night_n": 25, "nta": "West Town", "boro": "Chicago"}}, {"type": "Feature", "geometry": {"type": "Polygon", "coordinates": [[[-87.669062, 41.896489], [-87.663035, 41.896524], [-87.663082, 41.901027], [-87.669109, 41.900992], [-87.669062, 41.896489]]]}, "properties": {"sq": "889_9277", "crime_n": 39, "crime_night_n": 16, "nta": "West Town", "boro": "Chicago"}}, {"type": "Feature", "geometry": {"type": "Polygon", "coordinates": [[[-87.669109, 41.900992], [-87.663082, 41.901027], [-87.663128, 41.90553], [-87.669156, 41.905495], [-87.669109, 41.900992]]]}, "properties": {"sq": "889_9278", "crime_n": 110, "crime_night_n": 53, "nta": "West Town", "boro": "Chicago"}}, {"type": "Feature", "geometry": {"type": "Polygon", "coordinates": [[[-87.669156, 41.905495], [-87.663128, 41.90553], [-87.663175, 41.910033], [-87.669203, 41.909998], [-87.669156, 41.905495]]]}, "properties": {"sq": "889_9279", "crime_n": 39, "crime_night_n": 15, "nta": "West Town", "boro": "Chicago"}}, {"type": "Feature", "geometry": {"type": "Polygon", "coordinates": [[[-87.669203, 41.909998], [-87.663175, 41.910033], [-87.663222, 41.914536], [-87.66925, 41.914501], [-87.669203, 41.909998]]]}, "properties": {"sq": "889_9280", "crime_n": 32, "crime_night_n": 15, "nta": "West Town", "boro": "Chicago"}}, {"type": "Feature", "geometry": {"type": "Polygon", "coordinates": [[[-87.66925, 41.914501], [-87.663222, 41.914536], [-87.663268, 41.919039], [-87.669297, 41.919004], [-87.66925, 41.914501]]]}, "properties": {"sq": "889_9281", "crime_n": 9, "crime_night_n": 5, "nta": "Logan Square", "boro": "Chicago"}}, {"type": "Feature", "geometry": {"type": "Polygon", "coordinates": [[[-87.669297, 41.919004], [-87.663268, 41.919039], [-87.663315, 41.923542], [-87.669345, 41.923507], [-87.669297, 41.919004]]]}, "properties": {"sq": "889_9282", "crime_n": 16, "crime_night_n": 9, "nta": "Lincoln Park", "boro": "Chicago"}}, {"type": "Feature", "geometry": {"type": "Polygon", "coordinates": [[[-87.669345, 41.923507], [-87.663315, 41.923542], [-87.663361, 41.928045], [-87.669392, 41.92801], [-87.669345, 41.923507]]]}, "properties": {"sq": "889_9283", "crime_n": 41, "crime_night_n": 18, "nta": "Lincoln Park", "boro": "Chicago"}}, {"type": "Feature", "geometry": {"type": "Polygon", "coordinates": [[[-87.669392, 41.92801], [-87.663361, 41.928045], [-87.663408, 41.932549], [-87.669439, 41.932514], [-87.669392, 41.92801]]]}, "properties": {"sq": "889_9284", "crime_n": 14, "crime_night_n": 5, "nta": "Lincoln Park", "boro": "Chicago"}}, {"type": "Feature", "geometry": {"type": "Polygon", "coordinates": [[[-87.669439, 41.932514], [-87.663408, 41.932549], [-87.663455, 41.937052], [-87.669486, 41.937017], [-87.669439, 41.932514]]]}, "properties": {"sq": "889_9285", "crime_n": 16, "crime_night_n": 7, "nta": "Lake View", "boro": "Chicago"}}, {"type": "Feature", "geometry": {"type": "Polygon", "coordinates": [[[-87.669486, 41.937017], [-87.663455, 41.937052], [-87.663501, 41.941555], [-87.669533, 41.94152], [-87.669486, 41.937017]]]}, "properties": {"sq": "889_9286", "crime_n": 25, "crime_night_n": 11, "nta": "Lake View", "boro": "Chicago"}}, {"type": "Feature", "geometry": {"type": "Polygon", "coordinates": [[[-87.669533, 41.94152], [-87.663501, 41.941555], [-87.663548, 41.946058], [-87.66958, 41.946023], [-87.669533, 41.94152]]]}, "properties": {"sq": "889_9287", "crime_n": 22, "crime_night_n": 9, "nta": "Lake View", "boro": "Chicago"}}, {"type": "Feature", "geometry": {"type": "Polygon", "coordinates": [[[-87.66958, 41.946023], [-87.663548, 41.946058], [-87.663595, 41.950561], [-87.669627, 41.950526], [-87.66958, 41.946023]]]}, "properties": {"sq": "889_9288", "crime_n": 25, "crime_night_n": 7, "nta": "Lake View", "boro": "Chicago"}}, {"type": "Feature", "geometry": {"type": "Polygon", "coordinates": [[[-87.669627, 41.950526], [-87.663595, 41.950561], [-87.663642, 41.955064], [-87.669674, 41.955029], [-87.669627, 41.950526]]]}, "properties": {"sq": "889_9289", "crime_n": 36, "crime_night_n": 11, "nta": "Lake View", "boro": "Chicago"}}, {"type": "Feature", "geometry": {"type": "Polygon", "coordinates": [[[-87.669674, 41.955029], [-87.663642, 41.955064], [-87.663688, 41.959567], [-87.669721, 41.959532], [-87.669674, 41.955029]]]}, "properties": {"sq": "889_9290", "crime_n": 13, "crime_night_n": 6, "nta": "Lake View", "boro": "Chicago"}}, {"type": "Feature", "geometry": {"type": "Polygon", "coordinates": [[[-87.669721, 41.959532], [-87.663688, 41.959567], [-87.663735, 41.96407], [-87.669769, 41.964035], [-87.669721, 41.959532]]]}, "properties": {"sq": "889_9291", "crime_n": 38, "crime_night_n": 14, "nta": "Uptown", "boro": "Chicago"}}, {"type": "Feature", "geometry": {"type": "Polygon", "coordinates": [[[-87.669769, 41.964035], [-87.663735, 41.96407], [-87.663782, 41.968573], [-87.669816, 41.968538], [-87.669769, 41.964035]]]}, "properties": {"sq": "889_9292", "crime_n": 33, "crime_night_n": 5, "nta": "Uptown", "boro": "Chicago"}}, {"type": "Feature", "geometry": {"type": "Polygon", "coordinates": [[[-87.669816, 41.968538], [-87.663782, 41.968573], [-87.663829, 41.973076], [-87.669863, 41.973041], [-87.669816, 41.968538]]]}, "properties": {"sq": "889_9293", "crime_n": 21, "crime_night_n": 8, "nta": "Uptown", "boro": "Chicago"}}, {"type": "Feature", "geometry": {"type": "Polygon", "coordinates": [[[-87.669863, 41.973041], [-87.663829, 41.973076], [-87.663875, 41.977579], [-87.66991, 41.977544], [-87.669863, 41.973041]]]}, "properties": {"sq": "889_9294", "crime_n": 30, "crime_night_n": 7, "nta": "Uptown", "boro": "Chicago"}}, {"type": "Feature", "geometry": {"type": "Polygon", "coordinates": [[[-87.66991, 41.977544], [-87.663875, 41.977579], [-87.663922, 41.982082], [-87.669957, 41.982047], [-87.66991, 41.977544]]]}, "properties": {"sq": "889_9295", "crime_n": 40, "crime_night_n": 9, "nta": "Edgewater", "boro": "Chicago"}}, {"type": "Feature", "geometry": {"type": "Polygon", "coordinates": [[[-87.669957, 41.982047], [-87.663922, 41.982082], [-87.663969, 41.986585], [-87.670005, 41.98655], [-87.669957, 41.982047]]]}, "properties": {"sq": "889_9296", "crime_n": 34, "crime_night_n": 15, "nta": "Edgewater", "boro": "Chicago"}}, {"type": "Feature", "geometry": {"type": "Polygon", "coordinates": [[[-87.670005, 41.98655], [-87.663969, 41.986585], [-87.664016, 41.991088], [-87.670052, 41.991053], [-87.670005, 41.98655]]]}, "properties": {"sq": "889_9297", "crime_n": 36, "crime_night_n": 5, "nta": "Edgewater", "boro": "Chicago"}}, {"type": "Feature", "geometry": {"type": "Polygon", "coordinates": [[[-87.670052, 41.991053], [-87.664016, 41.991088], [-87.664062, 41.995591], [-87.670099, 41.995556], [-87.670052, 41.991053]]]}, "properties": {"sq": "889_9298", "crime_n": 14, "crime_night_n": 4, "nta": "Edgewater", "boro": "Chicago"}}, {"type": "Feature", "geometry": {"type": "Polygon", "coordinates": [[[-87.670099, 41.995556], [-87.664062, 41.995591], [-87.664109, 42.000094], [-87.670146, 42.000059], [-87.670099, 41.995556]]]}, "properties": {"sq": "889_9299", "crime_n": 40, "crime_night_n": 12, "nta": "Rogers Park", "boro": "Chicago"}}, {"type": "Feature", "geometry": {"type": "Polygon", "coordinates": [[[-87.670146, 42.000059], [-87.664109, 42.000094], [-87.664156, 42.004597], [-87.670193, 42.004562], [-87.670146, 42.000059]]]}, "properties": {"sq": "889_9300", "crime_n": 39, "crime_night_n": 14, "nta": "Rogers Park", "boro": "Chicago"}}, {"type": "Feature", "geometry": {"type": "Polygon", "coordinates": [[[-87.670193, 42.004562], [-87.664156, 42.004597], [-87.664203, 42.0091], [-87.670241, 42.009065], [-87.670193, 42.004562]]]}, "properties": {"sq": "889_9301", "crime_n": 119, "crime_night_n": 41, "nta": "Rogers Park", "boro": "Chicago"}}, {"type": "Feature", "geometry": {"type": "Polygon", "coordinates": [[[-87.670241, 42.009065], [-87.664203, 42.0091], [-87.66425, 42.013604], [-87.670288, 42.013568], [-87.670241, 42.009065]]]}, "properties": {"sq": "889_9302", "crime_n": 41, "crime_night_n": 9, "nta": "Rogers Park", "boro": "Chicago"}}, {"type": "Feature", "geometry": {"type": "Polygon", "coordinates": [[[-87.670288, 42.013568], [-87.66425, 42.013604], [-87.664297, 42.018107], [-87.670335, 42.018071], [-87.670288, 42.013568]]]}, "properties": {"sq": "889_9303", "crime_n": 32, "crime_night_n": 11, "nta": "Rogers Park", "boro": "Chicago"}}, {"type": "Feature", "geometry": {"type": "Polygon", "coordinates": [[[-87.670335, 42.018071], [-87.664297, 42.018107], [-87.664344, 42.02261], [-87.670383, 42.022574], [-87.670335, 42.018071]]]}, "properties": {"sq": "889_9304", "crime_n": 48, "crime_night_n": 15, "nta": "Rogers Park", "boro": "Chicago"}}, {"type": "Feature", "geometry": {"type": "Polygon", "coordinates": [[[-87.670383, 42.022574], [-87.664344, 42.02261], [-87.66439, 42.027113], [-87.67043, 42.027077], [-87.670383, 42.022574]]]}, "properties": {"sq": "889_9305", "crime_n": 0, "crime_night_n": 0, "nta": "Rogers Park", "boro": "Chicago"}}, {"type": "Feature", "geometry": {"type": "Polygon", "coordinates": [[[-87.660673, 41.66686], [-87.654668, 41.666895], [-87.654713, 41.671398], [-87.660719, 41.671364], [-87.660673, 41.66686]]]}, "properties": {"sq": "890_9226", "crime_n": 1, "crime_night_n": 1, "nta": "West Pullman", "boro": "Chicago"}}, {"type": "Feature", "geometry": {"type": "Polygon", "coordinates": [[[-87.660719, 41.671364], [-87.654713, 41.671398], [-87.654759, 41.675901], [-87.660765, 41.675867], [-87.660719, 41.671364]]]}, "properties": {"sq": "890_9227", "crime_n": 9, "crime_night_n": 3, "nta": "West Pullman", "boro": "Chicago"}}, {"type": "Feature", "geometry": {"type": "Polygon", "coordinates": [[[-87.660765, 41.675867], [-87.654759, 41.675901], [-87.654805, 41.680405], [-87.660812, 41.68037], [-87.660765, 41.675867]]]}, "properties": {"sq": "890_9228", "crime_n": 16, "crime_night_n": 10, "nta": "West Pullman", "boro": "Chicago"}}, {"type": "Feature", "geometry": {"type": "Polygon", "coordinates": [[[-87.660812, 41.68037], [-87.654805, 41.680405], [-87.65485, 41.684908], [-87.660858, 41.684874], [-87.660812, 41.68037]]]}, "properties": {"sq": "890_9229", "crime_n": 37, "crime_night_n": 16, "nta": "West Pullman", "boro": "Chicago"}}, {"type": "Feature", "geometry": {"type": "Polygon", "coordinates": [[[-87.660858, 41.684874], [-87.65485, 41.684908], [-87.654896, 41.689411], [-87.660904, 41.689377], [-87.660858, 41.684874]]]}, "properties": {"sq": "890_9230", "crime_n": 31, "crime_night_n": 5, "nta": "Morgan Park", "boro": "Chicago"}}, {"type": "Feature", "geometry": {"type": "Polygon", "coordinates": [[[-87.660904, 41.689377], [-87.654896, 41.689411], [-87.654942, 41.693914], [-87.66095, 41.69388], [-87.660904, 41.689377]]]}, "properties": {"sq": "890_9231", "crime_n": 27, "crime_night_n": 9, "nta": "Morgan Park", "boro": "Chicago"}}, {"type": "Feature", "geometry": {"type": "Polygon", "coordinates": [[[-87.66095, 41.69388], [-87.654942, 41.693914], [-87.654987, 41.698418], [-87.660996, 41.698383], [-87.66095, 41.69388]]]}, "properties": {"sq": "890_9232", "crime_n": 16, "crime_night_n": 5, "nta": "Morgan Park", "boro": "Chicago"}}, {"type": "Feature", "geometry": {"type": "Polygon", "coordinates": [[[-87.660996, 41.698383], [-87.654987, 41.698418], [-87.655033, 41.702921], [-87.661042, 41.702887], [-87.660996, 41.698383]]]}, "properties": {"sq": "890_9233", "crime_n": 13, "crime_night_n": 5, "nta": "Washington Heights", "boro": "Chicago"}}, {"type": "Feature", "geometry": {"type": "Polygon", "coordinates": [[[-87.661042, 41.702887], [-87.655033, 41.702921], [-87.655079, 41.707424], [-87.661088, 41.70739], [-87.661042, 41.702887]]]}, "properties": {"sq": "890_9234", "crime_n": 8, "crime_night_n": 3, "nta": "Beverly", "boro": "Chicago"}}, {"type": "Feature", "geometry": {"type": "Polygon", "coordinates": [[[-87.661088, 41.70739], [-87.655079, 41.707424], [-87.655124, 41.711928], [-87.661134, 41.711893], [-87.661088, 41.70739]]]}, "properties": {"sq": "890_9235", "crime_n": 7, "crime_night_n": 3, "nta": "Beverly", "boro": "Chicago"}}, {"type": "Feature", "geometry": {"type": "Polygon", "coordinates": [[[-87.661134, 41.711893], [-87.655124, 41.711928], [-87.65517, 41.716431], [-87.66118, 41.716396], [-87.661134, 41.711893]]]}, "properties": {"sq": "890_9236", "crime_n": 13, "crime_night_n": 3, "nta": "Washington Heights", "boro": "Chicago"}}, {"type": "Feature", "geometry": {"type": "Polygon", "coordinates": [[[-87.66118, 41.716396], [-87.65517, 41.716431], [-87.655216, 41.720934], [-87.661227, 41.7209], [-87.66118, 41.716396]]]}, "properties": {"sq": "890_9237", "crime_n": 10, "crime_night_n": 2, "nta": "Washington Heights", "boro": "Chicago"}}, {"type": "Feature", "geometry": {"type": "Polygon", "coordinates": [[[-87.661227, 41.7209], [-87.655216, 41.720934], [-87.655262, 41.725437], [-87.661273, 41.725403], [-87.661227, 41.7209]]]}, "properties": {"sq": "890_9238", "crime_n": 56, "crime_night_n": 10, "nta": "Washington Heights", "boro": "Chicago"}}, {"type": "Feature", "geometry": {"type": "Polygon", "coordinates": [[[-87.661273, 41.725403], [-87.655262, 41.725437], [-87.655307, 41.729941], [-87.661319, 41.729906], [-87.661273, 41.725403]]]}, "properties": {"sq": "890_9239", "crime_n": 44, "crime_night_n": 15, "nta": "Washington Heights", "boro": "Chicago"}}, {"type": "Feature", "geometry": {"type": "Polygon", "coordinates": [[[-87.661319, 41.729906], [-87.655307, 41.729941], [-87.655353, 41.734444], [-87.661365, 41.734409], [-87.661319, 41.729906]]]}, "properties": {"sq": "890_9240", "crime_n": 32, "crime_night_n": 10, "nta": "Washington Heights", "boro": "Chicago"}}, {"type": "Feature", "geometry": {"type": "Polygon", "coordinates": [[[-87.661365, 41.734409], [-87.655353, 41.734444], [-87.655399, 41.738947], [-87.661411, 41.738913], [-87.661365, 41.734409]]]}, "properties": {"sq": "890_9241", "crime_n": 47, "crime_night_n": 14, "nta": "Auburn Gresham", "boro": "Chicago"}}, {"type": "Feature", "geometry": {"type": "Polygon", "coordinates": [[[-87.661411, 41.738913], [-87.655399, 41.738947], [-87.655445, 41.74345], [-87.661458, 41.743416], [-87.661411, 41.738913]]]}, "properties": {"sq": "890_9242", "crime_n": 34, "crime_night_n": 10, "nta": "Auburn Gresham", "boro": "Chicago"}}, {"type": "Feature", "geometry": {"type": "Polygon", "coordinates": [[[-87.661458, 41.743416], [-87.655445, 41.74345], [-87.655491, 41.747954], [-87.661504, 41.747919], [-87.661458, 41.743416]]]}, "properties": {"sq": "890_9243", "crime_n": 71, "crime_night_n": 28, "nta": "Auburn Gresham", "boro": "Chicago"}}, {"type": "Feature", "geometry": {"type": "Polygon", "coordinates": [[[-87.661504, 41.747919], [-87.655491, 41.747954], [-87.655536, 41.752457], [-87.66155, 41.752422], [-87.661504, 41.747919]]]}, "properties": {"sq": "890_9244", "crime_n": 82, "crime_night_n": 36, "nta": "Auburn Gresham", "boro": "Chicago"}}, {"type": "Feature", "geometry": {"type": "Polygon", "coordinates": [[[-87.66155, 41.752422], [-87.655536, 41.752457], [-87.655582, 41.75696], [-87.661596, 41.756926], [-87.66155, 41.752422]]]}, "properties": {"sq": "890_9245", "crime_n": 44, "crime_night_n": 18, "nta": "Auburn Gresham", "boro": "Chicago"}}, {"type": "Feature", "geometry": {"type": "Polygon", "coordinates": [[[-87.661596, 41.756926], [-87.655582, 41.75696], [-87.655628, 41.761463], [-87.661643, 41.761429], [-87.661596, 41.756926]]]}, "properties": {"sq": "890_9246", "crime_n": 37, "crime_night_n": 15, "nta": "West Englewood", "boro": "Chicago"}}, {"type": "Feature", "geometry": {"type": "Polygon", "coordinates": [[[-87.661643, 41.761429], [-87.655628, 41.761463], [-87.655674, 41.765966], [-87.661689, 41.765932], [-87.661643, 41.761429]]]}, "properties": {"sq": "890_9247", "crime_n": 47, "crime_night_n": 16, "nta": "West Englewood", "boro": "Chicago"}}, {"type": "Feature", "geometry": {"type": "Polygon", "coordinates": [[[-87.661689, 41.765932], [-87.655674, 41.765966], [-87.65572, 41.77047], [-87.661735, 41.770435], [-87.661689, 41.765932]]]}, "properties": {"sq": "890_9248", "crime_n": 98, "crime_night_n": 40, "nta": "West Englewood", "boro": "Chicago"}}, {"type": "Feature", "geometry": {"type": "Polygon", "coordinates": [[[-87.661735, 41.770435], [-87.65572, 41.77047], [-87.655766, 41.774973], [-87.661781, 41.774938], [-87.661735, 41.770435]]]}, "properties": {"sq": "890_9249", "crime_n": 65, "crime_night_n": 25, "nta": "West Englewood", "boro": "Chicago"}}, {"type": "Feature", "geometry": {"type": "Polygon", "coordinates": [[[-87.661781, 41.774938], [-87.655766, 41.774973], [-87.655811, 41.779476], [-87.661828, 41.779442], [-87.661781, 41.774938]]]}, "properties": {"sq": "890_9250", "crime_n": 66, "crime_night_n": 27, "nta": "West Englewood", "boro": "Chicago"}}, {"type": "Feature", "geometry": {"type": "Polygon", "coordinates": [[[-87.661828, 41.779442], [-87.655811, 41.779476], [-87.655857, 41.783979], [-87.661874, 41.783945], [-87.661828, 41.779442]]]}, "properties": {"sq": "890_9251", "crime_n": 61, "crime_night_n": 23, "nta": "West Englewood", "boro": "Chicago"}}, {"type": "Feature", "geometry": {"type": "Polygon", "coordinates": [[[-87.661874, 41.783945], [-87.655857, 41.783979], [-87.655903, 41.788483], [-87.66192, 41.788448], [-87.661874, 41.783945]]]}, "properties": {"sq": "890_9252", "crime_n": 43, "crime_night_n": 19, "nta": "West Englewood", "boro": "Chicago"}}, {"type": "Feature", "geometry": {"type": "Polygon", "coordinates": [[[-87.66192, 41.788448], [-87.655903, 41.788483], [-87.655949, 41.792986], [-87.661967, 41.792951], [-87.66192, 41.788448]]]}, "properties": {"sq": "890_9253", "crime_n": 49, "crime_night_n": 16, "nta": "West Englewood", "boro": "Chicago"}}, {"type": "Feature", "geometry": {"type": "Polygon", "coordinates": [[[-87.661967, 41.792951], [-87.655949, 41.792986], [-87.655995, 41.797489], [-87.662013, 41.797454], [-87.661967, 41.792951]]]}, "properties": {"sq": "890_9254", "crime_n": 43, "crime_night_n": 18, "nta": "West Englewood", "boro": "Chicago"}}, {"type": "Feature", "geometry": {"type": "Polygon", "coordinates": [[[-87.662013, 41.797454], [-87.655995, 41.797489], [-87.656041, 41.801992], [-87.662059, 41.801958], [-87.662013, 41.797454]]]}, "properties": {"sq": "890_9255", "crime_n": 27, "crime_night_n": 8, "nta": "New City", "boro": "Chicago"}}, {"type": "Feature", "geometry": {"type": "Polygon", "coordinates": [[[-87.662059, 41.801958], [-87.656041, 41.801992], [-87.656087, 41.806495], [-87.662106, 41.806461], [-87.662059, 41.801958]]]}, "properties": {"sq": "890_9256", "crime_n": 82, "crime_night_n": 34, "nta": "New City", "boro": "Chicago"}}, {"type": "Feature", "geometry": {"type": "Polygon", "coordinates": [[[-87.662106, 41.806461], [-87.656087, 41.806495], [-87.656133, 41.810999], [-87.662152, 41.810964], [-87.662106, 41.806461]]]}, "properties": {"sq": "890_9257", "crime_n": 49, "crime_night_n": 27, "nta": "New City", "boro": "Chicago"}}, {"type": "Feature", "geometry": {"type": "Polygon", "coordinates": [[[-87.662152, 41.810964], [-87.656133, 41.810999], [-87.656179, 41.815502], [-87.662198, 41.815467], [-87.662152, 41.810964]]]}, "properties": {"sq": "890_9258", "crime_n": 14, "crime_night_n": 3, "nta": "New City", "boro": "Chicago"}}, {"type": "Feature", "geometry": {"type": "Polygon", "coordinates": [[[-87.662198, 41.815467], [-87.656179, 41.815502], [-87.656225, 41.820005], [-87.662245, 41.81997], [-87.662198, 41.815467]]]}, "properties": {"sq": "890_9259", "crime_n": 3, "crime_night_n": 0, "nta": "New City", "boro": "Chicago"}}, {"type": "Feature", "geometry": {"type": "Polygon", "coordinates": [[[-87.662245, 41.81997], [-87.656225, 41.820005], [-87.656271, 41.824508], [-87.662291, 41.824474], [-87.662245, 41.81997]]]}, "properties": {"sq": "890_9260", "crime_n": 2, "crime_night_n": 2, "nta": "Bridgeport", "boro": "Chicago"}}, {"type": "Feature", "geometry": {"type": "Polygon", "coordinates": [[[-87.662291, 41.824474], [-87.656271, 41.824508], [-87.656317, 41.829011], [-87.662338, 41.828977], [-87.662291, 41.824474]]]}, "properties": {"sq": "890_9261", "crime_n": 4, "crime_night_n": 0, "nta": "McKinley Park", "boro": "Chicago"}}, {"type": "Feature", "geometry": {"type": "Polygon", "coordinates": [[[-87.662338, 41.828977], [-87.656317, 41.829011], [-87.656363, 41.833514], [-87.662384, 41.83348], [-87.662338, 41.828977]]]}, "properties": {"sq": "890_9262", "crime_n": 2, "crime_night_n": 0, "nta": "McKinley Park", "boro": "Chicago"}}, {"type": "Feature", "geometry": {"type": "Polygon", "coordinates": [[[-87.662384, 41.83348], [-87.656363, 41.833514], [-87.656409, 41.838018], [-87.662431, 41.837983], [-87.662384, 41.83348]]]}, "properties": {"sq": "890_9263", "crime_n": 6, "crime_night_n": 2, "nta": "Bridgeport", "boro": "Chicago"}}, {"type": "Feature", "geometry": {"type": "Polygon", "coordinates": [[[-87.662431, 41.837983], [-87.656409, 41.838018], [-87.656455, 41.842521], [-87.662477, 41.842486], [-87.662431, 41.837983]]]}, "properties": {"sq": "890_9264", "crime_n": 28, "crime_night_n": 10, "nta": "Bridgeport", "boro": "Chicago"}}, {"type": "Feature", "geometry": {"type": "Polygon", "coordinates": [[[-87.662477, 41.842486], [-87.656455, 41.842521], [-87.656501, 41.847024], [-87.662523, 41.846989], [-87.662477, 41.842486]]]}, "properties": {"sq": "890_9265", "crime_n": 3, "crime_night_n": 1, "nta": "Bridgeport", "boro": "Chicago"}}, {"type": "Feature", "geometry": {"type": "Polygon", "coordinates": [[[-87.662523, 41.846989], [-87.656501, 41.847024], [-87.656547, 41.851527], [-87.66257, 41.851492], [-87.662523, 41.846989]]]}, "properties": {"sq": "890_9266", "crime_n": 4, "crime_night_n": 2, "nta": "Lower West Side", "boro": "Chicago"}}, {"type": "Feature", "geometry": {"type": "Polygon", "coordinates": [[[-87.66257, 41.851492], [-87.656547, 41.851527], [-87.656593, 41.85603], [-87.662616, 41.855996], [-87.66257, 41.851492]]]}, "properties": {"sq": "890_9267", "crime_n": 43, "crime_night_n": 19, "nta": "Lower West Side", "boro": "Chicago"}}, {"type": "Feature", "geometry": {"type": "Polygon", "coordinates": [[[-87.662616, 41.855996], [-87.656593, 41.85603], [-87.656639, 41.860533], [-87.662663, 41.860499], [-87.662616, 41.855996]]]}, "properties": {"sq": "890_9268", "crime_n": 160, "crime_night_n": 75, "nta": "Lower West Side", "boro": "Chicago"}}, {"type": "Feature", "geometry": {"type": "Polygon", "coordinates": [[[-87.662663, 41.860499], [-87.656639, 41.860533], [-87.656685, 41.865037], [-87.662709, 41.865002], [-87.662663, 41.860499]]]}, "properties": {"sq": "890_9269", "crime_n": 105, "crime_night_n": 50, "nta": "Near West Side", "boro": "Chicago"}}, {"type": "Feature", "geometry": {"type": "Polygon", "coordinates": [[[-87.662709, 41.865002], [-87.656685, 41.865037], [-87.656731, 41.86954], [-87.662756, 41.869505], [-87.662709, 41.865002]]]}, "properties": {"sq": "890_9270", "crime_n": 130, "crime_night_n": 57, "nta": "Near West Side", "boro": "Chicago"}}, {"type": "Feature", "geometry": {"type": "Polygon", "coordinates": [[[-87.662756, 41.869505], [-87.656731, 41.86954], [-87.656777, 41.874043], [-87.662802, 41.874008], [-87.662756, 41.869505]]]}, "properties": {"sq": "890_9271", "crime_n": 29, "crime_night_n": 16, "nta": "Near West Side", "boro": "Chicago"}}, {"type": "Feature", "geometry": {"type": "Polygon", "coordinates": [[[-87.662802, 41.874008], [-87.656777, 41.874043], [-87.656823, 41.878546], [-87.662849, 41.878511], [-87.662802, 41.874008]]]}, "properties": {"sq": "890_9272", "crime_n": 36, "crime_night_n": 17, "nta": "Near West Side", "boro": "Chicago"}}, {"type": "Feature", "geometry": {"type": "Polygon", "coordinates": [[[-87.662849, 41.878511], [-87.656823, 41.878546], [-87.65687, 41.883049], [-87.662895, 41.883014], [-87.662849, 41.878511]]]}, "properties": {"sq": "890_9273", "crime_n": 31, "crime_night_n": 10, "nta": "Near West Side", "boro": "Chicago"}}, {"type": "Feature", "geometry": {"type": "Polygon", "coordinates": [[[-87.662895, 41.883014], [-87.65687, 41.883049], [-87.656916, 41.887552], [-87.662942, 41.887518], [-87.662895, 41.883014]]]}, "properties": {"sq": "890_9274", "crime_n": 61, "crime_night_n": 37, "nta": "Near West Side", "boro": "Chicago"}}, {"type": "Feature", "geometry": {"type": "Polygon", "coordinates": [[[-87.662942, 41.887518], [-87.656916, 41.887552], [-87.656962, 41.892055], [-87.662989, 41.892021], [-87.662942, 41.887518]]]}, "properties": {"sq": "890_9275", "crime_n": 46, "crime_night_n": 16, "nta": "West Town", "boro": "Chicago"}}, {"type": "Feature", "geometry": {"type": "Polygon", "coordinates": [[[-87.662989, 41.892021], [-87.656962, 41.892055], [-87.657008, 41.896558], [-87.663035, 41.896524], [-87.662989, 41.892021]]]}, "properties": {"sq": "890_9276", "crime_n": 67, "crime_night_n": 16, "nta": "West Town", "boro": "Chicago"}}, {"type": "Feature", "geometry": {"type": "Polygon", "coordinates": [[[-87.663035, 41.896524], [-87.657008, 41.896558], [-87.657054, 41.901062], [-87.663082, 41.901027], [-87.663035, 41.896524]]]}, "properties": {"sq": "890_9277", "crime_n": 33, "crime_night_n": 17, "nta": "West Town", "boro": "Chicago"}}, {"type": "Feature", "geometry": {"type": "Polygon", "coordinates": [[[-87.663082, 41.901027], [-87.657054, 41.901062], [-87.6571, 41.905565], [-87.663128, 41.90553], [-87.663082, 41.901027]]]}, "properties": {"sq": "890_9278", "crime_n": 31, "crime_night_n": 15, "nta": "West Town", "boro": "Chicago"}}, {"type": "Feature", "geometry": {"type": "Polygon", "coordinates": [[[-87.663128, 41.90553], [-87.6571, 41.905565], [-87.657146, 41.910068], [-87.663175, 41.910033], [-87.663128, 41.90553]]]}, "properties": {"sq": "890_9279", "crime_n": 37, "crime_night_n": 18, "nta": "West Town", "boro": "Chicago"}}, {"type": "Feature", "geometry": {"type": "Polygon", "coordinates": [[[-87.663175, 41.910033], [-87.657146, 41.910068], [-87.657193, 41.914571], [-87.663222, 41.914536], [-87.663175, 41.910033]]]}, "properties": {"sq": "890_9280", "crime_n": 18, "crime_night_n": 1, "nta": "West Town", "boro": "Chicago"}}, {"type": "Feature", "geometry": {"type": "Polygon", "coordinates": [[[-87.663222, 41.914536], [-87.657193, 41.914571], [-87.657239, 41.919074], [-87.663268, 41.919039], [-87.663222, 41.914536]]]}, "properties": {"sq": "890_9281", "crime_n": 4, "crime_night_n": 0, "nta": "Lincoln Park", "boro": "Chicago"}}, {"type": "Feature", "geometry": {"type": "Polygon", "coordinates": [[[-87.663268, 41.919039], [-87.657239, 41.919074], [-87.657285, 41.923577], [-87.663315, 41.923542], [-87.663268, 41.919039]]]}, "properties": {"sq": "890_9282", "crime_n": 9, "crime_night_n": 5, "nta": "Lincoln Park", "boro": "Chicago"}}, {"type": "Feature", "geometry": {"type": "Polygon", "coordinates": [[[-87.663315, 41.923542], [-87.657285, 41.923577], [-87.657331, 41.92808], [-87.663361, 41.928045], [-87.663315, 41.923542]]]}, "properties": {"sq": "890_9283", "crime_n": 15, "crime_night_n": 8, "nta": "Lincoln Park", "boro": "Chicago"}}, {"type": "Feature", "geometry": {"type": "Polygon", "coordinates": [[[-87.663361, 41.928045], [-87.657331, 41.92808], [-87.657378, 41.932583], [-87.663408, 41.932549], [-87.663361, 41.928045]]]}, "properties": {"sq": "890_9284", "crime_n": 14, "crime_night_n": 8, "nta": "Lincoln Park", "boro": "Chicago"}}, {"type": "Feature", "geometry": {"type": "Polygon", "coordinates": [[[-87.663408, 41.932549], [-87.657378, 41.932583], [-87.657424, 41.937086], [-87.663455, 41.937052], [-87.663408, 41.932549]]]}, "properties": {"sq": "890_9285", "crime_n": 14, "crime_night_n": 4, "nta": "Lake View", "boro": "Chicago"}}, {"type": "Feature", "geometry": {"type": "Polygon", "coordinates": [[[-87.663455, 41.937052], [-87.657424, 41.937086], [-87.65747, 41.941589], [-87.663501, 41.941555], [-87.663455, 41.937052]]]}, "properties": {"sq": "890_9286", "crime_n": 13, "crime_night_n": 9, "nta": "Lake View", "boro": "Chicago"}}, {"type": "Feature", "geometry": {"type": "Polygon", "coordinates": [[[-87.663501, 41.941555], [-87.65747, 41.941589], [-87.657516, 41.946093], [-87.663548, 41.946058], [-87.663501, 41.941555]]]}, "properties": {"sq": "890_9287", "crime_n": 16, "crime_night_n": 10, "nta": "Lake View", "boro": "Chicago"}}, {"type": "Feature", "geometry": {"type": "Polygon", "coordinates": [[[-87.663548, 41.946058], [-87.657516, 41.946093], [-87.657563, 41.950596], [-87.663595, 41.950561], [-87.663548, 41.946058]]]}, "properties": {"sq": "890_9288", "crime_n": 75, "crime_night_n": 58, "nta": "Lake View", "boro": "Chicago"}}, {"type": "Feature", "geometry": {"type": "Polygon", "coordinates": [[[-87.663595, 41.950561], [-87.657563, 41.950596], [-87.657609, 41.955099], [-87.663642, 41.955064], [-87.663595, 41.950561]]]}, "properties": {"sq": "890_9289", "crime_n": 30, "crime_night_n": 14, "nta": "Lake View", "boro": "Chicago"}}, {"type": "Feature", "geometry": {"type": "Polygon", "coordinates": [[[-87.663642, 41.955064], [-87.657609, 41.955099], [-87.657655, 41.959602], [-87.663688, 41.959567], [-87.663642, 41.955064]]]}, "properties": {"sq": "890_9290", "crime_n": 3, "crime_night_n": 2, "nta": "Lake View", "boro": "Chicago"}}, {"type": "Feature", "geometry": {"type": "Polygon", "coordinates": [[[-87.663688, 41.959567], [-87.657655, 41.959602], [-87.657701, 41.964105], [-87.663735, 41.96407], [-87.663688, 41.959567]]]}, "properties": {"sq": "890_9291", "crime_n": 25, "crime_night_n": 12, "nta": "Uptown", "boro": "Chicago"}}, {"type": "Feature", "geometry": {"type": "Polygon", "coordinates": [[[-87.663735, 41.96407], [-87.657701, 41.964105], [-87.657748, 41.968608], [-87.663782, 41.968573], [-87.663735, 41.96407]]]}, "properties": {"sq": "890_9292", "crime_n": 142, "crime_night_n": 50, "nta": "Uptown", "boro": "Chicago"}}, {"type": "Feature", "geometry": {"type": "Polygon", "coordinates": [[[-87.663782, 41.968573], [-87.657748, 41.968608], [-87.657794, 41.973111], [-87.663829, 41.973076], [-87.663782, 41.968573]]]}, "properties": {"sq": "890_9293", "crime_n": 60, "crime_night_n": 23, "nta": "Uptown", "boro": "Chicago"}}, {"type": "Feature", "geometry": {"type": "Polygon", "coordinates": [[[-87.663829, 41.973076], [-87.657794, 41.973111], [-87.65784, 41.977614], [-87.663875, 41.977579], [-87.663829, 41.973076]]]}, "properties": {"sq": "890_9294", "crime_n": 54, "crime_night_n": 19, "nta": "Uptown", "boro": "Chicago"}}, {"type": "Feature", "geometry": {"type": "Polygon", "coordinates": [[[-87.663875, 41.977579], [-87.65784, 41.977614], [-87.657887, 41.982117], [-87.663922, 41.982082], [-87.663875, 41.977579]]]}, "properties": {"sq": "890_9295", "crime_n": 42, "crime_night_n": 11, "nta": "Edgewater", "boro": "Chicago"}}, {"type": "Feature", "geometry": {"type": "Polygon", "coordinates": [[[-87.663922, 41.982082], [-87.657887, 41.982117], [-87.657933, 41.98662], [-87.663969, 41.986585], [-87.663922, 41.982082]]]}, "properties": {"sq": "890_9296", "crime_n": 60, "crime_night_n": 16, "nta": "Edgewater", "boro": "Chicago"}}, {"type": "Feature", "geometry": {"type": "Polygon", "coordinates": [[[-87.663969, 41.986585], [-87.657933, 41.98662], [-87.65798, 41.991123], [-87.664016, 41.991088], [-87.663969, 41.986585]]]}, "properties": {"sq": "890_9297", "crime_n": 71, "crime_night_n": 16, "nta": "Edgewater", "boro": "Chicago"}}, {"type": "Feature", "geometry": {"type": "Polygon", "coordinates": [[[-87.664016, 41.991088], [-87.65798, 41.991123], [-87.658026, 41.995626], [-87.664062, 41.995591], [-87.664016, 41.991088]]]}, "properties": {"sq": "890_9298", "crime_n": 71, "crime_night_n": 24, "nta": "Edgewater", "boro": "Chicago"}}, {"type": "Feature", "geometry": {"type": "Polygon", "coordinates": [[[-87.664062, 41.995591], [-87.658026, 41.995626], [-87.658072, 42.000129], [-87.664109, 42.000094], [-87.664062, 41.995591]]]}, "properties": {"sq": "890_9299", "crime_n": 61, "crime_night_n": 27, "nta": "Rogers Park", "boro": "Chicago"}}, {"type": "Feature", "geometry": {"type": "Polygon", "coordinates": [[[-87.664109, 42.000094], [-87.658072, 42.000129], [-87.658119, 42.004632], [-87.664156, 42.004597], [-87.664109, 42.000094]]]}, "properties": {"sq": "890_9300", "crime_n": 54, "crime_night_n": 22, "nta": "Rogers Park", "boro": "Chicago"}}, {"type": "Feature", "geometry": {"type": "Polygon", "coordinates": [[[-87.664156, 42.004597], [-87.658119, 42.004632], [-87.658165, 42.009135], [-87.664203, 42.0091], [-87.664156, 42.004597]]]}, "properties": {"sq": "890_9301", "crime_n": 52, "crime_night_n": 30, "nta": "Rogers Park", "boro": "Chicago"}}, {"type": "Feature", "geometry": {"type": "Polygon", "coordinates": [[[-87.664203, 42.0091], [-87.658165, 42.009135], [-87.658212, 42.013638], [-87.66425, 42.013604], [-87.664203, 42.0091]]]}, "properties": {"sq": "890_9302", "crime_n": 61, "crime_night_n": 29, "nta": "Rogers Park", "boro": "Chicago"}}, {"type": "Feature", "geometry": {"type": "Polygon", "coordinates": [[[-87.66425, 42.013604], [-87.658212, 42.013638], [-87.658258, 42.018141], [-87.664297, 42.018107], [-87.66425, 42.013604]]]}, "properties": {"sq": "890_9303", "crime_n": 11, "crime_night_n": 4, "nta": "Rogers Park", "boro": "Chicago"}}, {"type": "Feature", "geometry": {"type": "Polygon", "coordinates": [[[-87.664297, 42.018107], [-87.658258, 42.018141], [-87.658304, 42.022644], [-87.664344, 42.02261], [-87.664297, 42.018107]]]}, "properties": {"sq": "890_9304", "crime_n": 0, "crime_night_n": 0, "nta": "Rogers Park", "boro": "Chicago"}}, {"type": "Feature", "geometry": {"type": "Polygon", "coordinates": [[[-87.654668, 41.666895], [-87.648662, 41.666929], [-87.648707, 41.671432], [-87.654713, 41.671398], [-87.654668, 41.666895]]]}, "properties": {"sq": "891_9226", "crime_n": 1, "crime_night_n": 0, "nta": "West Pullman", "boro": "Chicago"}}, {"type": "Feature", "geometry": {"type": "Polygon", "coordinates": [[[-87.654713, 41.671398], [-87.648707, 41.671432], [-87.648752, 41.675935], [-87.654759, 41.675901], [-87.654713, 41.671398]]]}, "properties": {"sq": "891_9227", "crime_n": 9, "crime_night_n": 4, "nta": "West Pullman", "boro": "Chicago"}}, {"type": "Feature", "geometry": {"type": "Polygon", "coordinates": [[[-87.654759, 41.675901], [-87.648752, 41.675935], [-87.648798, 41.680439], [-87.654805, 41.680405], [-87.654759, 41.675901]]]}, "properties": {"sq": "891_9228", "crime_n": 9, "crime_night_n": 4, "nta": "West Pullman", "boro": "Chicago"}}, {"type": "Feature", "geometry": {"type": "Polygon", "coordinates": [[[-87.654805, 41.680405], [-87.648798, 41.680439], [-87.648843, 41.684942], [-87.65485, 41.684908], [-87.654805, 41.680405]]]}, "properties": {"sq": "891_9229", "crime_n": 18, "crime_night_n": 7, "nta": "West Pullman", "boro": "Chicago"}}, {"type": "Feature", "geometry": {"type": "Polygon", "coordinates": [[[-87.65485, 41.684908], [-87.648843, 41.684942], [-87.648888, 41.689445], [-87.654896, 41.689411], [-87.65485, 41.684908]]]}, "properties": {"sq": "891_9230", "crime_n": 26, "crime_night_n": 10, "nta": "Morgan Park", "boro": "Chicago"}}, {"type": "Feature", "geometry": {"type": "Polygon", "coordinates": [[[-87.654896, 41.689411], [-87.648888, 41.689445], [-87.648933, 41.693949], [-87.654942, 41.693914], [-87.654896, 41.689411]]]}, "properties": {"sq": "891_9231", "crime_n": 19, "crime_night_n": 11, "nta": "Morgan Park", "boro": "Chicago"}}, {"type": "Feature", "geometry": {"type": "Polygon", "coordinates": [[[-87.654942, 41.693914], [-87.648933, 41.693949], [-87.648979, 41.698452], [-87.654987, 41.698418], [-87.654942, 41.693914]]]}, "properties": {"sq": "891_9232", "crime_n": 15, "crime_night_n": 3, "nta": "Morgan Park", "boro": "Chicago"}}, {"type": "Feature", "geometry": {"type": "Polygon", "coordinates": [[[-87.654987, 41.698418], [-87.648979, 41.698452], [-87.649024, 41.702955], [-87.655033, 41.702921], [-87.654987, 41.698418]]]}, "properties": {"sq": "891_9233", "crime_n": 11, "crime_night_n": 2, "nta": "Morgan Park", "boro": "Chicago"}}, {"type": "Feature", "geometry": {"type": "Polygon", "coordinates": [[[-87.655033, 41.702921], [-87.649024, 41.702955], [-87.649069, 41.707458], [-87.655079, 41.707424], [-87.655033, 41.702921]]]}, "properties": {"sq": "891_9234", "crime_n": 22, "crime_night_n": 6, "nta": "Washington Heights", "boro": "Chicago"}}, {"type": "Feature", "geometry": {"type": "Polygon", "coordinates": [[[-87.655079, 41.707424], [-87.649069, 41.707458], [-87.649114, 41.711962], [-87.655124, 41.711928], [-87.655079, 41.707424]]]}, "properties": {"sq": "891_9235", "crime_n": 21, "crime_night_n": 11, "nta": "Washington Heights", "boro": "Chicago"}}, {"type": "Feature", "geometry": {"type": "Polygon", "coordinates": [[[-87.655124, 41.711928], [-87.649114, 41.711962], [-87.64916, 41.716465], [-87.65517, 41.716431], [-87.655124, 41.711928]]]}, "properties": {"sq": "891_9236", "crime_n": 15, "crime_night_n": 5, "nta": "Washington Heights", "boro": "Chicago"}}, {"type": "Feature", "geometry": {"type": "Polygon", "coordinates": [[[-87.65517, 41.716431], [-87.64916, 41.716465], [-87.649205, 41.720968], [-87.655216, 41.720934], [-87.65517, 41.716431]]]}, "properties": {"sq": "891_9237", "crime_n": 21, "crime_night_n": 9, "nta": "Washington Heights", "boro": "Chicago"}}, {"type": "Feature", "geometry": {"type": "Polygon", "coordinates": [[[-87.655216, 41.720934], [-87.649205, 41.720968], [-87.64925, 41.725471], [-87.655262, 41.725437], [-87.655216, 41.720934]]]}, "properties": {"sq": "891_9238", "crime_n": 34, "crime_night_n": 8, "nta": "Washington Heights", "boro": "Chicago"}}, {"type": "Feature", "geometry": {"type": "Polygon", "coordinates": [[[-87.655262, 41.725437], [-87.64925, 41.725471], [-87.649296, 41.729975], [-87.655307, 41.729941], [-87.655262, 41.725437]]]}, "properties": {"sq": "891_9239", "crime_n": 31, "crime_night_n": 18, "nta": "Washington Heights", "boro": "Chicago"}}, {"type": "Feature", "geometry": {"type": "Polygon", "coordinates": [[[-87.655307, 41.729941], [-87.649296, 41.729975], [-87.649341, 41.734478], [-87.655353, 41.734444], [-87.655307, 41.729941]]]}, "properties": {"sq": "891_9240", "crime_n": 23, "crime_night_n": 12, "nta": "Auburn Gresham", "boro": "Chicago"}}, {"type": "Feature", "geometry": {"type": "Polygon", "coordinates": [[[-87.655353, 41.734444], [-87.649341, 41.734478], [-87.649386, 41.738981], [-87.655399, 41.738947], [-87.655353, 41.734444]]]}, "properties": {"sq": "891_9241", "crime_n": 53, "crime_night_n": 19, "nta": "Auburn Gresham", "boro": "Chicago"}}, {"type": "Feature", "geometry": {"type": "Polygon", "coordinates": [[[-87.655399, 41.738947], [-87.649386, 41.738981], [-87.649432, 41.743484], [-87.655445, 41.74345], [-87.655399, 41.738947]]]}, "properties": {"sq": "891_9242", "crime_n": 54, "crime_night_n": 25, "nta": "Auburn Gresham", "boro": "Chicago"}}, {"type": "Feature", "geometry": {"type": "Polygon", "coordinates": [[[-87.655445, 41.74345], [-87.649432, 41.743484], [-87.649477, 41.747988], [-87.655491, 41.747954], [-87.655445, 41.74345]]]}, "properties": {"sq": "891_9243", "crime_n": 45, "crime_night_n": 19, "nta": "Auburn Gresham", "boro": "Chicago"}}, {"type": "Feature", "geometry": {"type": "Polygon", "coordinates": [[[-87.655491, 41.747954], [-87.649477, 41.747988], [-87.649523, 41.752491], [-87.655536, 41.752457], [-87.655491, 41.747954]]]}, "properties": {"sq": "891_9244", "crime_n": 117, "crime_night_n": 52, "nta": "Auburn Gresham", "boro": "Chicago"}}, {"type": "Feature", "geometry": {"type": "Polygon", "coordinates": [[[-87.655536, 41.752457], [-87.649523, 41.752491], [-87.649568, 41.756994], [-87.655582, 41.75696], [-87.655536, 41.752457]]]}, "properties": {"sq": "891_9245", "crime_n": 75, "crime_night_n": 31, "nta": "Auburn Gresham", "boro": "Chicago"}}, {"type": "Feature", "geometry": {"type": "Polygon", "coordinates": [[[-87.655582, 41.75696], [-87.649568, 41.756994], [-87.649613, 41.761497], [-87.655628, 41.761463], [-87.655582, 41.75696]]]}, "properties": {"sq": "891_9246", "crime_n": 45, "crime_night_n": 18, "nta": "Englewood", "boro": "Chicago"}}, {"type": "Feature", "geometry": {"type": "Polygon", "coordinates": [[[-87.655628, 41.761463], [-87.649613, 41.761497], [-87.649659, 41.766001], [-87.655674, 41.765966], [-87.655628, 41.761463]]]}, "properties": {"sq": "891_9247", "crime_n": 57, "crime_night_n": 24, "nta": "Englewood", "boro": "Chicago"}}, {"type": "Feature", "geometry": {"type": "Polygon", "coordinates": [[[-87.655674, 41.765966], [-87.649659, 41.766001], [-87.649704, 41.770504], [-87.65572, 41.77047], [-87.655674, 41.765966]]]}, "properties": {"sq": "891_9248", "crime_n": 74, "crime_night_n": 27, "nta": "Englewood", "boro": "Chicago"}}, {"type": "Feature", "geometry": {"type": "Polygon", "coordinates": [[[-87.65572, 41.77047], [-87.649704, 41.770504], [-87.64975, 41.775007], [-87.655766, 41.774973], [-87.65572, 41.77047]]]}, "properties": {"sq": "891_9249", "crime_n": 62, "crime_night_n": 17, "nta": "Englewood", "boro": "Chicago"}}, {"type": "Feature", "geometry": {"type": "Polygon", "coordinates": [[[-87.655766, 41.774973], [-87.64975, 41.775007], [-87.649795, 41.77951], [-87.655811, 41.779476], [-87.655766, 41.774973]]]}, "properties": {"sq": "891_9250", "crime_n": 83, "crime_night_n": 30, "nta": "Englewood", "boro": "Chicago"}}, {"type": "Feature", "geometry": {"type": "Polygon", "coordinates": [[[-87.655811, 41.779476], [-87.649795, 41.77951], [-87.649841, 41.784014], [-87.655857, 41.783979], [-87.655811, 41.779476]]]}, "properties": {"sq": "891_9251", "crime_n": 62, "crime_night_n": 18, "nta": "Englewood", "boro": "Chicago"}}, {"type": "Feature", "geometry": {"type": "Polygon", "coordinates": [[[-87.655857, 41.783979], [-87.649841, 41.784014], [-87.649886, 41.788517], [-87.655903, 41.788483], [-87.655857, 41.783979]]]}, "properties": {"sq": "891_9252", "crime_n": 42, "crime_night_n": 12, "nta": "Englewood", "boro": "Chicago"}}, {"type": "Feature", "geometry": {"type": "Polygon", "coordinates": [[[-87.655903, 41.788483], [-87.649886, 41.788517], [-87.649932, 41.79302], [-87.655949, 41.792986], [-87.655903, 41.788483]]]}, "properties": {"sq": "891_9253", "crime_n": 99, "crime_night_n": 34, "nta": "Englewood", "boro": "Chicago"}}, {"type": "Feature", "geometry": {"type": "Polygon", "coordinates": [[[-87.655949, 41.792986], [-87.649932, 41.79302], [-87.649977, 41.797523], [-87.655995, 41.797489], [-87.655949, 41.792986]]]}, "properties": {"sq": "891_9254", "crime_n": 70, "crime_night_n": 27, "nta": "New City", "boro": "Chicago"}}, {"type": "Feature", "geometry": {"type": "Polygon", "coordinates": [[[-87.655995, 41.797489], [-87.649977, 41.797523], [-87.650023, 41.802026], [-87.656041, 41.801992], [-87.655995, 41.797489]]]}, "properties": {"sq": "891_9255", "crime_n": 34, "crime_night_n": 12, "nta": "New City", "boro": "Chicago"}}, {"type": "Feature", "geometry": {"type": "Polygon", "coordinates": [[[-87.656041, 41.801992], [-87.650023, 41.802026], [-87.650068, 41.80653], [-87.656087, 41.806495], [-87.656041, 41.801992]]]}, "properties": {"sq": "891_9256", "crime_n": 28, "crime_night_n": 9, "nta": "New City", "boro": "Chicago"}}, {"type": "Feature", "geometry": {"type": "Polygon", "coordinates": [[[-87.656087, 41.806495], [-87.650068, 41.80653], [-87.650114, 41.811033], [-87.656133, 41.810999], [-87.656087, 41.806495]]]}, "properties": {"sq": "891_9257", "crime_n": 26, "crime_night_n": 12, "nta": "New City", "boro": "Chicago"}}, {"type": "Feature", "geometry": {"type": "Polygon", "coordinates": [[[-87.656133, 41.810999], [-87.650114, 41.811033], [-87.650159, 41.815536], [-87.656179, 41.815502], [-87.656133, 41.810999]]]}, "properties": {"sq": "891_9258", "crime_n": 0, "crime_night_n": 0, "nta": "New City", "boro": "Chicago"}}, {"type": "Feature", "geometry": {"type": "Polygon", "coordinates": [[[-87.656179, 41.815502], [-87.650159, 41.815536], [-87.650205, 41.820039], [-87.656225, 41.820005], [-87.656179, 41.815502]]]}, "properties": {"sq": "891_9259", "crime_n": 4, "crime_night_n": 1, "nta": "New City", "boro": "Chicago"}}, {"type": "Feature", "geometry": {"type": "Polygon", "coordinates": [[[-87.656225, 41.820005], [-87.650205, 41.820039], [-87.65025, 41.824542], [-87.656271, 41.824508], [-87.656225, 41.820005]]]}, "properties": {"sq": "891_9260", "crime_n": 8, "crime_night_n": 5, "nta": "Bridgeport", "boro": "Chicago"}}, {"type": "Feature", "geometry": {"type": "Polygon", "coordinates": [[[-87.656271, 41.824508], [-87.65025, 41.824542], [-87.650296, 41.829045], [-87.656317, 41.829011], [-87.656271, 41.824508]]]}, "properties": {"sq": "891_9261", "crime_n": 6, "crime_night_n": 3, "nta": "Bridgeport", "boro": "Chicago"}}, {"type": "Feature", "geometry": {"type": "Polygon", "coordinates": [[[-87.656317, 41.829011], [-87.650296, 41.829045], [-87.650341, 41.833549], [-87.656363, 41.833514], [-87.656317, 41.829011]]]}, "properties": {"sq": "891_9262", "crime_n": 19, "crime_night_n": 9, "nta": "Bridgeport", "boro": "Chicago"}}, {"type": "Feature", "geometry": {"type": "Polygon", "coordinates": [[[-87.656363, 41.833514], [-87.650341, 41.833549], [-87.650387, 41.838052], [-87.656409, 41.838018], [-87.656363, 41.833514]]]}, "properties": {"sq": "891_9263", "crime_n": 41, "crime_night_n": 22, "nta": "Bridgeport", "boro": "Chicago"}}, {"type": "Feature", "geometry": {"type": "Polygon", "coordinates": [[[-87.656409, 41.838018], [-87.650387, 41.838052], [-87.650433, 41.842555], [-87.656455, 41.842521], [-87.656409, 41.838018]]]}, "properties": {"sq": "891_9264", "crime_n": 13, "crime_night_n": 3, "nta": "Bridgeport", "boro": "Chicago"}}, {"type": "Feature", "geometry": {"type": "Polygon", "coordinates": [[[-87.656455, 41.842521], [-87.650433, 41.842555], [-87.650478, 41.847058], [-87.656501, 41.847024], [-87.656455, 41.842521]]]}, "properties": {"sq": "891_9265", "crime_n": 9, "crime_night_n": 4, "nta": "Bridgeport", "boro": "Chicago"}}, {"type": "Feature", "geometry": {"type": "Polygon", "coordinates": [[[-87.656501, 41.847024], [-87.650478, 41.847058], [-87.650524, 41.851561], [-87.656547, 41.851527], [-87.656501, 41.847024]]]}, "properties": {"sq": "891_9266", "crime_n": 0, "crime_night_n": 0, "nta": "Lower West Side", "boro": "Chicago"}}, {"type": "Feature", "geometry": {"type": "Polygon", "coordinates": [[[-87.656547, 41.851527], [-87.650524, 41.851561], [-87.65057, 41.856064], [-87.656593, 41.85603], [-87.656547, 41.851527]]]}, "properties": {"sq": "891_9267", "crime_n": 42, "crime_night_n": 18, "nta": "Lower West Side", "boro": "Chicago"}}, {"type": "Feature", "geometry": {"type": "Polygon", "coordinates": [[[-87.656593, 41.85603], [-87.65057, 41.856064], [-87.650615, 41.860568], [-87.656639, 41.860533], [-87.656593, 41.85603]]]}, "properties": {"sq": "891_9268", "crime_n": 100, "crime_night_n": 62, "nta": "Lower West Side", "boro": "Chicago"}}, {"type": "Feature", "geometry": {"type": "Polygon", "coordinates": [[[-87.656639, 41.860533], [-87.650615, 41.860568], [-87.650661, 41.865071], [-87.656685, 41.865037], [-87.656639, 41.860533]]]}, "properties": {"sq": "891_9269", "crime_n": 74, "crime_night_n": 32, "nta": "Near West Side", "boro": "Chicago"}}, {"type": "Feature", "geometry": {"type": "Polygon", "coordinates": [[[-87.656685, 41.865037], [-87.650661, 41.865071], [-87.650707, 41.869574], [-87.656731, 41.86954], [-87.656685, 41.865037]]]}, "properties": {"sq": "891_9270", "crime_n": 41, "crime_night_n": 17, "nta": "Near West Side", "boro": "Chicago"}}, {"type": "Feature", "geometry": {"type": "Polygon", "coordinates": [[[-87.656731, 41.86954], [-87.650707, 41.869574], [-87.650752, 41.874077], [-87.656777, 41.874043], [-87.656731, 41.86954]]]}, "properties": {"sq": "891_9271", "crime_n": 16, "crime_night_n": 7, "nta": "Near West Side", "boro": "Chicago"}}, {"type": "Feature", "geometry": {"type": "Polygon", "coordinates": [[[-87.656777, 41.874043], [-87.650752, 41.874077], [-87.650798, 41.87858], [-87.656823, 41.878546], [-87.656777, 41.874043]]]}, "properties": {"sq": "891_9272", "crime_n": 29, "crime_night_n": 9, "nta": "Near West Side", "boro": "Chicago"}}, {"type": "Feature", "geometry": {"type": "Polygon", "coordinates": [[[-87.656823, 41.878546], [-87.650798, 41.87858], [-87.650844, 41.883083], [-87.65687, 41.883049], [-87.656823, 41.878546]]]}, "properties": {"sq": "891_9273", "crime_n": 48, "crime_night_n": 17, "nta": "Near West Side", "boro": "Chicago"}}, {"type": "Feature", "geometry": {"type": "Polygon", "coordinates": [[[-87.65687, 41.883049], [-87.650844, 41.883083], [-87.650889, 41.887586], [-87.656916, 41.887552], [-87.65687, 41.883049]]]}, "properties": {"sq": "891_9274", "crime_n": 132, "crime_night_n": 89, "nta": "Near West Side", "boro": "Chicago"}}, {"type": "Feature", "geometry": {"type": "Polygon", "coordinates": [[[-87.656916, 41.887552], [-87.650889, 41.887586], [-87.650935, 41.89209], [-87.656962, 41.892055], [-87.656916, 41.887552]]]}, "properties": {"sq": "891_9275", "crime_n": 50, "crime_night_n": 27, "nta": "West Town", "boro": "Chicago"}}, {"type": "Feature", "geometry": {"type": "Polygon", "coordinates": [[[-87.656962, 41.892055], [-87.650935, 41.89209], [-87.650981, 41.896593], [-87.657008, 41.896558], [-87.656962, 41.892055]]]}, "properties": {"sq": "891_9276", "crime_n": 48, "crime_night_n": 20, "nta": "West Town", "boro": "Chicago"}}, {"type": "Feature", "geometry": {"type": "Polygon", "coordinates": [[[-87.657008, 41.896558], [-87.650981, 41.896593], [-87.651026, 41.901096], [-87.657054, 41.901062], [-87.657008, 41.896558]]]}, "properties": {"sq": "891_9277", "crime_n": 8, "crime_night_n": 3, "nta": "West Town", "boro": "Chicago"}}, {"type": "Feature", "geometry": {"type": "Polygon", "coordinates": [[[-87.657054, 41.901062], [-87.651026, 41.901096], [-87.651072, 41.905599], [-87.6571, 41.905565], [-87.657054, 41.901062]]]}, "properties": {"sq": "891_9278", "crime_n": 14, "crime_night_n": 2, "nta": "Near North Side", "boro": "Chicago"}}, {"type": "Feature", "geometry": {"type": "Polygon", "coordinates": [[[-87.6571, 41.905565], [-87.651072, 41.905599], [-87.651118, 41.910102], [-87.657146, 41.910068], [-87.6571, 41.905565]]]}, "properties": {"sq": "891_9279", "crime_n": 30, "crime_night_n": 23, "nta": "Near North Side", "boro": "Chicago"}}, {"type": "Feature", "geometry": {"type": "Polygon", "coordinates": [[[-87.657146, 41.910068], [-87.651118, 41.910102], [-87.651164, 41.914605], [-87.657193, 41.914571], [-87.657146, 41.910068]]]}, "properties": {"sq": "891_9280", "crime_n": 24, "crime_night_n": 9, "nta": "Lincoln Park", "boro": "Chicago"}}, {"type": "Feature", "geometry": {"type": "Polygon", "coordinates": [[[-87.657193, 41.914571], [-87.651164, 41.914605], [-87.65121, 41.919108], [-87.657239, 41.919074], [-87.657193, 41.914571]]]}, "properties": {"sq": "891_9281", "crime_n": 20, "crime_night_n": 8, "nta": "Lincoln Park", "boro": "Chicago"}}, {"type": "Feature", "geometry": {"type": "Polygon", "coordinates": [[[-87.657239, 41.919074], [-87.65121, 41.919108], [-87.651255, 41.923611], [-87.657285, 41.923577], [-87.657239, 41.919074]]]}, "properties": {"sq": "891_9282", "crime_n": 18, "crime_night_n": 9, "nta": "Lincoln Park", "boro": "Chicago"}}, {"type": "Feature", "geometry": {"type": "Polygon", "coordinates": [[[-87.657285, 41.923577], [-87.651255, 41.923611], [-87.651301, 41.928115], [-87.657331, 41.92808], [-87.657285, 41.923577]]]}, "properties": {"sq": "891_9283", "crime_n": 36, "crime_night_n": 17, "nta": "Lincoln Park", "boro": "Chicago"}}, {"type": "Feature", "geometry": {"type": "Polygon", "coordinates": [[[-87.657331, 41.92808], [-87.651301, 41.928115], [-87.651347, 41.932618], [-87.657378, 41.932583], [-87.657331, 41.92808]]]}, "properties": {"sq": "891_9284", "crime_n": 19, "crime_night_n": 8, "nta": "Lincoln Park", "boro": "Chicago"}}, {"type": "Feature", "geometry": {"type": "Polygon", "coordinates": [[[-87.657378, 41.932583], [-87.651347, 41.932618], [-87.651393, 41.937121], [-87.657424, 41.937086], [-87.657378, 41.932583]]]}, "properties": {"sq": "891_9285", "crime_n": 24, "crime_night_n": 9, "nta": "Lake View", "boro": "Chicago"}}, {"type": "Feature", "geometry": {"type": "Polygon", "coordinates": [[[-87.657424, 41.937086], [-87.651393, 41.937121], [-87.651439, 41.941624], [-87.65747, 41.941589], [-87.657424, 41.937086]]]}, "properties": {"sq": "891_9286", "crime_n": 89, "crime_night_n": 52, "nta": "Lake View", "boro": "Chicago"}}, {"type": "Feature", "geometry": {"type": "Polygon", "coordinates": [[[-87.65747, 41.941589], [-87.651439, 41.941624], [-87.651484, 41.946127], [-87.657516, 41.946093], [-87.65747, 41.941589]]]}, "properties": {"sq": "891_9287", "crime_n": 122, "crime_night_n": 98, "nta": "Lake View", "boro": "Chicago"}}, {"type": "Feature", "geometry": {"type": "Polygon", "coordinates": [[[-87.657516, 41.946093], [-87.651484, 41.946127], [-87.65153, 41.95063], [-87.657563, 41.950596], [-87.657516, 41.946093]]]}, "properties": {"sq": "891_9288", "crime_n": 221, "crime_night_n": 141, "nta": "Lake View", "boro": "Chicago"}}, {"type": "Feature", "geometry": {"type": "Polygon", "coordinates": [[[-87.657563, 41.950596], [-87.65153, 41.95063], [-87.651576, 41.955133], [-87.657609, 41.955099], [-87.657563, 41.950596]]]}, "properties": {"sq": "891_9289", "crime_n": 50, "crime_night_n": 19, "nta": "Lake View", "boro": "Chicago"}}, {"type": "Feature", "geometry": {"type": "Polygon", "coordinates": [[[-87.657609, 41.955099], [-87.651576, 41.955133], [-87.651622, 41.959636], [-87.657655, 41.959602], [-87.657609, 41.955099]]]}, "properties": {"sq": "891_9290", "crime_n": 54, "crime_night_n": 17, "nta": "Uptown", "boro": "Chicago"}}, {"type": "Feature", "geometry": {"type": "Polygon", "coordinates": [[[-87.657655, 41.959602], [-87.651622, 41.959636], [-87.651668, 41.964139], [-87.657701, 41.964105], [-87.657655, 41.959602]]]}, "properties": {"sq": "891_9291", "crime_n": 113, "crime_night_n": 30, "nta": "Uptown", "boro": "Chicago"}}, {"type": "Feature", "geometry": {"type": "Polygon", "coordinates": [[[-87.657701, 41.964105], [-87.651668, 41.964139], [-87.651714, 41.968642], [-87.657748, 41.968608], [-87.657701, 41.964105]]]}, "properties": {"sq": "891_9292", "crime_n": 175, "crime_night_n": 46, "nta": "Uptown", "boro": "Chicago"}}, {"type": "Feature", "geometry": {"type": "Polygon", "coordinates": [[[-87.657748, 41.968608], [-87.651714, 41.968642], [-87.65176, 41.973145], [-87.657794, 41.973111], [-87.657748, 41.968608]]]}, "properties": {"sq": "891_9293", "crime_n": 97, "crime_night_n": 29, "nta": "Uptown", "boro": "Chicago"}}, {"type": "Feature", "geometry": {"type": "Polygon", "coordinates": [[[-87.657794, 41.973111], [-87.65176, 41.973145], [-87.651806, 41.977648], [-87.65784, 41.977614], [-87.657794, 41.973111]]]}, "properties": {"sq": "891_9294", "crime_n": 163, "crime_night_n": 52, "nta": "Uptown", "boro": "Chicago"}}, {"type": "Feature", "geometry": {"type": "Polygon", "coordinates": [[[-87.65784, 41.977614], [-87.651806, 41.977648], [-87.651852, 41.982151], [-87.657887, 41.982117], [-87.65784, 41.977614]]]}, "properties": {"sq": "891_9295", "crime_n": 50, "crime_night_n": 15, "nta": "Edgewater", "boro": "Chicago"}}, {"type": "Feature", "geometry": {"type": "Polygon", "coordinates": [[[-87.657887, 41.982117], [-87.651852, 41.982151], [-87.651897, 41.986655], [-87.657933, 41.98662], [-87.657887, 41.982117]]]}, "properties": {"sq": "891_9296", "crime_n": 85, "crime_night_n": 29, "nta": "Edgewater", "boro": "Chicago"}}, {"type": "Feature", "geometry": {"type": "Polygon", "coordinates": [[[-87.657933, 41.98662], [-87.651897, 41.986655], [-87.651943, 41.991158], [-87.65798, 41.991123], [-87.657933, 41.98662]]]}, "properties": {"sq": "891_9297", "crime_n": 42, "crime_night_n": 16, "nta": "Edgewater", "boro": "Chicago"}}, {"type": "Feature", "geometry": {"type": "Polygon", "coordinates": [[[-87.65798, 41.991123], [-87.651943, 41.991158], [-87.651989, 41.995661], [-87.658026, 41.995626], [-87.65798, 41.991123]]]}, "properties": {"sq": "891_9298", "crime_n": 45, "crime_night_n": 17, "nta": "Edgewater", "boro": "Chicago"}}, {"type": "Feature", "geometry": {"type": "Polygon", "coordinates": [[[-87.658026, 41.995626], [-87.651989, 41.995661], [-87.652035, 42.000164], [-87.658072, 42.000129], [-87.658026, 41.995626]]]}, "properties": {"sq": "891_9299", "crime_n": 10, "crime_night_n": 5, "nta": "Edgewater", "boro": "Chicago"}}, {"type": "Feature", "geometry": {"type": "Polygon", "coordinates": [[[-87.658072, 42.000129], [-87.652035, 42.000164], [-87.652081, 42.004667], [-87.658119, 42.004632], [-87.658072, 42.000129]]]}, "properties": {"sq": "891_9300", "crime_n": 7, "crime_night_n": 3, "nta": "Rogers Park", "boro": "Chicago"}}, {"type": "Feature", "geometry": {"type": "Polygon", "coordinates": [[[-87.658119, 42.004632], [-87.652081, 42.004667], [-87.652127, 42.00917], [-87.658165, 42.009135], [-87.658119, 42.004632]]]}, "properties": {"sq": "891_9301", "crime_n": 0, "crime_night_n": 0, "nta": "Rogers Park", "boro": "Chicago"}}, {"type": "Feature", "geometry": {"type": "Polygon", "coordinates": [[[-87.648526, 41.653419], [-87.642522, 41.653453], [-87.642567, 41.657956], [-87.648572, 41.657922], [-87.648526, 41.653419]]]}, "properties": {"sq": "892_9223", "crime_n": 0, "crime_night_n": 0, "nta": "West Pullman", "boro": "Chicago"}}, {"type": "Feature", "geometry": {"type": "Polygon", "coordinates": [[[-87.648572, 41.657922], [-87.642567, 41.657956], [-87.642611, 41.662459], [-87.648617, 41.662425], [-87.648572, 41.657922]]]}, "properties": {"sq": "892_9224", "crime_n": 13, "crime_night_n": 7, "nta": "West Pullman", "boro": "Chicago"}}, {"type": "Feature", "geometry": {"type": "Polygon", "coordinates": [[[-87.648617, 41.662425], [-87.642611, 41.662459], [-87.642656, 41.666963], [-87.648662, 41.666929], [-87.648617, 41.662425]]]}, "properties": {"sq": "892_9225", "crime_n": 4, "crime_night_n": 2, "nta": "West Pullman", "boro": "Chicago"}}, {"type": "Feature", "geometry": {"type": "Polygon", "coordinates": [[[-87.648662, 41.666929], [-87.642656, 41.666963], [-87.642701, 41.671466], [-87.648707, 41.671432], [-87.648662, 41.666929]]]}, "properties": {"sq": "892_9226", "crime_n": 2, "crime_night_n": 2, "nta": "West Pullman", "boro": "Chicago"}}, {"type": "Feature", "geometry": {"type": "Polygon", "coordinates": [[[-87.648707, 41.671432], [-87.642701, 41.671466], [-87.642746, 41.675969], [-87.648752, 41.675935], [-87.648707, 41.671432]]]}, "properties": {"sq": "892_9227", "crime_n": 8, "crime_night_n": 4, "nta": "West Pullman", "boro": "Chicago"}}, {"type": "Feature", "geometry": {"type": "Polygon", "coordinates": [[[-87.648752, 41.675935], [-87.642746, 41.675969], [-87.642791, 41.680472], [-87.648798, 41.680439], [-87.648752, 41.675935]]]}, "properties": {"sq": "892_9228", "crime_n": 16, "crime_night_n": 7, "nta": "West Pullman", "boro": "Chicago"}}, {"type": "Feature", "geometry": {"type": "Polygon", "coordinates": [[[-87.648798, 41.680439], [-87.642791, 41.680472], [-87.642835, 41.684976], [-87.648843, 41.684942], [-87.648798, 41.680439]]]}, "properties": {"sq": "892_9229", "crime_n": 42, "crime_night_n": 10, "nta": "West Pullman", "boro": "Chicago"}}, {"type": "Feature", "geometry": {"type": "Polygon", "coordinates": [[[-87.648843, 41.684942], [-87.642835, 41.684976], [-87.64288, 41.689479], [-87.648888, 41.689445], [-87.648843, 41.684942]]]}, "properties": {"sq": "892_9230", "crime_n": 20, "crime_night_n": 9, "nta": "Morgan Park", "boro": "Chicago"}}, {"type": "Feature", "geometry": {"type": "Polygon", "coordinates": [[[-87.648888, 41.689445], [-87.64288, 41.689479], [-87.642925, 41.693982], [-87.648933, 41.693949], [-87.648888, 41.689445]]]}, "properties": {"sq": "892_9231", "crime_n": 13, "crime_night_n": 7, "nta": "Morgan Park", "boro": "Chicago"}}, {"type": "Feature", "geometry": {"type": "Polygon", "coordinates": [[[-87.648933, 41.693949], [-87.642925, 41.693982], [-87.64297, 41.698486], [-87.648979, 41.698452], [-87.648933, 41.693949]]]}, "properties": {"sq": "892_9232", "crime_n": 8, "crime_night_n": 4, "nta": "Morgan Park", "boro": "Chicago"}}, {"type": "Feature", "geometry": {"type": "Polygon", "coordinates": [[[-87.648979, 41.698452], [-87.64297, 41.698486], [-87.643015, 41.702989], [-87.649024, 41.702955], [-87.648979, 41.698452]]]}, "properties": {"sq": "892_9233", "crime_n": 21, "crime_night_n": 4, "nta": "Washington Heights", "boro": "Chicago"}}, {"type": "Feature", "geometry": {"type": "Polygon", "coordinates": [[[-87.649024, 41.702955], [-87.643015, 41.702989], [-87.64306, 41.707492], [-87.649069, 41.707458], [-87.649024, 41.702955]]]}, "properties": {"sq": "892_9234", "crime_n": 35, "crime_night_n": 10, "nta": "Washington Heights", "boro": "Chicago"}}, {"type": "Feature", "geometry": {"type": "Polygon", "coordinates": [[[-87.649069, 41.707458], [-87.64306, 41.707492], [-87.643104, 41.711995], [-87.649114, 41.711962], [-87.649069, 41.707458]]]}, "properties": {"sq": "892_9235", "crime_n": 25, "crime_night_n": 8, "nta": "Washington Heights", "boro": "Chicago"}}, {"type": "Feature", "geometry": {"type": "Polygon", "coordinates": [[[-87.649114, 41.711962], [-87.643104, 41.711995], [-87.643149, 41.716499], [-87.64916, 41.716465], [-87.649114, 41.711962]]]}, "properties": {"sq": "892_9236", "crime_n": 11, "crime_night_n": 4, "nta": "Washington Heights", "boro": "Chicago"}}, {"type": "Feature", "geometry": {"type": "Polygon", "coordinates": [[[-87.64916, 41.716465], [-87.643149, 41.716499], [-87.643194, 41.721002], [-87.649205, 41.720968], [-87.64916, 41.716465]]]}, "properties": {"sq": "892_9237", "crime_n": 15, "crime_night_n": 4, "nta": "Washington Heights", "boro": "Chicago"}}, {"type": "Feature", "geometry": {"type": "Polygon", "coordinates": [[[-87.649205, 41.720968], [-87.643194, 41.721002], [-87.643239, 41.725505], [-87.64925, 41.725471], [-87.649205, 41.720968]]]}, "properties": {"sq": "892_9238", "crime_n": 39, "crime_night_n": 10, "nta": "Washington Heights", "boro": "Chicago"}}, {"type": "Feature", "geometry": {"type": "Polygon", "coordinates": [[[-87.64925, 41.725471], [-87.643239, 41.725505], [-87.643284, 41.730009], [-87.649296, 41.729975], [-87.64925, 41.725471]]]}, "properties": {"sq": "892_9239", "crime_n": 14, "crime_night_n": 3, "nta": "Washington Heights", "boro": "Chicago"}}, {"type": "Feature", "geometry": {"type": "Polygon", "coordinates": [[[-87.649296, 41.729975], [-87.643284, 41.730009], [-87.643329, 41.734512], [-87.649341, 41.734478], [-87.649296, 41.729975]]]}, "properties": {"sq": "892_9240", "crime_n": 10, "crime_night_n": 4, "nta": "Auburn Gresham", "boro": "Chicago"}}, {"type": "Feature", "geometry": {"type": "Polygon", "coordinates": [[[-87.649341, 41.734478], [-87.643329, 41.734512], [-87.643374, 41.739015], [-87.649386, 41.738981], [-87.649341, 41.734478]]]}, "properties": {"sq": "892_9241", "crime_n": 84, "crime_night_n": 25, "nta": "Auburn Gresham", "boro": "Chicago"}}, {"type": "Feature", "geometry": {"type": "Polygon", "coordinates": [[[-87.649386, 41.738981], [-87.643374, 41.739015], [-87.643419, 41.743518], [-87.649432, 41.743484], [-87.649386, 41.738981]]]}, "properties": {"sq": "892_9242", "crime_n": 47, "crime_night_n": 28, "nta": "Auburn Gresham", "boro": "Chicago"}}, {"type": "Feature", "geometry": {"type": "Polygon", "coordinates": [[[-87.649432, 41.743484], [-87.643419, 41.743518], [-87.643464, 41.748022], [-87.649477, 41.747988], [-87.649432, 41.743484]]]}, "properties": {"sq": "892_9243", "crime_n": 61, "crime_night_n": 27, "nta": "Auburn Gresham", "boro": "Chicago"}}, {"type": "Feature", "geometry": {"type": "Polygon", "coordinates": [[[-87.649477, 41.747988], [-87.643464, 41.748022], [-87.643509, 41.752525], [-87.649523, 41.752491], [-87.649477, 41.747988]]]}, "properties": {"sq": "892_9244", "crime_n": 161, "crime_night_n": 86, "nta": "Auburn Gresham", "boro": "Chicago"}}, {"type": "Feature", "geometry": {"type": "Polygon", "coordinates": [[[-87.649523, 41.752491], [-87.643509, 41.752525], [-87.643554, 41.757028], [-87.649568, 41.756994], [-87.649523, 41.752491]]]}, "properties": {"sq": "892_9245", "crime_n": 107, "crime_night_n": 39, "nta": "Auburn Gresham", "boro": "Chicago"}}, {"type": "Feature", "geometry": {"type": "Polygon", "coordinates": [[[-87.649568, 41.756994], [-87.643554, 41.757028], [-87.643599, 41.761531], [-87.649613, 41.761497], [-87.649568, 41.756994]]]}, "properties": {"sq": "892_9246", "crime_n": 76, "crime_night_n": 33, "nta": "Englewood", "boro": "Chicago"}}, {"type": "Feature", "geometry": {"type": "Polygon", "coordinates": [[[-87.649613, 41.761497], [-87.643599, 41.761531], [-87.643644, 41.766034], [-87.649659, 41.766001], [-87.649613, 41.761497]]]}, "properties": {"sq": "892_9247", "crime_n": 95, "crime_night_n": 43, "nta": "Englewood", "boro": "Chicago"}}, {"type": "Feature", "geometry": {"type": "Polygon", "coordinates": [[[-87.649659, 41.766001], [-87.643644, 41.766034], [-87.643689, 41.770538], [-87.649704, 41.770504], [-87.649659, 41.766001]]]}, "properties": {"sq": "892_9248", "crime_n": 119, "crime_night_n": 49, "nta": "Englewood", "boro": "Chicago"}}, {"type": "Feature", "geometry": {"type": "Polygon", "coordinates": [[[-87.649704, 41.770504], [-87.643689, 41.770538], [-87.643734, 41.775041], [-87.64975, 41.775007], [-87.649704, 41.770504]]]}, "properties": {"sq": "892_9249", "crime_n": 107, "crime_night_n": 44, "nta": "Englewood", "boro": "Chicago"}}, {"type": "Feature", "geometry": {"type": "Polygon", "coordinates": [[[-87.64975, 41.775007], [-87.643734, 41.775041], [-87.643779, 41.779544], [-87.649795, 41.77951], [-87.64975, 41.775007]]]}, "properties": {"sq": "892_9250", "crime_n": 83, "crime_night_n": 31, "nta": "Englewood", "boro": "Chicago"}}, {"type": "Feature", "geometry": {"type": "Polygon", "coordinates": [[[-87.649795, 41.77951], [-87.643779, 41.779544], [-87.643824, 41.784047], [-87.649841, 41.784014], [-87.649795, 41.77951]]]}, "properties": {"sq": "892_9251", "crime_n": 99, "crime_night_n": 25, "nta": "Englewood", "boro": "Chicago"}}, {"type": "Feature", "geometry": {"type": "Polygon", "coordinates": [[[-87.649841, 41.784014], [-87.643824, 41.784047], [-87.643869, 41.788551], [-87.649886, 41.788517], [-87.649841, 41.784014]]]}, "properties": {"sq": "892_9252", "crime_n": 73, "crime_night_n": 27, "nta": "Englewood", "boro": "Chicago"}}, {"type": "Feature", "geometry": {"type": "Polygon", "coordinates": [[[-87.649886, 41.788517], [-87.643869, 41.788551], [-87.643914, 41.793054], [-87.649932, 41.79302], [-87.649886, 41.788517]]]}, "properties": {"sq": "892_9253", "crime_n": 39, "crime_night_n": 15, "nta": "Englewood", "boro": "Chicago"}}, {"type": "Feature", "geometry": {"type": "Polygon", "coordinates": [[[-87.649932, 41.79302], [-87.643914, 41.793054], [-87.643959, 41.797557], [-87.649977, 41.797523], [-87.649932, 41.79302]]]}, "properties": {"sq": "892_9254", "crime_n": 74, "crime_night_n": 28, "nta": "New City", "boro": "Chicago"}}, {"type": "Feature", "geometry": {"type": "Polygon", "coordinates": [[[-87.649977, 41.797523], [-87.643959, 41.797557], [-87.644004, 41.80206], [-87.650023, 41.802026], [-87.649977, 41.797523]]]}, "properties": {"sq": "892_9255", "crime_n": 61, "crime_night_n": 30, "nta": "New City", "boro": "Chicago"}}, {"type": "Feature", "geometry": {"type": "Polygon", "coordinates": [[[-87.650023, 41.802026], [-87.644004, 41.80206], [-87.644049, 41.806563], [-87.650068, 41.80653], [-87.650023, 41.802026]]]}, "properties": {"sq": "892_9256", "crime_n": 20, "crime_night_n": 7, "nta": "New City", "boro": "Chicago"}}, {"type": "Feature", "geometry": {"type": "Polygon", "coordinates": [[[-87.650068, 41.80653], [-87.644049, 41.806563], [-87.644094, 41.811067], [-87.650114, 41.811033], [-87.650068, 41.80653]]]}, "properties": {"sq": "892_9257", "crime_n": 29, "crime_night_n": 12, "nta": "New City", "boro": "Chicago"}}, {"type": "Feature", "geometry": {"type": "Polygon", "coordinates": [[[-87.650114, 41.811033], [-87.644094, 41.811067], [-87.64414, 41.81557], [-87.650159, 41.815536], [-87.650114, 41.811033]]]}, "properties": {"sq": "892_9258", "crime_n": 11, "crime_night_n": 1, "nta": "New City", "boro": "Chicago"}}, {"type": "Feature", "geometry": {"type": "Polygon", "coordinates": [[[-87.650159, 41.815536], [-87.64414, 41.81557], [-87.644185, 41.820073], [-87.650205, 41.820039], [-87.650159, 41.815536]]]}, "properties": {"sq": "892_9259", "crime_n": 7, "crime_night_n": 2, "nta": "New City", "boro": "Chicago"}}, {"type": "Feature", "geometry": {"type": "Polygon", "coordinates": [[[-87.650205, 41.820039], [-87.644185, 41.820073], [-87.64423, 41.824576], [-87.65025, 41.824542], [-87.650205, 41.820039]]]}, "properties": {"sq": "892_9260", "crime_n": 9, "crime_night_n": 2, "nta": "New City", "boro": "Chicago"}}, {"type": "Feature", "geometry": {"type": "Polygon", "coordinates": [[[-87.65025, 41.824542], [-87.64423, 41.824576], [-87.644275, 41.829079], [-87.650296, 41.829045], [-87.65025, 41.824542]]]}, "properties": {"sq": "892_9261", "crime_n": 9, "crime_night_n": 4, "nta": "Bridgeport", "boro": "Chicago"}}, {"type": "Feature", "geometry": {"type": "Polygon", "coordinates": [[[-87.650296, 41.829045], [-87.644275, 41.829079], [-87.64432, 41.833583], [-87.650341, 41.833549], [-87.650296, 41.829045]]]}, "properties": {"sq": "892_9262", "crime_n": 63, "crime_night_n": 30, "nta": "Bridgeport", "boro": "Chicago"}}, {"type": "Feature", "geometry": {"type": "Polygon", "coordinates": [[[-87.650341, 41.833549], [-87.64432, 41.833583], [-87.644365, 41.838086], [-87.650387, 41.838052], [-87.650341, 41.833549]]]}, "properties": {"sq": "892_9263", "crime_n": 95, "crime_night_n": 39, "nta": "Bridgeport", "boro": "Chicago"}}, {"type": "Feature", "geometry": {"type": "Polygon", "coordinates": [[[-87.650387, 41.838052], [-87.644365, 41.838086], [-87.644411, 41.842589], [-87.650433, 41.842555], [-87.650387, 41.838052]]]}, "properties": {"sq": "892_9264", "crime_n": 62, "crime_night_n": 18, "nta": "Bridgeport", "boro": "Chicago"}}, {"type": "Feature", "geometry": {"type": "Polygon", "coordinates": [[[-87.650433, 41.842555], [-87.644411, 41.842589], [-87.644456, 41.847092], [-87.650478, 41.847058], [-87.650433, 41.842555]]]}, "properties": {"sq": "892_9265", "crime_n": 16, "crime_night_n": 8, "nta": "Bridgeport", "boro": "Chicago"}}, {"type": "Feature", "geometry": {"type": "Polygon", "coordinates": [[[-87.650478, 41.847058], [-87.644456, 41.847092], [-87.644501, 41.851595], [-87.650524, 41.851561], [-87.650478, 41.847058]]]}, "properties": {"sq": "892_9266", "crime_n": 68, "crime_night_n": 15, "nta": "Lower West Side", "boro": "Chicago"}}, {"type": "Feature", "geometry": {"type": "Polygon", "coordinates": [[[-87.650524, 41.851561], [-87.644501, 41.851595], [-87.644546, 41.856098], [-87.65057, 41.856064], [-87.650524, 41.851561]]]}, "properties": {"sq": "892_9267", "crime_n": 37, "crime_night_n": 16, "nta": "Lower West Side", "boro": "Chicago"}}, {"type": "Feature", "geometry": {"type": "Polygon", "coordinates": [[[-87.65057, 41.856064], [-87.644546, 41.856098], [-87.644591, 41.860602], [-87.650615, 41.860568], [-87.65057, 41.856064]]]}, "properties": {"sq": "892_9268", "crime_n": 41, "crime_night_n": 24, "nta": "Lower West Side", "boro": "Chicago"}}, {"type": "Feature", "geometry": {"type": "Polygon", "coordinates": [[[-87.650615, 41.860568], [-87.644591, 41.860602], [-87.644637, 41.865105], [-87.650661, 41.865071], [-87.650615, 41.860568]]]}, "properties": {"sq": "892_9269", "crime_n": 35, "crime_night_n": 16, "nta": "Near West Side", "boro": "Chicago"}}, {"type": "Feature", "geometry": {"type": "Polygon", "coordinates": [[[-87.650661, 41.865071], [-87.644637, 41.865105], [-87.644682, 41.869608], [-87.650707, 41.869574], [-87.650661, 41.865071]]]}, "properties": {"sq": "892_9270", "crime_n": 32, "crime_night_n": 13, "nta": "Near West Side", "boro": "Chicago"}}, {"type": "Feature", "geometry": {"type": "Polygon", "coordinates": [[[-87.650707, 41.869574], [-87.644682, 41.869608], [-87.644727, 41.874111], [-87.650752, 41.874077], [-87.650707, 41.869574]]]}, "properties": {"sq": "892_9271", "crime_n": 4, "crime_night_n": 2, "nta": "Near West Side", "boro": "Chicago"}}, {"type": "Feature", "geometry": {"type": "Polygon", "coordinates": [[[-87.650752, 41.874077], [-87.644727, 41.874111], [-87.644772, 41.878614], [-87.650798, 41.87858], [-87.650752, 41.874077]]]}, "properties": {"sq": "892_9272", "crime_n": 56, "crime_night_n": 14, "nta": "Near West Side", "boro": "Chicago"}}, {"type": "Feature", "geometry": {"type": "Polygon", "coordinates": [[[-87.650798, 41.87858], [-87.644772, 41.878614], [-87.644818, 41.883117], [-87.650844, 41.883083], [-87.650798, 41.87858]]]}, "properties": {"sq": "892_9273", "crime_n": 84, "crime_night_n": 37, "nta": "Near West Side", "boro": "Chicago"}}, {"type": "Feature", "geometry": {"type": "Polygon", "coordinates": [[[-87.650844, 41.883083], [-87.644818, 41.883117], [-87.644863, 41.88762], [-87.650889, 41.887586], [-87.650844, 41.883083]]]}, "properties": {"sq": "892_9274", "crime_n": 179, "crime_night_n": 106, "nta": "Near West Side", "boro": "Chicago"}}, {"type": "Feature", "geometry": {"type": "Polygon", "coordinates": [[[-87.650889, 41.887586], [-87.644863, 41.88762], [-87.644908, 41.892124], [-87.650935, 41.89209], [-87.650889, 41.887586]]]}, "properties": {"sq": "892_9275", "crime_n": 50, "crime_night_n": 27, "nta": "West Town", "boro": "Chicago"}}, {"type": "Feature", "geometry": {"type": "Polygon", "coordinates": [[[-87.650935, 41.89209], [-87.644908, 41.892124], [-87.644953, 41.896627], [-87.650981, 41.896593], [-87.650935, 41.89209]]]}, "properties": {"sq": "892_9276", "crime_n": 27, "crime_night_n": 12, "nta": "West Town", "boro": "Chicago"}}, {"type": "Feature", "geometry": {"type": "Polygon", "coordinates": [[[-87.650981, 41.896593], [-87.644953, 41.896627], [-87.644999, 41.90113], [-87.651026, 41.901096], [-87.650981, 41.896593]]]}, "properties": {"sq": "892_9277", "crime_n": 11, "crime_night_n": 4, "nta": "Near North Side", "boro": "Chicago"}}, {"type": "Feature", "geometry": {"type": "Polygon", "coordinates": [[[-87.651026, 41.901096], [-87.644999, 41.90113], [-87.645044, 41.905633], [-87.651072, 41.905599], [-87.651026, 41.901096]]]}, "properties": {"sq": "892_9278", "crime_n": 25, "crime_night_n": 10, "nta": "Near North Side", "boro": "Chicago"}}, {"type": "Feature", "geometry": {"type": "Polygon", "coordinates": [[[-87.651072, 41.905599], [-87.645044, 41.905633], [-87.645089, 41.910136], [-87.651118, 41.910102], [-87.651072, 41.905599]]]}, "properties": {"sq": "892_9279", "crime_n": 51, "crime_night_n": 22, "nta": "Near North Side", "boro": "Chicago"}}, {"type": "Feature", "geometry": {"type": "Polygon", "coordinates": [[[-87.651118, 41.910102], [-87.645089, 41.910136], [-87.645135, 41.914639], [-87.651164, 41.914605], [-87.651118, 41.910102]]]}, "properties": {"sq": "892_9280", "crime_n": 26, "crime_night_n": 12, "nta": "Lincoln Park", "boro": "Chicago"}}, {"type": "Feature", "geometry": {"type": "Polygon", "coordinates": [[[-87.651164, 41.914605], [-87.645135, 41.914639], [-87.64518, 41.919142], [-87.65121, 41.919108], [-87.651164, 41.914605]]]}, "properties": {"sq": "892_9281", "crime_n": 24, "crime_night_n": 10, "nta": "Lincoln Park", "boro": "Chicago"}}, {"type": "Feature", "geometry": {"type": "Polygon", "coordinates": [[[-87.65121, 41.919108], [-87.64518, 41.919142], [-87.645226, 41.923645], [-87.651255, 41.923611], [-87.65121, 41.919108]]]}, "properties": {"sq": "892_9282", "crime_n": 20, "crime_night_n": 15, "nta": "Lincoln Park", "boro": "Chicago"}}, {"type": "Feature", "geometry": {"type": "Polygon", "coordinates": [[[-87.651255, 41.923611], [-87.645226, 41.923645], [-87.645271, 41.928149], [-87.651301, 41.928115], [-87.651255, 41.923611]]]}, "properties": {"sq": "892_9283", "crime_n": 32, "crime_night_n": 12, "nta": "Lincoln Park", "boro": "Chicago"}}, {"type": "Feature", "geometry": {"type": "Polygon", "coordinates": [[[-87.651301, 41.928115], [-87.645271, 41.928149], [-87.645316, 41.932652], [-87.651347, 41.932618], [-87.651301, 41.928115]]]}, "properties": {"sq": "892_9284", "crime_n": 25, "crime_night_n": 11, "nta": "Lincoln Park", "boro": "Chicago"}}, {"type": "Feature", "geometry": {"type": "Polygon", "coordinates": [[[-87.651347, 41.932618], [-87.645316, 41.932652], [-87.645362, 41.937155], [-87.651393, 41.937121], [-87.651347, 41.932618]]]}, "properties": {"sq": "892_9285", "crime_n": 60, "crime_night_n": 25, "nta": "Lake View", "boro": "Chicago"}}, {"type": "Feature", "geometry": {"type": "Polygon", "coordinates": [[[-87.651393, 41.937121], [-87.645362, 41.937155], [-87.645407, 41.941658], [-87.651439, 41.941624], [-87.651393, 41.937121]]]}, "properties": {"sq": "892_9286", "crime_n": 94, "crime_night_n": 58, "nta": "Lake View", "boro": "Chicago"}}, {"type": "Feature", "geometry": {"type": "Polygon", "coordinates": [[[-87.651439, 41.941624], [-87.645407, 41.941658], [-87.645453, 41.946161], [-87.651484, 41.946127], [-87.651439, 41.941624]]]}, "properties": {"sq": "892_9287", "crime_n": 162, "crime_night_n": 124, "nta": "Lake View", "boro": "Chicago"}}, {"type": "Feature", "geometry": {"type": "Polygon", "coordinates": [[[-87.651484, 41.946127], [-87.645453, 41.946161], [-87.645498, 41.950664], [-87.65153, 41.95063], [-87.651484, 41.946127]]]}, "properties": {"sq": "892_9288", "crime_n": 200, "crime_night_n": 122, "nta": "Lake View", "boro": "Chicago"}}, {"type": "Feature", "geometry": {"type": "Polygon", "coordinates": [[[-87.65153, 41.95063], [-87.645498, 41.950664], [-87.645543, 41.955167], [-87.651576, 41.955133], [-87.65153, 41.95063]]]}, "properties": {"sq": "892_9289", "crime_n": 86, "crime_night_n": 30, "nta": "Lake View", "boro": "Chicago"}}, {"type": "Feature", "geometry": {"type": "Polygon", "coordinates": [[[-87.651576, 41.955133], [-87.645543, 41.955167], [-87.645589, 41.95967], [-87.651622, 41.959636], [-87.651576, 41.955133]]]}, "properties": {"sq": "892_9290", "crime_n": 43, "crime_night_n": 15, "nta": "Uptown", "boro": "Chicago"}}, {"type": "Feature", "geometry": {"type": "Polygon", "coordinates": [[[-87.651622, 41.959636], [-87.645589, 41.95967], [-87.645634, 41.964173], [-87.651668, 41.964139], [-87.651622, 41.959636]]]}, "properties": {"sq": "892_9291", "crime_n": 56, "crime_night_n": 23, "nta": "Uptown", "boro": "Chicago"}}, {"type": "Feature", "geometry": {"type": "Polygon", "coordinates": [[[-87.651668, 41.964139], [-87.645634, 41.964173], [-87.64568, 41.968676], [-87.651714, 41.968642], [-87.651668, 41.964139]]]}, "properties": {"sq": "892_9292", "crime_n": 61, "crime_night_n": 31, "nta": "Uptown", "boro": "Chicago"}}, {"type": "Feature", "geometry": {"type": "Polygon", "coordinates": [[[-87.651714, 41.968642], [-87.64568, 41.968676], [-87.645725, 41.973179], [-87.65176, 41.973145], [-87.651714, 41.968642]]]}, "properties": {"sq": "892_9293", "crime_n": 65, "crime_night_n": 26, "nta": "Uptown", "boro": "Chicago"}}, {"type": "Feature", "geometry": {"type": "Polygon", "coordinates": [[[-87.65176, 41.973145], [-87.645725, 41.973179], [-87.645771, 41.977683], [-87.651806, 41.977648], [-87.65176, 41.973145]]]}, "properties": {"sq": "892_9294", "crime_n": 23, "crime_night_n": 9, "nta": "Uptown", "boro": "Chicago"}}, {"type": "Feature", "geometry": {"type": "Polygon", "coordinates": [[[-87.651806, 41.977648], [-87.645771, 41.977683], [-87.645816, 41.982186], [-87.651852, 41.982151], [-87.651806, 41.977648]]]}, "properties": {"sq": "892_9295", "crime_n": 1, "crime_night_n": 0, "nta": "Edgewater", "boro": "Chicago"}}, {"type": "Feature", "geometry": {"type": "Polygon", "coordinates": [[[-87.651852, 41.982151], [-87.645816, 41.982186], [-87.645862, 41.986689], [-87.651897, 41.986655], [-87.651852, 41.982151]]]}, "properties": {"sq": "892_9296", "crime_n": 0, "crime_night_n": 0, "nta": "Edgewater", "boro": "Chicago"}}, {"type": "Feature", "geometry": {"type": "Polygon", "coordinates": [[[-87.642522, 41.653453], [-87.636517, 41.653486], [-87.636562, 41.657989], [-87.642567, 41.657956], [-87.642522, 41.653453]]]}, "properties": {"sq": "893_9223", "crime_n": 0, "crime_night_n": 0, "nta": "West Pullman", "boro": "Chicago"}}, {"type": "Feature", "geometry": {"type": "Polygon", "coordinates": [[[-87.642567, 41.657956], [-87.636562, 41.657989], [-87.636606, 41.662493], [-87.642611, 41.662459], [-87.642567, 41.657956]]]}, "properties": {"sq": "893_9224", "crime_n": 14, "crime_night_n": 8, "nta": "West Pullman", "boro": "Chicago"}}, {"type": "Feature", "geometry": {"type": "Polygon", "coordinates": [[[-87.642611, 41.662459], [-87.636606, 41.662493], [-87.63665, 41.666996], [-87.642656, 41.666963], [-87.642611, 41.662459]]]}, "properties": {"sq": "893_9225", "crime_n": 26, "crime_night_n": 7, "nta": "West Pullman", "boro": "Chicago"}}, {"type": "Feature", "geometry": {"type": "Polygon", "coordinates": [[[-87.642656, 41.666963], [-87.63665, 41.666996], [-87.636695, 41.671499], [-87.642701, 41.671466], [-87.642656, 41.666963]]]}, "properties": {"sq": "893_9226", "crime_n": 29, "crime_night_n": 12, "nta": "West Pullman", "boro": "Chicago"}}, {"type": "Feature", "geometry": {"type": "Polygon", "coordinates": [[[-87.642701, 41.671466], [-87.636695, 41.671499], [-87.636739, 41.676003], [-87.642746, 41.675969], [-87.642701, 41.671466]]]}, "properties": {"sq": "893_9227", "crime_n": 42, "crime_night_n": 23, "nta": "West Pullman", "boro": "Chicago"}}, {"type": "Feature", "geometry": {"type": "Polygon", "coordinates": [[[-87.642746, 41.675969], [-87.636739, 41.676003], [-87.636783, 41.680506], [-87.642791, 41.680472], [-87.642746, 41.675969]]]}, "properties": {"sq": "893_9228", "crime_n": 54, "crime_night_n": 19, "nta": "West Pullman", "boro": "Chicago"}}, {"type": "Feature", "geometry": {"type": "Polygon", "coordinates": [[[-87.642791, 41.680472], [-87.636783, 41.680506], [-87.636828, 41.685009], [-87.642835, 41.684976], [-87.642791, 41.680472]]]}, "properties": {"sq": "893_9229", "crime_n": 43, "crime_night_n": 17, "nta": "West Pullman", "boro": "Chicago"}}, {"type": "Feature", "geometry": {"type": "Polygon", "coordinates": [[[-87.642835, 41.684976], [-87.636828, 41.685009], [-87.636872, 41.689512], [-87.64288, 41.689479], [-87.642835, 41.684976]]]}, "properties": {"sq": "893_9230", "crime_n": 47, "crime_night_n": 12, "nta": "Roseland", "boro": "Chicago"}}, {"type": "Feature", "geometry": {"type": "Polygon", "coordinates": [[[-87.64288, 41.689479], [-87.636872, 41.689512], [-87.636917, 41.694016], [-87.642925, 41.693982], [-87.64288, 41.689479]]]}, "properties": {"sq": "893_9231", "crime_n": 41, "crime_night_n": 12, "nta": "Roseland", "boro": "Chicago"}}, {"type": "Feature", "geometry": {"type": "Polygon", "coordinates": [[[-87.642925, 41.693982], [-87.636917, 41.694016], [-87.636961, 41.698519], [-87.64297, 41.698486], [-87.642925, 41.693982]]]}, "properties": {"sq": "893_9232", "crime_n": 14, "crime_night_n": 6, "nta": "Roseland", "boro": "Chicago"}}, {"type": "Feature", "geometry": {"type": "Polygon", "coordinates": [[[-87.64297, 41.698486], [-87.636961, 41.698519], [-87.637006, 41.703022], [-87.643015, 41.702989], [-87.64297, 41.698486]]]}, "properties": {"sq": "893_9233", "crime_n": 18, "crime_night_n": 8, "nta": "Roseland", "boro": "Chicago"}}, {"type": "Feature", "geometry": {"type": "Polygon", "coordinates": [[[-87.643015, 41.702989], [-87.637006, 41.703022], [-87.63705, 41.707526], [-87.64306, 41.707492], [-87.643015, 41.702989]]]}, "properties": {"sq": "893_9234", "crime_n": 40, "crime_night_n": 17, "nta": "Washington Heights", "boro": "Chicago"}}, {"type": "Feature", "geometry": {"type": "Polygon", "coordinates": [[[-87.64306, 41.707492], [-87.63705, 41.707526], [-87.637095, 41.712029], [-87.643104, 41.711995], [-87.64306, 41.707492]]]}, "properties": {"sq": "893_9235", "crime_n": 28, "crime_night_n": 6, "nta": "Washington Heights", "boro": "Chicago"}}, {"type": "Feature", "geometry": {"type": "Polygon", "coordinates": [[[-87.643104, 41.711995], [-87.637095, 41.712029], [-87.637139, 41.716532], [-87.643149, 41.716499], [-87.643104, 41.711995]]]}, "properties": {"sq": "893_9236", "crime_n": 37, "crime_night_n": 15, "nta": "Washington Heights", "boro": "Chicago"}}, {"type": "Feature", "geometry": {"type": "Polygon", "coordinates": [[[-87.643149, 41.716499], [-87.637139, 41.716532], [-87.637183, 41.721035], [-87.643194, 41.721002], [-87.643149, 41.716499]]]}, "properties": {"sq": "893_9237", "crime_n": 23, "crime_night_n": 12, "nta": "Washington Heights", "boro": "Chicago"}}, {"type": "Feature", "geometry": {"type": "Polygon", "coordinates": [[[-87.643194, 41.721002], [-87.637183, 41.721035], [-87.637228, 41.725539], [-87.643239, 41.725505], [-87.643194, 41.721002]]]}, "properties": {"sq": "893_9238", "crime_n": 31, "crime_night_n": 10, "nta": "Washington Heights", "boro": "Chicago"}}, {"type": "Feature", "geometry": {"type": "Polygon", "coordinates": [[[-87.643239, 41.725505], [-87.637228, 41.725539], [-87.637272, 41.730042], [-87.643284, 41.730009], [-87.643239, 41.725505]]]}, "properties": {"sq": "893_9239", "crime_n": 12, "crime_night_n": 4, "nta": "Washington Heights", "boro": "Chicago"}}, {"type": "Feature", "geometry": {"type": "Polygon", "coordinates": [[[-87.643284, 41.730009], [-87.637272, 41.730042], [-87.637317, 41.734545], [-87.643329, 41.734512], [-87.643284, 41.730009]]]}, "properties": {"sq": "893_9240", "crime_n": 38, "crime_night_n": 19, "nta": "Auburn Gresham", "boro": "Chicago"}}, {"type": "Feature", "geometry": {"type": "Polygon", "coordinates": [[[-87.643329, 41.734512], [-87.637317, 41.734545], [-87.637362, 41.739049], [-87.643374, 41.739015], [-87.643329, 41.734512]]]}, "properties": {"sq": "893_9241", "crime_n": 30, "crime_night_n": 11, "nta": "Auburn Gresham", "boro": "Chicago"}}, {"type": "Feature", "geometry": {"type": "Polygon", "coordinates": [[[-87.643374, 41.739015], [-87.637362, 41.739049], [-87.637406, 41.743552], [-87.643419, 41.743518], [-87.643374, 41.739015]]]}, "properties": {"sq": "893_9242", "crime_n": 37, "crime_night_n": 13, "nta": "Auburn Gresham", "boro": "Chicago"}}, {"type": "Feature", "geometry": {"type": "Polygon", "coordinates": [[[-87.643419, 41.743518], [-87.637406, 41.743552], [-87.637451, 41.748055], [-87.643464, 41.748022], [-87.643419, 41.743518]]]}, "properties": {"sq": "893_9243", "crime_n": 23, "crime_night_n": 10, "nta": "Auburn Gresham", "boro": "Chicago"}}, {"type": "Feature", "geometry": {"type": "Polygon", "coordinates": [[[-87.643464, 41.748022], [-87.637451, 41.748055], [-87.637495, 41.752558], [-87.643509, 41.752525], [-87.643464, 41.748022]]]}, "properties": {"sq": "893_9244", "crime_n": 64, "crime_night_n": 15, "nta": "Auburn Gresham", "boro": "Chicago"}}, {"type": "Feature", "geometry": {"type": "Polygon", "coordinates": [[[-87.643509, 41.752525], [-87.637495, 41.752558], [-87.63754, 41.757062], [-87.643554, 41.757028], [-87.643509, 41.752525]]]}, "properties": {"sq": "893_9245", "crime_n": 52, "crime_night_n": 21, "nta": "Auburn Gresham", "boro": "Chicago"}}, {"type": "Feature", "geometry": {"type": "Polygon", "coordinates": [[[-87.643554, 41.757028], [-87.63754, 41.757062], [-87.637584, 41.761565], [-87.643599, 41.761531], [-87.643554, 41.757028]]]}, "properties": {"sq": "893_9246", "crime_n": 45, "crime_night_n": 18, "nta": "Englewood", "boro": "Chicago"}}, {"type": "Feature", "geometry": {"type": "Polygon", "coordinates": [[[-87.643599, 41.761531], [-87.637584, 41.761565], [-87.637629, 41.766068], [-87.643644, 41.766034], [-87.643599, 41.761531]]]}, "properties": {"sq": "893_9247", "crime_n": 66, "crime_night_n": 12, "nta": "Englewood", "boro": "Chicago"}}, {"type": "Feature", "geometry": {"type": "Polygon", "coordinates": [[[-87.643644, 41.766034], [-87.637629, 41.766068], [-87.637673, 41.770571], [-87.643689, 41.770538], [-87.643644, 41.766034]]]}, "properties": {"sq": "893_9248", "crime_n": 44, "crime_night_n": 21, "nta": "Englewood", "boro": "Chicago"}}, {"type": "Feature", "geometry": {"type": "Polygon", "coordinates": [[[-87.643689, 41.770538], [-87.637673, 41.770571], [-87.637718, 41.775075], [-87.643734, 41.775041], [-87.643689, 41.770538]]]}, "properties": {"sq": "893_9249", "crime_n": 40, "crime_night_n": 12, "nta": "Englewood", "boro": "Chicago"}}, {"type": "Feature", "geometry": {"type": "Polygon", "coordinates": [[[-87.643734, 41.775041], [-87.637718, 41.775075], [-87.637763, 41.779578], [-87.643779, 41.779544], [-87.643734, 41.775041]]]}, "properties": {"sq": "893_9250", "crime_n": 51, "crime_night_n": 23, "nta": "Englewood", "boro": "Chicago"}}, {"type": "Feature", "geometry": {"type": "Polygon", "coordinates": [[[-87.643779, 41.779544], [-87.637763, 41.779578], [-87.637807, 41.784081], [-87.643824, 41.784047], [-87.643779, 41.779544]]]}, "properties": {"sq": "893_9251", "crime_n": 74, "crime_night_n": 17, "nta": "Englewood", "boro": "Chicago"}}, {"type": "Feature", "geometry": {"type": "Polygon", "coordinates": [[[-87.643824, 41.784047], [-87.637807, 41.784081], [-87.637852, 41.788584], [-87.643869, 41.788551], [-87.643824, 41.784047]]]}, "properties": {"sq": "893_9252", "crime_n": 24, "crime_night_n": 10, "nta": "Englewood", "boro": "Chicago"}}, {"type": "Feature", "geometry": {"type": "Polygon", "coordinates": [[[-87.643869, 41.788551], [-87.637852, 41.788584], [-87.637897, 41.793087], [-87.643914, 41.793054], [-87.643869, 41.788551]]]}, "properties": {"sq": "893_9253", "crime_n": 18, "crime_night_n": 10, "nta": "Englewood", "boro": "Chicago"}}, {"type": "Feature", "geometry": {"type": "Polygon", "coordinates": [[[-87.643914, 41.793054], [-87.637897, 41.793087], [-87.637941, 41.797591], [-87.643959, 41.797557], [-87.643914, 41.793054]]]}, "properties": {"sq": "893_9254", "crime_n": 35, "crime_night_n": 10, "nta": "Englewood", "boro": "Chicago"}}, {"type": "Feature", "geometry": {"type": "Polygon", "coordinates": [[[-87.643959, 41.797557], [-87.637941, 41.797591], [-87.637986, 41.802094], [-87.644004, 41.80206], [-87.643959, 41.797557]]]}, "properties": {"sq": "893_9255", "crime_n": 12, "crime_night_n": 3, "nta": "New City", "boro": "Chicago"}}, {"type": "Feature", "geometry": {"type": "Polygon", "coordinates": [[[-87.644004, 41.80206], [-87.637986, 41.802094], [-87.638031, 41.806597], [-87.644049, 41.806563], [-87.644004, 41.80206]]]}, "properties": {"sq": "893_9256", "crime_n": 13, "crime_night_n": 5, "nta": "New City", "boro": "Chicago"}}, {"type": "Feature", "geometry": {"type": "Polygon", "coordinates": [[[-87.644049, 41.806563], [-87.638031, 41.806597], [-87.638075, 41.8111], [-87.644094, 41.811067], [-87.644049, 41.806563]]]}, "properties": {"sq": "893_9257", "crime_n": 27, "crime_night_n": 11, "nta": "New City", "boro": "Chicago"}}, {"type": "Feature", "geometry": {"type": "Polygon", "coordinates": [[[-87.644094, 41.811067], [-87.638075, 41.8111], [-87.63812, 41.815603], [-87.64414, 41.81557], [-87.644094, 41.811067]]]}, "properties": {"sq": "893_9258", "crime_n": 27, "crime_night_n": 7, "nta": "New City", "boro": "Chicago"}}, {"type": "Feature", "geometry": {"type": "Polygon", "coordinates": [[[-87.64414, 41.81557], [-87.63812, 41.815603], [-87.638165, 41.820107], [-87.644185, 41.820073], [-87.64414, 41.81557]]]}, "properties": {"sq": "893_9259", "crime_n": 18, "crime_night_n": 10, "nta": "New City", "boro": "Chicago"}}, {"type": "Feature", "geometry": {"type": "Polygon", "coordinates": [[[-87.644185, 41.820073], [-87.638165, 41.820107], [-87.638209, 41.82461], [-87.64423, 41.824576], [-87.644185, 41.820073]]]}, "properties": {"sq": "893_9260", "crime_n": 19, "crime_night_n": 11, "nta": "New City", "boro": "Chicago"}}, {"type": "Feature", "geometry": {"type": "Polygon", "coordinates": [[[-87.64423, 41.824576], [-87.638209, 41.82461], [-87.638254, 41.829113], [-87.644275, 41.829079], [-87.64423, 41.824576]]]}, "properties": {"sq": "893_9261", "crime_n": 26, "crime_night_n": 15, "nta": "Bridgeport", "boro": "Chicago"}}, {"type": "Feature", "geometry": {"type": "Polygon", "coordinates": [[[-87.644275, 41.829079], [-87.638254, 41.829113], [-87.638299, 41.833616], [-87.64432, 41.833583], [-87.644275, 41.829079]]]}, "properties": {"sq": "893_9262", "crime_n": 22, "crime_night_n": 6, "nta": "Bridgeport", "boro": "Chicago"}}, {"type": "Feature", "geometry": {"type": "Polygon", "coordinates": [[[-87.64432, 41.833583], [-87.638299, 41.833616], [-87.638344, 41.838119], [-87.644365, 41.838086], [-87.64432, 41.833583]]]}, "properties": {"sq": "893_9263", "crime_n": 31, "crime_night_n": 13, "nta": "Bridgeport", "boro": "Chicago"}}, {"type": "Feature", "geometry": {"type": "Polygon", "coordinates": [[[-87.644365, 41.838086], [-87.638344, 41.838119], [-87.638388, 41.842623], [-87.644411, 41.842589], [-87.644365, 41.838086]]]}, "properties": {"sq": "893_9264", "crime_n": 31, "crime_night_n": 6, "nta": "Bridgeport", "boro": "Chicago"}}, {"type": "Feature", "geometry": {"type": "Polygon", "coordinates": [[[-87.644411, 41.842589], [-87.638388, 41.842623], [-87.638433, 41.847126], [-87.644456, 41.847092], [-87.644411, 41.842589]]]}, "properties": {"sq": "893_9265", "crime_n": 16, "crime_night_n": 11, "nta": "Bridgeport", "boro": "Chicago"}}, {"type": "Feature", "geometry": {"type": "Polygon", "coordinates": [[[-87.644456, 41.847092], [-87.638433, 41.847126], [-87.638478, 41.851629], [-87.644501, 41.851595], [-87.644456, 41.847092]]]}, "properties": {"sq": "893_9266", "crime_n": 21, "crime_night_n": 14, "nta": "Armour Square", "boro": "Chicago"}}, {"type": "Feature", "geometry": {"type": "Polygon", "coordinates": [[[-87.644501, 41.851595], [-87.638478, 41.851629], [-87.638523, 41.856132], [-87.644546, 41.856098], [-87.644501, 41.851595]]]}, "properties": {"sq": "893_9267", "crime_n": 30, "crime_night_n": 20, "nta": "Lower West Side", "boro": "Chicago"}}, {"type": "Feature", "geometry": {"type": "Polygon", "coordinates": [[[-87.644546, 41.856098], [-87.638523, 41.856132], [-87.638567, 41.860635], [-87.644591, 41.860602], [-87.644546, 41.856098]]]}, "properties": {"sq": "893_9268", "crime_n": 31, "crime_night_n": 17, "nta": "Lower West Side", "boro": "Chicago"}}, {"type": "Feature", "geometry": {"type": "Polygon", "coordinates": [[[-87.644591, 41.860602], [-87.638567, 41.860635], [-87.638612, 41.865138], [-87.644637, 41.865105], [-87.644591, 41.860602]]]}, "properties": {"sq": "893_9269", "crime_n": 59, "crime_night_n": 23, "nta": "Near West Side", "boro": "Chicago"}}, {"type": "Feature", "geometry": {"type": "Polygon", "coordinates": [[[-87.644637, 41.865105], [-87.638612, 41.865138], [-87.638657, 41.869642], [-87.644682, 41.869608], [-87.644637, 41.865105]]]}, "properties": {"sq": "893_9270", "crime_n": 176, "crime_night_n": 64, "nta": "Near West Side", "boro": "Chicago"}}, {"type": "Feature", "geometry": {"type": "Polygon", "coordinates": [[[-87.644682, 41.869608], [-87.638657, 41.869642], [-87.638702, 41.874145], [-87.644727, 41.874111], [-87.644682, 41.869608]]]}, "properties": {"sq": "893_9271", "crime_n": 42, "crime_night_n": 28, "nta": "Near West Side", "boro": "Chicago"}}, {"type": "Feature", "geometry": {"type": "Polygon", "coordinates": [[[-87.644727, 41.874111], [-87.638702, 41.874145], [-87.638747, 41.878648], [-87.644772, 41.878614], [-87.644727, 41.874111]]]}, "properties": {"sq": "893_9272", "crime_n": 114, "crime_night_n": 30, "nta": "Near West Side", "boro": "Chicago"}}, {"type": "Feature", "geometry": {"type": "Polygon", "coordinates": [[[-87.644772, 41.878614], [-87.638747, 41.878648], [-87.638792, 41.883151], [-87.644818, 41.883117], [-87.644772, 41.878614]]]}, "properties": {"sq": "893_9273", "crime_n": 79, "crime_night_n": 29, "nta": "Near West Side", "boro": "Chicago"}}, {"type": "Feature", "geometry": {"type": "Polygon", "coordinates": [[[-87.644818, 41.883117], [-87.638792, 41.883151], [-87.638837, 41.887654], [-87.644863, 41.88762], [-87.644818, 41.883117]]]}, "properties": {"sq": "893_9274", "crime_n": 83, "crime_night_n": 41, "nta": "Near West Side", "boro": "Chicago"}}, {"type": "Feature", "geometry": {"type": "Polygon", "coordinates": [[[-87.644863, 41.88762], [-87.638837, 41.887654], [-87.638881, 41.892157], [-87.644908, 41.892124], [-87.644863, 41.88762]]]}, "properties": {"sq": "893_9275", "crime_n": 55, "crime_night_n": 23, "nta": "West Town", "boro": "Chicago"}}, {"type": "Feature", "geometry": {"type": "Polygon", "coordinates": [[[-87.644908, 41.892124], [-87.638881, 41.892157], [-87.638926, 41.89666], [-87.644953, 41.896627], [-87.644908, 41.892124]]]}, "properties": {"sq": "893_9276", "crime_n": 26, "crime_night_n": 12, "nta": "Near North Side", "boro": "Chicago"}}, {"type": "Feature", "geometry": {"type": "Polygon", "coordinates": [[[-87.644953, 41.896627], [-87.638926, 41.89666], [-87.638971, 41.901164], [-87.644999, 41.90113], [-87.644953, 41.896627]]]}, "properties": {"sq": "893_9277", "crime_n": 60, "crime_night_n": 18, "nta": "Near North Side", "boro": "Chicago"}}, {"type": "Feature", "geometry": {"type": "Polygon", "coordinates": [[[-87.644999, 41.90113], [-87.638971, 41.901164], [-87.639016, 41.905667], [-87.645044, 41.905633], [-87.644999, 41.90113]]]}, "properties": {"sq": "893_9278", "crime_n": 95, "crime_night_n": 32, "nta": "Near North Side", "boro": "Chicago"}}, {"type": "Feature", "geometry": {"type": "Polygon", "coordinates": [[[-87.645044, 41.905633], [-87.639016, 41.905667], [-87.639061, 41.91017], [-87.645089, 41.910136], [-87.645044, 41.905633]]]}, "properties": {"sq": "893_9279", "crime_n": 60, "crime_night_n": 24, "nta": "Near North Side", "boro": "Chicago"}}, {"type": "Feature", "geometry": {"type": "Polygon", "coordinates": [[[-87.645089, 41.910136], [-87.639061, 41.91017], [-87.639106, 41.914673], [-87.645135, 41.914639], [-87.645089, 41.910136]]]}, "properties": {"sq": "893_9280", "crime_n": 17, "crime_night_n": 5, "nta": "Lincoln Park", "boro": "Chicago"}}, {"type": "Feature", "geometry": {"type": "Polygon", "coordinates": [[[-87.645135, 41.914639], [-87.639106, 41.914673], [-87.639151, 41.919176], [-87.64518, 41.919142], [-87.645135, 41.914639]]]}, "properties": {"sq": "893_9281", "crime_n": 12, "crime_night_n": 6, "nta": "Lincoln Park", "boro": "Chicago"}}, {"type": "Feature", "geometry": {"type": "Polygon", "coordinates": [[[-87.64518, 41.919142], [-87.639151, 41.919176], [-87.639196, 41.923679], [-87.645226, 41.923645], [-87.64518, 41.919142]]]}, "properties": {"sq": "893_9282", "crime_n": 47, "crime_night_n": 34, "nta": "Lincoln Park", "boro": "Chicago"}}, {"type": "Feature", "geometry": {"type": "Polygon", "coordinates": [[[-87.645226, 41.923645], [-87.639196, 41.923679], [-87.639241, 41.928182], [-87.645271, 41.928149], [-87.645226, 41.923645]]]}, "properties": {"sq": "893_9283", "crime_n": 36, "crime_night_n": 19, "nta": "Lincoln Park", "boro": "Chicago"}}, {"type": "Feature", "geometry": {"type": "Polygon", "coordinates": [[[-87.645271, 41.928149], [-87.639241, 41.928182], [-87.639286, 41.932685], [-87.645316, 41.932652], [-87.645271, 41.928149]]]}, "properties": {"sq": "893_9284", "crime_n": 67, "crime_night_n": 29, "nta": "Lincoln Park", "boro": "Chicago"}}, {"type": "Feature", "geometry": {"type": "Polygon", "coordinates": [[[-87.645316, 41.932652], [-87.639286, 41.932685], [-87.639331, 41.937189], [-87.645362, 41.937155], [-87.645316, 41.932652]]]}, "properties": {"sq": "893_9285", "crime_n": 72, "crime_night_n": 36, "nta": "Lake View", "boro": "Chicago"}}, {"type": "Feature", "geometry": {"type": "Polygon", "coordinates": [[[-87.645362, 41.937155], [-87.639331, 41.937189], [-87.639376, 41.941692], [-87.645407, 41.941658], [-87.645362, 41.937155]]]}, "properties": {"sq": "893_9286", "crime_n": 79, "crime_night_n": 31, "nta": "Lake View", "boro": "Chicago"}}, {"type": "Feature", "geometry": {"type": "Polygon", "coordinates": [[[-87.645407, 41.941658], [-87.639376, 41.941692], [-87.639421, 41.946195], [-87.645453, 41.946161], [-87.645407, 41.941658]]]}, "properties": {"sq": "893_9287", "crime_n": 29, "crime_night_n": 14, "nta": "Lake View", "boro": "Chicago"}}, {"type": "Feature", "geometry": {"type": "Polygon", "coordinates": [[[-87.645453, 41.946161], [-87.639421, 41.946195], [-87.639466, 41.950698], [-87.645498, 41.950664], [-87.645453, 41.946161]]]}, "properties": {"sq": "893_9288", "crime_n": 33, "crime_night_n": 13, "nta": "Lake View", "boro": "Chicago"}}, {"type": "Feature", "geometry": {"type": "Polygon", "coordinates": [[[-87.645498, 41.950664], [-87.639466, 41.950698], [-87.639511, 41.955201], [-87.645543, 41.955167], [-87.645498, 41.950664]]]}, "properties": {"sq": "893_9289", "crime_n": 25, "crime_night_n": 10, "nta": "Uptown", "boro": "Chicago"}}, {"type": "Feature", "geometry": {"type": "Polygon", "coordinates": [[[-87.645543, 41.955167], [-87.639511, 41.955201], [-87.639556, 41.959704], [-87.645589, 41.95967], [-87.645543, 41.955167]]]}, "properties": {"sq": "893_9290", "crime_n": 2, "crime_night_n": 1, "nta": "Uptown", "boro": "Chicago"}}, {"type": "Feature", "geometry": {"type": "Polygon", "coordinates": [[[-87.645589, 41.95967], [-87.639556, 41.959704], [-87.639601, 41.964207], [-87.645634, 41.964173], [-87.645589, 41.95967]]]}, "properties": {"sq": "893_9291", "crime_n": 15, "crime_night_n": 7, "nta": "Uptown", "boro": "Chicago"}}, {"type": "Feature", "geometry": {"type": "Polygon", "coordinates": [[[-87.645634, 41.964173], [-87.639601, 41.964207], [-87.639646, 41.96871], [-87.64568, 41.968676], [-87.645634, 41.964173]]]}, "properties": {"sq": "893_9292", "crime_n": 49, "crime_night_n": 23, "nta": "Uptown", "boro": "Chicago"}}, {"type": "Feature", "geometry": {"type": "Polygon", "coordinates": [[[-87.64568, 41.968676], [-87.639646, 41.96871], [-87.639691, 41.973213], [-87.645725, 41.973179], [-87.64568, 41.968676]]]}, "properties": {"sq": "893_9293", "crime_n": 4, "crime_night_n": 1, "nta": "Uptown", "boro": "Chicago"}}, {"type": "Feature", "geometry": {"type": "Polygon", "coordinates": [[[-87.636517, 41.653486], [-87.630513, 41.653519], [-87.630557, 41.658022], [-87.636562, 41.657989], [-87.636517, 41.653486]]]}, "properties": {"sq": "894_9223", "crime_n": 0, "crime_night_n": 0, "nta": "West Pullman", "boro": "Chicago"}}, {"type": "Feature", "geometry": {"type": "Polygon", "coordinates": [[[-87.636562, 41.657989], [-87.630557, 41.658022], [-87.630601, 41.662526], [-87.636606, 41.662493], [-87.636562, 41.657989]]]}, "properties": {"sq": "894_9224", "crime_n": 13, "crime_night_n": 5, "nta": "West Pullman", "boro": "Chicago"}}, {"type": "Feature", "geometry": {"type": "Polygon", "coordinates": [[[-87.636606, 41.662493], [-87.630601, 41.662526], [-87.630645, 41.667029], [-87.63665, 41.666996], [-87.636606, 41.662493]]]}, "properties": {"sq": "894_9225", "crime_n": 10, "crime_night_n": 4, "nta": "West Pullman", "boro": "Chicago"}}, {"type": "Feature", "geometry": {"type": "Polygon", "coordinates": [[[-87.63665, 41.666996], [-87.630645, 41.667029], [-87.630689, 41.671532], [-87.636695, 41.671499], [-87.63665, 41.666996]]]}, "properties": {"sq": "894_9226", "crime_n": 24, "crime_night_n": 10, "nta": "West Pullman", "boro": "Chicago"}}, {"type": "Feature", "geometry": {"type": "Polygon", "coordinates": [[[-87.636695, 41.671499], [-87.630689, 41.671532], [-87.630732, 41.676036], [-87.636739, 41.676003], [-87.636695, 41.671499]]]}, "properties": {"sq": "894_9227", "crime_n": 34, "crime_night_n": 16, "nta": "West Pullman", "boro": "Chicago"}}, {"type": "Feature", "geometry": {"type": "Polygon", "coordinates": [[[-87.636739, 41.676003], [-87.630732, 41.676036], [-87.630776, 41.680539], [-87.636783, 41.680506], [-87.636739, 41.676003]]]}, "properties": {"sq": "894_9228", "crime_n": 45, "crime_night_n": 19, "nta": "West Pullman", "boro": "Chicago"}}, {"type": "Feature", "geometry": {"type": "Polygon", "coordinates": [[[-87.636783, 41.680506], [-87.630776, 41.680539], [-87.63082, 41.685042], [-87.636828, 41.685009], [-87.636783, 41.680506]]]}, "properties": {"sq": "894_9229", "crime_n": 21, "crime_night_n": 8, "nta": "West Pullman", "boro": "Chicago"}}, {"type": "Feature", "geometry": {"type": "Polygon", "coordinates": [[[-87.636828, 41.685009], [-87.63082, 41.685042], [-87.630864, 41.689546], [-87.636872, 41.689512], [-87.636828, 41.685009]]]}, "properties": {"sq": "894_9230", "crime_n": 37, "crime_night_n": 11, "nta": "Roseland", "boro": "Chicago"}}, {"type": "Feature", "geometry": {"type": "Polygon", "coordinates": [[[-87.636872, 41.689512], [-87.630864, 41.689546], [-87.630908, 41.694049], [-87.636917, 41.694016], [-87.636872, 41.689512]]]}, "properties": {"sq": "894_9231", "crime_n": 16, "crime_night_n": 3, "nta": "Roseland", "boro": "Chicago"}}, {"type": "Feature", "geometry": {"type": "Polygon", "coordinates": [[[-87.636917, 41.694016], [-87.630908, 41.694049], [-87.630952, 41.698552], [-87.636961, 41.698519], [-87.636917, 41.694016]]]}, "properties": {"sq": "894_9232", "crime_n": 17, "crime_night_n": 10, "nta": "Roseland", "boro": "Chicago"}}, {"type": "Feature", "geometry": {"type": "Polygon", "coordinates": [[[-87.636961, 41.698519], [-87.630952, 41.698552], [-87.630996, 41.703056], [-87.637006, 41.703022], [-87.636961, 41.698519]]]}, "properties": {"sq": "894_9233", "crime_n": 28, "crime_night_n": 13, "nta": "Roseland", "boro": "Chicago"}}, {"type": "Feature", "geometry": {"type": "Polygon", "coordinates": [[[-87.637006, 41.703022], [-87.630996, 41.703056], [-87.631041, 41.707559], [-87.63705, 41.707526], [-87.637006, 41.703022]]]}, "properties": {"sq": "894_9234", "crime_n": 12, "crime_night_n": 7, "nta": "Roseland", "boro": "Chicago"}}, {"type": "Feature", "geometry": {"type": "Polygon", "coordinates": [[[-87.63705, 41.707526], [-87.631041, 41.707559], [-87.631085, 41.712062], [-87.637095, 41.712029], [-87.63705, 41.707526]]]}, "properties": {"sq": "894_9235", "crime_n": 11, "crime_night_n": 6, "nta": "Washington Heights", "boro": "Chicago"}}, {"type": "Feature", "geometry": {"type": "Polygon", "coordinates": [[[-87.637095, 41.712029], [-87.631085, 41.712062], [-87.631129, 41.716565], [-87.637139, 41.716532], [-87.637095, 41.712029]]]}, "properties": {"sq": "894_9236", "crime_n": 17, "crime_night_n": 6, "nta": "Washington Heights", "boro": "Chicago"}}, {"type": "Feature", "geometry": {"type": "Polygon", "coordinates": [[[-87.637139, 41.716532], [-87.631129, 41.716565], [-87.631173, 41.721069], [-87.637183, 41.721035], [-87.637139, 41.716532]]]}, "properties": {"sq": "894_9237", "crime_n": 20, "crime_night_n": 9, "nta": "Washington Heights", "boro": "Chicago"}}, {"type": "Feature", "geometry": {"type": "Polygon", "coordinates": [[[-87.637183, 41.721035], [-87.631173, 41.721069], [-87.631217, 41.725572], [-87.637228, 41.725539], [-87.637183, 41.721035]]]}, "properties": {"sq": "894_9238", "crime_n": 39, "crime_night_n": 15, "nta": "Roseland", "boro": "Chicago"}}, {"type": "Feature", "geometry": {"type": "Polygon", "coordinates": [[[-87.637228, 41.725539], [-87.631217, 41.725572], [-87.631261, 41.730075], [-87.637272, 41.730042], [-87.637228, 41.725539]]]}, "properties": {"sq": "894_9239", "crime_n": 21, "crime_night_n": 10, "nta": "Roseland", "boro": "Chicago"}}, {"type": "Feature", "geometry": {"type": "Polygon", "coordinates": [[[-87.637272, 41.730042], [-87.631261, 41.730075], [-87.631305, 41.734578], [-87.637317, 41.734545], [-87.637272, 41.730042]]]}, "properties": {"sq": "894_9240", "crime_n": 15, "crime_night_n": 9, "nta": "Auburn Gresham", "boro": "Chicago"}}, {"type": "Feature", "geometry": {"type": "Polygon", "coordinates": [[[-87.637317, 41.734545], [-87.631305, 41.734578], [-87.631349, 41.739082], [-87.637362, 41.739049], [-87.637317, 41.734545]]]}, "properties": {"sq": "894_9241", "crime_n": 15, "crime_night_n": 5, "nta": "Auburn Gresham", "boro": "Chicago"}}, {"type": "Feature", "geometry": {"type": "Polygon", "coordinates": [[[-87.637362, 41.739049], [-87.631349, 41.739082], [-87.631393, 41.743585], [-87.637406, 41.743552], [-87.637362, 41.739049]]]}, "properties": {"sq": "894_9242", "crime_n": 20, "crime_night_n": 6, "nta": "Auburn Gresham", "boro": "Chicago"}}, {"type": "Feature", "geometry": {"type": "Polygon", "coordinates": [[[-87.637406, 41.743552], [-87.631393, 41.743585], [-87.631437, 41.748088], [-87.637451, 41.748055], [-87.637406, 41.743552]]]}, "properties": {"sq": "894_9243", "crime_n": 40, "crime_night_n": 11, "nta": "Chatham", "boro": "Chicago"}}, {"type": "Feature", "geometry": {"type": "Polygon", "coordinates": [[[-87.637451, 41.748055], [-87.631437, 41.748088], [-87.631481, 41.752592], [-87.637495, 41.752558], [-87.637451, 41.748055]]]}, "properties": {"sq": "894_9244", "crime_n": 102, "crime_night_n": 33, "nta": "Chatham", "boro": "Chicago"}}, {"type": "Feature", "geometry": {"type": "Polygon", "coordinates": [[[-87.637495, 41.752558], [-87.631481, 41.752592], [-87.631526, 41.757095], [-87.63754, 41.757062], [-87.637495, 41.752558]]]}, "properties": {"sq": "894_9245", "crime_n": 80, "crime_night_n": 34, "nta": "Greater Grand Crossing", "boro": "Chicago"}}, {"type": "Feature", "geometry": {"type": "Polygon", "coordinates": [[[-87.63754, 41.757062], [-87.631526, 41.757095], [-87.63157, 41.761598], [-87.637584, 41.761565], [-87.63754, 41.757062]]]}, "properties": {"sq": "894_9246", "crime_n": 101, "crime_night_n": 34, "nta": "Greater Grand Crossing", "boro": "Chicago"}}, {"type": "Feature", "geometry": {"type": "Polygon", "coordinates": [[[-87.637584, 41.761565], [-87.63157, 41.761598], [-87.631614, 41.766101], [-87.637629, 41.766068], [-87.637584, 41.761565]]]}, "properties": {"sq": "894_9247", "crime_n": 54, "crime_night_n": 24, "nta": "Greater Grand Crossing", "boro": "Chicago"}}, {"type": "Feature", "geometry": {"type": "Polygon", "coordinates": [[[-87.637629, 41.766068], [-87.631614, 41.766101], [-87.631658, 41.770605], [-87.637673, 41.770571], [-87.637629, 41.766068]]]}, "properties": {"sq": "894_9248", "crime_n": 41, "crime_night_n": 16, "nta": "Englewood", "boro": "Chicago"}}, {"type": "Feature", "geometry": {"type": "Polygon", "coordinates": [[[-87.637673, 41.770571], [-87.631658, 41.770605], [-87.631702, 41.775108], [-87.637718, 41.775075], [-87.637673, 41.770571]]]}, "properties": {"sq": "894_9249", "crime_n": 50, "crime_night_n": 20, "nta": "Englewood", "boro": "Chicago"}}, {"type": "Feature", "geometry": {"type": "Polygon", "coordinates": [[[-87.637718, 41.775075], [-87.631702, 41.775108], [-87.631746, 41.779611], [-87.637763, 41.779578], [-87.637718, 41.775075]]]}, "properties": {"sq": "894_9250", "crime_n": 88, "crime_night_n": 26, "nta": "Englewood", "boro": "Chicago"}}, {"type": "Feature", "geometry": {"type": "Polygon", "coordinates": [[[-87.637763, 41.779578], [-87.631746, 41.779611], [-87.631791, 41.784114], [-87.637807, 41.784081], [-87.637763, 41.779578]]]}, "properties": {"sq": "894_9251", "crime_n": 66, "crime_night_n": 30, "nta": "Englewood", "boro": "Chicago"}}, {"type": "Feature", "geometry": {"type": "Polygon", "coordinates": [[[-87.637807, 41.784081], [-87.631791, 41.784114], [-87.631835, 41.788617], [-87.637852, 41.788584], [-87.637807, 41.784081]]]}, "properties": {"sq": "894_9252", "crime_n": 18, "crime_night_n": 8, "nta": "Englewood", "boro": "Chicago"}}, {"type": "Feature", "geometry": {"type": "Polygon", "coordinates": [[[-87.637852, 41.788584], [-87.631835, 41.788617], [-87.631879, 41.793121], [-87.637897, 41.793087], [-87.637852, 41.788584]]]}, "properties": {"sq": "894_9253", "crime_n": 15, "crime_night_n": 4, "nta": "Englewood", "boro": "Chicago"}}, {"type": "Feature", "geometry": {"type": "Polygon", "coordinates": [[[-87.637897, 41.793087], [-87.631879, 41.793121], [-87.631923, 41.797624], [-87.637941, 41.797591], [-87.637897, 41.793087]]]}, "properties": {"sq": "894_9254", "crime_n": 39, "crime_night_n": 25, "nta": "Fuller Park", "boro": "Chicago"}}, {"type": "Feature", "geometry": {"type": "Polygon", "coordinates": [[[-87.637941, 41.797591], [-87.631923, 41.797624], [-87.631968, 41.802127], [-87.637986, 41.802094], [-87.637941, 41.797591]]]}, "properties": {"sq": "894_9255", "crime_n": 23, "crime_night_n": 10, "nta": "Fuller Park", "boro": "Chicago"}}, {"type": "Feature", "geometry": {"type": "Polygon", "coordinates": [[[-87.637986, 41.802094], [-87.631968, 41.802127], [-87.632012, 41.80663], [-87.638031, 41.806597], [-87.637986, 41.802094]]]}, "properties": {"sq": "894_9256", "crime_n": 5, "crime_night_n": 0, "nta": "Fuller Park", "boro": "Chicago"}}, {"type": "Feature", "geometry": {"type": "Polygon", "coordinates": [[[-87.638031, 41.806597], [-87.632012, 41.80663], [-87.632056, 41.811134], [-87.638075, 41.8111], [-87.638031, 41.806597]]]}, "properties": {"sq": "894_9257", "crime_n": 30, "crime_night_n": 11, "nta": "Fuller Park", "boro": "Chicago"}}, {"type": "Feature", "geometry": {"type": "Polygon", "coordinates": [[[-87.638075, 41.8111], [-87.632056, 41.811134], [-87.6321, 41.815637], [-87.63812, 41.815603], [-87.638075, 41.8111]]]}, "properties": {"sq": "894_9258", "crime_n": 31, "crime_night_n": 13, "nta": "Fuller Park", "boro": "Chicago"}}, {"type": "Feature", "geometry": {"type": "Polygon", "coordinates": [[[-87.63812, 41.815603], [-87.6321, 41.815637], [-87.632145, 41.82014], [-87.638165, 41.820107], [-87.63812, 41.815603]]]}, "properties": {"sq": "894_9259", "crime_n": 49, "crime_night_n": 15, "nta": "Fuller Park", "boro": "Chicago"}}, {"type": "Feature", "geometry": {"type": "Polygon", "coordinates": [[[-87.638165, 41.820107], [-87.632145, 41.82014], [-87.632189, 41.824643], [-87.638209, 41.82461], [-87.638165, 41.820107]]]}, "properties": {"sq": "894_9260", "crime_n": 35, "crime_night_n": 17, "nta": "Armour Square", "boro": "Chicago"}}, {"type": "Feature", "geometry": {"type": "Polygon", "coordinates": [[[-87.638209, 41.82461], [-87.632189, 41.824643], [-87.632233, 41.829146], [-87.638254, 41.829113], [-87.638209, 41.82461]]]}, "properties": {"sq": "894_9261", "crime_n": 52, "crime_night_n": 22, "nta": "Armour Square", "boro": "Chicago"}}, {"type": "Feature", "geometry": {"type": "Polygon", "coordinates": [[[-87.638254, 41.829113], [-87.632233, 41.829146], [-87.632278, 41.83365], [-87.638299, 41.833616], [-87.638254, 41.829113]]]}, "properties": {"sq": "894_9262", "crime_n": 12, "crime_night_n": 6, "nta": "Armour Square", "boro": "Chicago"}}, {"type": "Feature", "geometry": {"type": "Polygon", "coordinates": [[[-87.638299, 41.833616], [-87.632278, 41.83365], [-87.632322, 41.838153], [-87.638344, 41.838119], [-87.638299, 41.833616]]]}, "properties": {"sq": "894_9263", "crime_n": 19, "crime_night_n": 10, "nta": "Armour Square", "boro": "Chicago"}}, {"type": "Feature", "geometry": {"type": "Polygon", "coordinates": [[[-87.638344, 41.838119], [-87.632322, 41.838153], [-87.632366, 41.842656], [-87.638388, 41.842623], [-87.638344, 41.838119]]]}, "properties": {"sq": "894_9264", "crime_n": 23, "crime_night_n": 12, "nta": "Armour Square", "boro": "Chicago"}}, {"type": "Feature", "geometry": {"type": "Polygon", "coordinates": [[[-87.638388, 41.842623], [-87.632366, 41.842656], [-87.632411, 41.847159], [-87.638433, 41.847126], [-87.638388, 41.842623]]]}, "properties": {"sq": "894_9265", "crime_n": 20, "crime_night_n": 10, "nta": "Armour Square", "boro": "Chicago"}}, {"type": "Feature", "geometry": {"type": "Polygon", "coordinates": [[[-87.638433, 41.847126], [-87.632411, 41.847159], [-87.632455, 41.851662], [-87.638478, 41.851629], [-87.638433, 41.847126]]]}, "properties": {"sq": "894_9266", "crime_n": 49, "crime_night_n": 23, "nta": "Armour Square", "boro": "Chicago"}}, {"type": "Feature", "geometry": {"type": "Polygon", "coordinates": [[[-87.638478, 41.851629], [-87.632455, 41.851662], [-87.632499, 41.856165], [-87.638523, 41.856132], [-87.638478, 41.851629]]]}, "properties": {"sq": "894_9267", "crime_n": 67, "crime_night_n": 23, "nta": "Armour Square", "boro": "Chicago"}}, {"type": "Feature", "geometry": {"type": "Polygon", "coordinates": [[[-87.638523, 41.856132], [-87.632499, 41.856165], [-87.632544, 41.860669], [-87.638567, 41.860635], [-87.638523, 41.856132]]]}, "properties": {"sq": "894_9268", "crime_n": 11, "crime_night_n": 3, "nta": "Near South Side", "boro": "Chicago"}}, {"type": "Feature", "geometry": {"type": "Polygon", "coordinates": [[[-87.638567, 41.860635], [-87.632544, 41.860669], [-87.632588, 41.865172], [-87.638612, 41.865138], [-87.638567, 41.860635]]]}, "properties": {"sq": "894_9269", "crime_n": 1, "crime_night_n": 0, "nta": "Near West Side", "boro": "Chicago"}}, {"type": "Feature", "geometry": {"type": "Polygon", "coordinates": [[[-87.638612, 41.865138], [-87.632588, 41.865172], [-87.632632, 41.869675], [-87.638657, 41.869642], [-87.638612, 41.865138]]]}, "properties": {"sq": "894_9270", "crime_n": 16, "crime_night_n": 5, "nta": "Loop", "boro": "Chicago"}}, {"type": "Feature", "geometry": {"type": "Polygon", "coordinates": [[[-87.638657, 41.869642], [-87.632632, 41.869675], [-87.632677, 41.874178], [-87.638702, 41.874145], [-87.638657, 41.869642]]]}, "properties": {"sq": "894_9271", "crime_n": 26, "crime_night_n": 17, "nta": "Loop", "boro": "Chicago"}}, {"type": "Feature", "geometry": {"type": "Polygon", "coordinates": [[[-87.638702, 41.874145], [-87.632677, 41.874178], [-87.632721, 41.878681], [-87.638747, 41.878648], [-87.638702, 41.874145]]]}, "properties": {"sq": "894_9272", "crime_n": 83, "crime_night_n": 27, "nta": "Loop", "boro": "Chicago"}}, {"type": "Feature", "geometry": {"type": "Polygon", "coordinates": [[[-87.638747, 41.878648], [-87.632721, 41.878681], [-87.632766, 41.883184], [-87.638792, 41.883151], [-87.638747, 41.878648]]]}, "properties": {"sq": "894_9273", "crime_n": 92, "crime_night_n": 35, "nta": "Loop", "boro": "Chicago"}}, {"type": "Feature", "geometry": {"type": "Polygon", "coordinates": [[[-87.638792, 41.883151], [-87.632766, 41.883184], [-87.63281, 41.887688], [-87.638837, 41.887654], [-87.638792, 41.883151]]]}, "properties": {"sq": "894_9274", "crime_n": 102, "crime_night_n": 40, "nta": "Loop", "boro": "Chicago"}}, {"type": "Feature", "geometry": {"type": "Polygon", "coordinates": [[[-87.638837, 41.887654], [-87.63281, 41.887688], [-87.632855, 41.892191], [-87.638881, 41.892157], [-87.638837, 41.887654]]]}, "properties": {"sq": "894_9275", "crime_n": 120, "crime_night_n": 81, "nta": "Near North Side", "boro": "Chicago"}}, {"type": "Feature", "geometry": {"type": "Polygon", "coordinates": [[[-87.638881, 41.892157], [-87.632855, 41.892191], [-87.632899, 41.896694], [-87.638926, 41.89666], [-87.638881, 41.892157]]]}, "properties": {"sq": "894_9276", "crime_n": 184, "crime_night_n": 138, "nta": "Near North Side", "boro": "Chicago"}}, {"type": "Feature", "geometry": {"type": "Polygon", "coordinates": [[[-87.638926, 41.89666], [-87.632899, 41.896694], [-87.632943, 41.901197], [-87.638971, 41.901164], [-87.638926, 41.89666]]]}, "properties": {"sq": "894_9277", "crime_n": 56, "crime_night_n": 27, "nta": "Near North Side", "boro": "Chicago"}}, {"type": "Feature", "geometry": {"type": "Polygon", "coordinates": [[[-87.638971, 41.901164], [-87.632943, 41.901197], [-87.632988, 41.9057], [-87.639016, 41.905667], [-87.638971, 41.901164]]]}, "properties": {"sq": "894_9278", "crime_n": 84, "crime_night_n": 18, "nta": "Near North Side", "boro": "Chicago"}}, {"type": "Feature", "geometry": {"type": "Polygon", "coordinates": [[[-87.639016, 41.905667], [-87.632988, 41.9057], [-87.633032, 41.910203], [-87.639061, 41.91017], [-87.639016, 41.905667]]]}, "properties": {"sq": "894_9279", "crime_n": 139, "crime_night_n": 73, "nta": "Near North Side", "boro": "Chicago"}}, {"type": "Feature", "geometry": {"type": "Polygon", "coordinates": [[[-87.639061, 41.91017], [-87.633032, 41.910203], [-87.633077, 41.914706], [-87.639106, 41.914673], [-87.639061, 41.91017]]]}, "properties": {"sq": "894_9280", "crime_n": 89, "crime_night_n": 44, "nta": "Lincoln Park", "boro": "Chicago"}}, {"type": "Feature", "geometry": {"type": "Polygon", "coordinates": [[[-87.639106, 41.914673], [-87.633077, 41.914706], [-87.633121, 41.919209], [-87.639151, 41.919176], [-87.639106, 41.914673]]]}, "properties": {"sq": "894_9281", "crime_n": 25, "crime_night_n": 11, "nta": "Lincoln Park", "boro": "Chicago"}}, {"type": "Feature", "geometry": {"type": "Polygon", "coordinates": [[[-87.639151, 41.919176], [-87.633121, 41.919209], [-87.633166, 41.923713], [-87.639196, 41.923679], [-87.639151, 41.919176]]]}, "properties": {"sq": "894_9282", "crime_n": 23, "crime_night_n": 10, "nta": "Lincoln Park", "boro": "Chicago"}}, {"type": "Feature", "geometry": {"type": "Polygon", "coordinates": [[[-87.639196, 41.923679], [-87.633166, 41.923713], [-87.63321, 41.928216], [-87.639241, 41.928182], [-87.639196, 41.923679]]]}, "properties": {"sq": "894_9283", "crime_n": 20, "crime_night_n": 9, "nta": "Lincoln Park", "boro": "Chicago"}}, {"type": "Feature", "geometry": {"type": "Polygon", "coordinates": [[[-87.639241, 41.928182], [-87.63321, 41.928216], [-87.633255, 41.932719], [-87.639286, 41.932685], [-87.639241, 41.928182]]]}, "properties": {"sq": "894_9284", "crime_n": 8, "crime_night_n": 5, "nta": "Lincoln Park", "boro": "Chicago"}}, {"type": "Feature", "geometry": {"type": "Polygon", "coordinates": [[[-87.639286, 41.932685], [-87.633255, 41.932719], [-87.6333, 41.937222], [-87.639331, 41.937189], [-87.639286, 41.932685]]]}, "properties": {"sq": "894_9285", "crime_n": 11, "crime_night_n": 3, "nta": "Lake View", "boro": "Chicago"}}, {"type": "Feature", "geometry": {"type": "Polygon", "coordinates": [[[-87.639331, 41.937189], [-87.6333, 41.937222], [-87.633344, 41.941725], [-87.639376, 41.941692], [-87.639331, 41.937189]]]}, "properties": {"sq": "894_9286", "crime_n": 20, "crime_night_n": 7, "nta": "Lake View", "boro": "Chicago"}}, {"type": "Feature", "geometry": {"type": "Polygon", "coordinates": [[[-87.639376, 41.941692], [-87.633344, 41.941725], [-87.633389, 41.946228], [-87.639421, 41.946195], [-87.639376, 41.941692]]]}, "properties": {"sq": "894_9287", "crime_n": 2, "crime_night_n": 0, "nta": "Lake View", "boro": "Chicago"}}, {"type": "Feature", "geometry": {"type": "Polygon", "coordinates": [[[-87.639421, 41.946195], [-87.633389, 41.946228], [-87.633433, 41.950731], [-87.639466, 41.950698], [-87.639421, 41.946195]]]}, "properties": {"sq": "894_9288", "crime_n": 3, "crime_night_n": 3, "nta": "Lake View", "boro": "Chicago"}}, {"type": "Feature", "geometry": {"type": "Polygon", "coordinates": [[[-87.639466, 41.950698], [-87.633433, 41.950731], [-87.633478, 41.955234], [-87.639511, 41.955201], [-87.639466, 41.950698]]]}, "properties": {"sq": "894_9289", "crime_n": 0, "crime_night_n": 0, "nta": "Lake View", "boro": "Chicago"}}, {"type": "Feature", "geometry": {"type": "Polygon", "coordinates": [[[-87.639511, 41.955201], [-87.633478, 41.955234], [-87.633522, 41.959737], [-87.639556, 41.959704], [-87.639511, 41.955201]]]}, "properties": {"sq": "894_9290", "crime_n": 0, "crime_night_n": 0, "nta": "Uptown", "boro": "Chicago"}}, {"type": "Feature", "geometry": {"type": "Polygon", "coordinates": [[[-87.639556, 41.959704], [-87.633522, 41.959737], [-87.633567, 41.964241], [-87.639601, 41.964207], [-87.639556, 41.959704]]]}, "properties": {"sq": "894_9291", "crime_n": 21, "crime_night_n": 13, "nta": "Uptown", "boro": "Chicago"}}, {"type": "Feature", "geometry": {"type": "Polygon", "coordinates": [[[-87.639601, 41.964207], [-87.633567, 41.964241], [-87.633612, 41.968744], [-87.639646, 41.96871], [-87.639601, 41.964207]]]}, "properties": {"sq": "894_9292", "crime_n": 4, "crime_night_n": 0, "nta": "Uptown", "boro": "Chicago"}}, {"type": "Feature", "geometry": {"type": "Polygon", "coordinates": [[[-87.630557, 41.658022], [-87.624552, 41.658055], [-87.624595, 41.662559], [-87.630601, 41.662526], [-87.630557, 41.658022]]]}, "properties": {"sq": "895_9224", "crime_n": 0, "crime_night_n": 0, "nta": "West Pullman", "boro": "Chicago"}}, {"type": "Feature", "geometry": {"type": "Polygon", "coordinates": [[[-87.630601, 41.662526], [-87.624595, 41.662559], [-87.624639, 41.667062], [-87.630645, 41.667029], [-87.630601, 41.662526]]]}, "properties": {"sq": "895_9225", "crime_n": 7, "crime_night_n": 3, "nta": "West Pullman", "boro": "Chicago"}}, {"type": "Feature", "geometry": {"type": "Polygon", "coordinates": [[[-87.630645, 41.667029], [-87.624639, 41.667062], [-87.624682, 41.671565], [-87.630689, 41.671532], [-87.630645, 41.667029]]]}, "properties": {"sq": "895_9226", "crime_n": 12, "crime_night_n": 3, "nta": "West Pullman", "boro": "Chicago"}}, {"type": "Feature", "geometry": {"type": "Polygon", "coordinates": [[[-87.630689, 41.671532], [-87.624682, 41.671565], [-87.624726, 41.676068], [-87.630732, 41.676036], [-87.630689, 41.671532]]]}, "properties": {"sq": "895_9227", "crime_n": 24, "crime_night_n": 12, "nta": "West Pullman", "boro": "Chicago"}}, {"type": "Feature", "geometry": {"type": "Polygon", "coordinates": [[[-87.630732, 41.676036], [-87.624726, 41.676068], [-87.624769, 41.680572], [-87.630776, 41.680539], [-87.630732, 41.676036]]]}, "properties": {"sq": "895_9228", "crime_n": 37, "crime_night_n": 18, "nta": "West Pullman", "boro": "Chicago"}}, {"type": "Feature", "geometry": {"type": "Polygon", "coordinates": [[[-87.630776, 41.680539], [-87.624769, 41.680572], [-87.624813, 41.685075], [-87.63082, 41.685042], [-87.630776, 41.680539]]]}, "properties": {"sq": "895_9229", "crime_n": 34, "crime_night_n": 16, "nta": "West Pullman", "boro": "Chicago"}}, {"type": "Feature", "geometry": {"type": "Polygon", "coordinates": [[[-87.63082, 41.685042], [-87.624813, 41.685075], [-87.624857, 41.689578], [-87.630864, 41.689546], [-87.63082, 41.685042]]]}, "properties": {"sq": "895_9230", "crime_n": 35, "crime_night_n": 13, "nta": "Roseland", "boro": "Chicago"}}, {"type": "Feature", "geometry": {"type": "Polygon", "coordinates": [[[-87.630864, 41.689546], [-87.624857, 41.689578], [-87.6249, 41.694082], [-87.630908, 41.694049], [-87.630864, 41.689546]]]}, "properties": {"sq": "895_9231", "crime_n": 49, "crime_night_n": 20, "nta": "Roseland", "boro": "Chicago"}}, {"type": "Feature", "geometry": {"type": "Polygon", "coordinates": [[[-87.630908, 41.694049], [-87.6249, 41.694082], [-87.624944, 41.698585], [-87.630952, 41.698552], [-87.630908, 41.694049]]]}, "properties": {"sq": "895_9232", "crime_n": 42, "crime_night_n": 17, "nta": "Roseland", "boro": "Chicago"}}, {"type": "Feature", "geometry": {"type": "Polygon", "coordinates": [[[-87.630952, 41.698552], [-87.624944, 41.698585], [-87.624987, 41.703088], [-87.630996, 41.703056], [-87.630952, 41.698552]]]}, "properties": {"sq": "895_9233", "crime_n": 47, "crime_night_n": 21, "nta": "Roseland", "boro": "Chicago"}}, {"type": "Feature", "geometry": {"type": "Polygon", "coordinates": [[[-87.630996, 41.703056], [-87.624987, 41.703088], [-87.625031, 41.707592], [-87.631041, 41.707559], [-87.630996, 41.703056]]]}, "properties": {"sq": "895_9234", "crime_n": 66, "crime_night_n": 30, "nta": "Roseland", "boro": "Chicago"}}, {"type": "Feature", "geometry": {"type": "Polygon", "coordinates": [[[-87.631041, 41.707559], [-87.625031, 41.707592], [-87.625075, 41.712095], [-87.631085, 41.712062], [-87.631041, 41.707559]]]}, "properties": {"sq": "895_9235", "crime_n": 50, "crime_night_n": 20, "nta": "Roseland", "boro": "Chicago"}}, {"type": "Feature", "geometry": {"type": "Polygon", "coordinates": [[[-87.631085, 41.712062], [-87.625075, 41.712095], [-87.625118, 41.716598], [-87.631129, 41.716565], [-87.631085, 41.712062]]]}, "properties": {"sq": "895_9236", "crime_n": 22, "crime_night_n": 12, "nta": "Roseland", "boro": "Chicago"}}, {"type": "Feature", "geometry": {"type": "Polygon", "coordinates": [[[-87.631129, 41.716565], [-87.625118, 41.716598], [-87.625162, 41.721102], [-87.631173, 41.721069], [-87.631129, 41.716565]]]}, "properties": {"sq": "895_9237", "crime_n": 30, "crime_night_n": 14, "nta": "Roseland", "boro": "Chicago"}}, {"type": "Feature", "geometry": {"type": "Polygon", "coordinates": [[[-87.631173, 41.721069], [-87.625162, 41.721102], [-87.625206, 41.725605], [-87.631217, 41.725572], [-87.631173, 41.721069]]]}, "properties": {"sq": "895_9238", "crime_n": 61, "crime_night_n": 16, "nta": "Roseland", "boro": "Chicago"}}, {"type": "Feature", "geometry": {"type": "Polygon", "coordinates": [[[-87.631217, 41.725572], [-87.625206, 41.725605], [-87.625249, 41.730108], [-87.631261, 41.730075], [-87.631217, 41.725572]]]}, "properties": {"sq": "895_9239", "crime_n": 32, "crime_night_n": 16, "nta": "Roseland", "boro": "Chicago"}}, {"type": "Feature", "geometry": {"type": "Polygon", "coordinates": [[[-87.631261, 41.730075], [-87.625249, 41.730108], [-87.625293, 41.734611], [-87.631305, 41.734578], [-87.631261, 41.730075]]]}, "properties": {"sq": "895_9240", "crime_n": 7, "crime_night_n": 1, "nta": "Chatham", "boro": "Chicago"}}, {"type": "Feature", "geometry": {"type": "Polygon", "coordinates": [[[-87.631305, 41.734578], [-87.625293, 41.734611], [-87.625337, 41.739115], [-87.631349, 41.739082], [-87.631305, 41.734578]]]}, "properties": {"sq": "895_9241", "crime_n": 152, "crime_night_n": 33, "nta": "Chatham", "boro": "Chicago"}}, {"type": "Feature", "geometry": {"type": "Polygon", "coordinates": [[[-87.631349, 41.739082], [-87.625337, 41.739115], [-87.62538, 41.743618], [-87.631393, 41.743585], [-87.631349, 41.739082]]]}, "properties": {"sq": "895_9242", "crime_n": 28, "crime_night_n": 6, "nta": "Chatham", "boro": "Chicago"}}, {"type": "Feature", "geometry": {"type": "Polygon", "coordinates": [[[-87.631393, 41.743585], [-87.62538, 41.743618], [-87.625424, 41.748121], [-87.631437, 41.748088], [-87.631393, 41.743585]]]}, "properties": {"sq": "895_9243", "crime_n": 14, "crime_night_n": 4, "nta": "Chatham", "boro": "Chicago"}}, {"type": "Feature", "geometry": {"type": "Polygon", "coordinates": [[[-87.631437, 41.748088], [-87.625424, 41.748121], [-87.625468, 41.752624], [-87.631481, 41.752592], [-87.631437, 41.748088]]]}, "properties": {"sq": "895_9244", "crime_n": 92, "crime_night_n": 37, "nta": "Chatham", "boro": "Chicago"}}, {"type": "Feature", "geometry": {"type": "Polygon", "coordinates": [[[-87.631481, 41.752592], [-87.625468, 41.752624], [-87.625511, 41.757128], [-87.631526, 41.757095], [-87.631481, 41.752592]]]}, "properties": {"sq": "895_9245", "crime_n": 18, "crime_night_n": 6, "nta": "Greater Grand Crossing", "boro": "Chicago"}}, {"type": "Feature", "geometry": {"type": "Polygon", "coordinates": [[[-87.631526, 41.757095], [-87.625511, 41.757128], [-87.625555, 41.761631], [-87.63157, 41.761598], [-87.631526, 41.757095]]]}, "properties": {"sq": "895_9246", "crime_n": 80, "crime_night_n": 32, "nta": "Greater Grand Crossing", "boro": "Chicago"}}, {"type": "Feature", "geometry": {"type": "Polygon", "coordinates": [[[-87.63157, 41.761598], [-87.625555, 41.761631], [-87.625599, 41.766134], [-87.631614, 41.766101], [-87.63157, 41.761598]]]}, "properties": {"sq": "895_9247", "crime_n": 108, "crime_night_n": 40, "nta": "Greater Grand Crossing", "boro": "Chicago"}}, {"type": "Feature", "geometry": {"type": "Polygon", "coordinates": [[[-87.631614, 41.766101], [-87.625599, 41.766134], [-87.625643, 41.770637], [-87.631658, 41.770605], [-87.631614, 41.766101]]]}, "properties": {"sq": "895_9248", "crime_n": 103, "crime_night_n": 47, "nta": "Greater Grand Crossing", "boro": "Chicago"}}, {"type": "Feature", "geometry": {"type": "Polygon", "coordinates": [[[-87.631658, 41.770605], [-87.625643, 41.770637], [-87.625686, 41.775141], [-87.631702, 41.775108], [-87.631658, 41.770605]]]}, "properties": {"sq": "895_9249", "crime_n": 45, "crime_night_n": 24, "nta": "Greater Grand Crossing", "boro": "Chicago"}}, {"type": "Feature", "geometry": {"type": "Polygon", "coordinates": [[[-87.631702, 41.775108], [-87.625686, 41.775141], [-87.62573, 41.779644], [-87.631746, 41.779611], [-87.631702, 41.775108]]]}, "properties": {"sq": "895_9250", "crime_n": 20, "crime_night_n": 7, "nta": "Greater Grand Crossing", "boro": "Chicago"}}, {"type": "Feature", "geometry": {"type": "Polygon", "coordinates": [[[-87.631746, 41.779611], [-87.62573, 41.779644], [-87.625774, 41.784147], [-87.631791, 41.784114], [-87.631746, 41.779611]]]}, "properties": {"sq": "895_9251", "crime_n": 37, "crime_night_n": 17, "nta": "Englewood", "boro": "Chicago"}}, {"type": "Feature", "geometry": {"type": "Polygon", "coordinates": [[[-87.631791, 41.784114], [-87.625774, 41.784147], [-87.625818, 41.78865], [-87.631835, 41.788617], [-87.631791, 41.784114]]]}, "properties": {"sq": "895_9252", "crime_n": 24, "crime_night_n": 10, "nta": "Englewood", "boro": "Chicago"}}, {"type": "Feature", "geometry": {"type": "Polygon", "coordinates": [[[-87.631835, 41.788617], [-87.625818, 41.78865], [-87.625862, 41.793154], [-87.631879, 41.793121], [-87.631835, 41.788617]]]}, "properties": {"sq": "895_9253", "crime_n": 9, "crime_night_n": 5, "nta": "Englewood", "boro": "Chicago"}}, {"type": "Feature", "geometry": {"type": "Polygon", "coordinates": [[[-87.631879, 41.793121], [-87.625862, 41.793154], [-87.625905, 41.797657], [-87.631923, 41.797624], [-87.631879, 41.793121]]]}, "properties": {"sq": "895_9254", "crime_n": 90, "crime_night_n": 31, "nta": "Fuller Park", "boro": "Chicago"}}, {"type": "Feature", "geometry": {"type": "Polygon", "coordinates": [[[-87.631923, 41.797624], [-87.625905, 41.797657], [-87.625949, 41.80216], [-87.631968, 41.802127], [-87.631923, 41.797624]]]}, "properties": {"sq": "895_9255", "crime_n": 17, "crime_night_n": 9, "nta": "Fuller Park", "boro": "Chicago"}}, {"type": "Feature", "geometry": {"type": "Polygon", "coordinates": [[[-87.631968, 41.802127], [-87.625949, 41.80216], [-87.625993, 41.806663], [-87.632012, 41.80663], [-87.631968, 41.802127]]]}, "properties": {"sq": "895_9256", "crime_n": 0, "crime_night_n": 0, "nta": "Fuller Park", "boro": "Chicago"}}, {"type": "Feature", "geometry": {"type": "Polygon", "coordinates": [[[-87.632012, 41.80663], [-87.625993, 41.806663], [-87.626037, 41.811166], [-87.632056, 41.811134], [-87.632012, 41.80663]]]}, "properties": {"sq": "895_9257", "crime_n": 40, "crime_night_n": 11, "nta": "Grand Boulevard", "boro": "Chicago"}}, {"type": "Feature", "geometry": {"type": "Polygon", "coordinates": [[[-87.632056, 41.811134], [-87.626037, 41.811166], [-87.626081, 41.81567], [-87.6321, 41.815637], [-87.632056, 41.811134]]]}, "properties": {"sq": "895_9258", "crime_n": 14, "crime_night_n": 7, "nta": "Grand Boulevard", "boro": "Chicago"}}, {"type": "Feature", "geometry": {"type": "Polygon", "coordinates": [[[-87.6321, 41.815637], [-87.626081, 41.81567], [-87.626125, 41.820173], [-87.632145, 41.82014], [-87.6321, 41.815637]]]}, "properties": {"sq": "895_9259", "crime_n": 56, "crime_night_n": 28, "nta": "Grand Boulevard", "boro": "Chicago"}}, {"type": "Feature", "geometry": {"type": "Polygon", "coordinates": [[[-87.632145, 41.82014], [-87.626125, 41.820173], [-87.626168, 41.824676], [-87.632189, 41.824643], [-87.632145, 41.82014]]]}, "properties": {"sq": "895_9260", "crime_n": 47, "crime_night_n": 19, "nta": "Grand Boulevard", "boro": "Chicago"}}, {"type": "Feature", "geometry": {"type": "Polygon", "coordinates": [[[-87.632189, 41.824643], [-87.626168, 41.824676], [-87.626212, 41.829179], [-87.632233, 41.829146], [-87.632189, 41.824643]]]}, "properties": {"sq": "895_9261", "crime_n": 37, "crime_night_n": 12, "nta": "Armour Square", "boro": "Chicago"}}, {"type": "Feature", "geometry": {"type": "Polygon", "coordinates": [[[-87.632233, 41.829146], [-87.626212, 41.829179], [-87.626256, 41.833683], [-87.632278, 41.83365], [-87.632233, 41.829146]]]}, "properties": {"sq": "895_9262", "crime_n": 50, "crime_night_n": 20, "nta": "Douglas", "boro": "Chicago"}}, {"type": "Feature", "geometry": {"type": "Polygon", "coordinates": [[[-87.632278, 41.83365], [-87.626256, 41.833683], [-87.6263, 41.838186], [-87.632322, 41.838153], [-87.632278, 41.83365]]]}, "properties": {"sq": "895_9263", "crime_n": 12, "crime_night_n": 2, "nta": "Armour Square", "boro": "Chicago"}}, {"type": "Feature", "geometry": {"type": "Polygon", "coordinates": [[[-87.632322, 41.838153], [-87.6263, 41.838186], [-87.626344, 41.842689], [-87.632366, 41.842656], [-87.632322, 41.838153]]]}, "properties": {"sq": "895_9264", "crime_n": 81, "crime_night_n": 36, "nta": "Douglas", "boro": "Chicago"}}, {"type": "Feature", "geometry": {"type": "Polygon", "coordinates": [[[-87.632366, 41.842656], [-87.626344, 41.842689], [-87.626388, 41.847192], [-87.632411, 41.847159], [-87.632366, 41.842656]]]}, "properties": {"sq": "895_9265", "crime_n": 48, "crime_night_n": 19, "nta": "Douglas", "boro": "Chicago"}}, {"type": "Feature", "geometry": {"type": "Polygon", "coordinates": [[[-87.632411, 41.847159], [-87.626388, 41.847192], [-87.626432, 41.851695], [-87.632455, 41.851662], [-87.632411, 41.847159]]]}, "properties": {"sq": "895_9266", "crime_n": 55, "crime_night_n": 26, "nta": "Armour Square", "boro": "Chicago"}}, {"type": "Feature", "geometry": {"type": "Polygon", "coordinates": [[[-87.632455, 41.851662], [-87.626432, 41.851695], [-87.626476, 41.856198], [-87.632499, 41.856165], [-87.632455, 41.851662]]]}, "properties": {"sq": "895_9267", "crime_n": 113, "crime_night_n": 53, "nta": "Near South Side", "boro": "Chicago"}}, {"type": "Feature", "geometry": {"type": "Polygon", "coordinates": [[[-87.632499, 41.856165], [-87.626476, 41.856198], [-87.62652, 41.860702], [-87.632544, 41.860669], [-87.632499, 41.856165]]]}, "properties": {"sq": "895_9268", "crime_n": 47, "crime_night_n": 24, "nta": "Near South Side", "boro": "Chicago"}}, {"type": "Feature", "geometry": {"type": "Polygon", "coordinates": [[[-87.632544, 41.860669], [-87.62652, 41.860702], [-87.626564, 41.865205], [-87.632588, 41.865172], [-87.632544, 41.860669]]]}, "properties": {"sq": "895_9269", "crime_n": 13, "crime_night_n": 6, "nta": "Near South Side", "boro": "Chicago"}}, {"type": "Feature", "geometry": {"type": "Polygon", "coordinates": [[[-87.632588, 41.865172], [-87.626564, 41.865205], [-87.626608, 41.869708], [-87.632632, 41.869675], [-87.632588, 41.865172]]]}, "properties": {"sq": "895_9270", "crime_n": 93, "crime_night_n": 32, "nta": "Loop", "boro": "Chicago"}}, {"type": "Feature", "geometry": {"type": "Polygon", "coordinates": [[[-87.632632, 41.869675], [-87.626608, 41.869708], [-87.626652, 41.874211], [-87.632677, 41.874178], [-87.632632, 41.869675]]]}, "properties": {"sq": "895_9271", "crime_n": 80, "crime_night_n": 32, "nta": "Loop", "boro": "Chicago"}}, {"type": "Feature", "geometry": {"type": "Polygon", "coordinates": [[[-87.632677, 41.874178], [-87.626652, 41.874211], [-87.626696, 41.878714], [-87.632721, 41.878681], [-87.632677, 41.874178]]]}, "properties": {"sq": "895_9272", "crime_n": 314, "crime_night_n": 130, "nta": "Loop", "boro": "Chicago"}}, {"type": "Feature", "geometry": {"type": "Polygon", "coordinates": [[[-87.632721, 41.878681], [-87.626696, 41.878714], [-87.62674, 41.883217], [-87.632766, 41.883184], [-87.632721, 41.878681]]]}, "properties": {"sq": "895_9273", "crime_n": 263, "crime_night_n": 104, "nta": "Loop", "boro": "Chicago"}}, {"type": "Feature", "geometry": {"type": "Polygon", "coordinates": [[[-87.632766, 41.883184], [-87.62674, 41.883217], [-87.626784, 41.887721], [-87.63281, 41.887688], [-87.632766, 41.883184]]]}, "properties": {"sq": "895_9274", "crime_n": 341, "crime_night_n": 110, "nta": "Loop", "boro": "Chicago"}}, {"type": "Feature", "geometry": {"type": "Polygon", "coordinates": [[[-87.63281, 41.887688], [-87.626784, 41.887721], [-87.626828, 41.892224], [-87.632855, 41.892191], [-87.63281, 41.887688]]]}, "properties": {"sq": "895_9275", "crime_n": 496, "crime_night_n": 355, "nta": "Near North Side", "boro": "Chicago"}}, {"type": "Feature", "geometry": {"type": "Polygon", "coordinates": [[[-87.632855, 41.892191], [-87.626828, 41.892224], [-87.626872, 41.896727], [-87.632899, 41.896694], [-87.632855, 41.892191]]]}, "properties": {"sq": "895_9276", "crime_n": 304, "crime_night_n": 177, "nta": "Near North Side", "boro": "Chicago"}}, {"type": "Feature", "geometry": {"type": "Polygon", "coordinates": [[[-87.632899, 41.896694], [-87.626872, 41.896727], [-87.626916, 41.90123], [-87.632943, 41.901197], [-87.632899, 41.896694]]]}, "properties": {"sq": "895_9277", "crime_n": 90, "crime_night_n": 43, "nta": "Near North Side", "boro": "Chicago"}}, {"type": "Feature", "geometry": {"type": "Polygon", "coordinates": [[[-87.632943, 41.901197], [-87.626916, 41.90123], [-87.62696, 41.905733], [-87.632988, 41.9057], [-87.632943, 41.901197]]]}, "properties": {"sq": "895_9278", "crime_n": 311, "crime_night_n": 226, "nta": "Near North Side", "boro": "Chicago"}}, {"type": "Feature", "geometry": {"type": "Polygon", "coordinates": [[[-87.632988, 41.9057], [-87.62696, 41.905733], [-87.627004, 41.910236], [-87.633032, 41.910203], [-87.632988, 41.9057]]]}, "properties": {"sq": "895_9279", "crime_n": 35, "crime_night_n": 15, "nta": "Near North Side", "boro": "Chicago"}}, {"type": "Feature", "geometry": {"type": "Polygon", "coordinates": [[[-87.633032, 41.910203], [-87.627004, 41.910236], [-87.627048, 41.914739], [-87.633077, 41.914706], [-87.633032, 41.910203]]]}, "properties": {"sq": "895_9280", "crime_n": 27, "crime_night_n": 8, "nta": "Lincoln Park", "boro": "Chicago"}}, {"type": "Feature", "geometry": {"type": "Polygon", "coordinates": [[[-87.633077, 41.914706], [-87.627048, 41.914739], [-87.627092, 41.919243], [-87.633121, 41.919209], [-87.633077, 41.914706]]]}, "properties": {"sq": "895_9281", "crime_n": 11, "crime_night_n": 3, "nta": "Lincoln Park", "boro": "Chicago"}}, {"type": "Feature", "geometry": {"type": "Polygon", "coordinates": [[[-87.633121, 41.919209], [-87.627092, 41.919243], [-87.627136, 41.923746], [-87.633166, 41.923713], [-87.633121, 41.919209]]]}, "properties": {"sq": "895_9282", "crime_n": 1, "crime_night_n": 0, "nta": "Lincoln Park", "boro": "Chicago"}}, {"type": "Feature", "geometry": {"type": "Polygon", "coordinates": [[[-87.633166, 41.923713], [-87.627136, 41.923746], [-87.62718, 41.928249], [-87.63321, 41.928216], [-87.633166, 41.923713]]]}, "properties": {"sq": "895_9283", "crime_n": 10, "crime_night_n": 4, "nta": "Lincoln Park", "boro": "Chicago"}}, {"type": "Feature", "geometry": {"type": "Polygon", "coordinates": [[[-87.63321, 41.928216], [-87.62718, 41.928249], [-87.627224, 41.932752], [-87.633255, 41.932719], [-87.63321, 41.928216]]]}, "properties": {"sq": "895_9284", "crime_n": 0, "crime_night_n": 0, "nta": "Lincoln Park", "boro": "Chicago"}}, {"type": "Feature", "geometry": {"type": "Polygon", "coordinates": [[[-87.633255, 41.932719], [-87.627224, 41.932752], [-87.627268, 41.937255], [-87.6333, 41.937222], [-87.633255, 41.932719]]]}, "properties": {"sq": "895_9285", "crime_n": 2, "crime_night_n": 0, "nta": "Lake View", "boro": "Chicago"}}, {"type": "Feature", "geometry": {"type": "Polygon", "coordinates": [[[-87.6333, 41.937222], [-87.627268, 41.937255], [-87.627313, 41.941758], [-87.633344, 41.941725], [-87.6333, 41.937222]]]}, "properties": {"sq": "895_9286", "crime_n": 0, "crime_night_n": 0, "nta": "Lake View", "boro": "Chicago"}}, {"type": "Feature", "geometry": {"type": "Polygon", "coordinates": [[[-87.633344, 41.941725], [-87.627313, 41.941758], [-87.627357, 41.946261], [-87.633389, 41.946228], [-87.633344, 41.941725]]]}, "properties": {"sq": "895_9287", "crime_n": 0, "crime_night_n": 0, "nta": "Lake View", "boro": "Chicago"}}, {"type": "Feature", "geometry": {"type": "Polygon", "coordinates": [[[-87.633522, 41.959737], [-87.627489, 41.959771], [-87.627533, 41.964274], [-87.633567, 41.964241], [-87.633522, 41.959737]]]}, "properties": {"sq": "895_9291", "crime_n": 0, "crime_night_n": 0, "nta": "Uptown", "boro": "Chicago"}}, {"type": "Feature", "geometry": {"type": "Polygon", "coordinates": [[[-87.633567, 41.964241], [-87.627533, 41.964274], [-87.627578, 41.968777], [-87.633612, 41.968744], [-87.633567, 41.964241]]]}, "properties": {"sq": "895_9292", "crime_n": 0, "crime_night_n": 0, "nta": "Uptown", "boro": "Chicago"}}, {"type": "Feature", "geometry": {"type": "Polygon", "coordinates": [[[-87.633612, 41.968744], [-87.627578, 41.968777], [-87.627622, 41.97328], [-87.633656, 41.973247], [-87.633612, 41.968744]]]}, "properties": {"sq": "895_9293", "crime_n": 0, "crime_night_n": 0, "nta": "Uptown", "boro": "Chicago"}}, {"type": "Feature", "geometry": {"type": "Polygon", "coordinates": [[[-87.624465, 41.649048], [-87.618461, 41.649081], [-87.618504, 41.653584], [-87.624508, 41.653552], [-87.624465, 41.649048]]]}, "properties": {"sq": "896_9222", "crime_n": 4, "crime_night_n": 2, "nta": "Riverdale", "boro": "Chicago"}}, {"type": "Feature", "geometry": {"type": "Polygon", "coordinates": [[[-87.624508, 41.653552], [-87.618504, 41.653584], [-87.618547, 41.658088], [-87.624552, 41.658055], [-87.624508, 41.653552]]]}, "properties": {"sq": "896_9223", "crime_n": 0, "crime_night_n": 0, "nta": "Riverdale", "boro": "Chicago"}}, {"type": "Feature", "geometry": {"type": "Polygon", "coordinates": [[[-87.624552, 41.658055], [-87.618547, 41.658088], [-87.61859, 41.662591], [-87.624595, 41.662559], [-87.624552, 41.658055]]]}, "properties": {"sq": "896_9224", "crime_n": 0, "crime_night_n": 0, "nta": "West Pullman", "boro": "Chicago"}}, {"type": "Feature", "geometry": {"type": "Polygon", "coordinates": [[[-87.624595, 41.662559], [-87.61859, 41.662591], [-87.618633, 41.667094], [-87.624639, 41.667062], [-87.624595, 41.662559]]]}, "properties": {"sq": "896_9225", "crime_n": 12, "crime_night_n": 4, "nta": "West Pullman", "boro": "Chicago"}}, {"type": "Feature", "geometry": {"type": "Polygon", "coordinates": [[[-87.624639, 41.667062], [-87.618633, 41.667094], [-87.618676, 41.671598], [-87.624682, 41.671565], [-87.624639, 41.667062]]]}, "properties": {"sq": "896_9226", "crime_n": 25, "crime_night_n": 5, "nta": "West Pullman", "boro": "Chicago"}}, {"type": "Feature", "geometry": {"type": "Polygon", "coordinates": [[[-87.624682, 41.671565], [-87.618676, 41.671598], [-87.618719, 41.676101], [-87.624726, 41.676068], [-87.624682, 41.671565]]]}, "properties": {"sq": "896_9227", "crime_n": 33, "crime_night_n": 12, "nta": "West Pullman", "boro": "Chicago"}}, {"type": "Feature", "geometry": {"type": "Polygon", "coordinates": [[[-87.624726, 41.676068], [-87.618719, 41.676101], [-87.618762, 41.680604], [-87.624769, 41.680572], [-87.624726, 41.676068]]]}, "properties": {"sq": "896_9228", "crime_n": 84, "crime_night_n": 31, "nta": "West Pullman", "boro": "Chicago"}}, {"type": "Feature", "geometry": {"type": "Polygon", "coordinates": [[[-87.624769, 41.680572], [-87.618762, 41.680604], [-87.618805, 41.685108], [-87.624813, 41.685075], [-87.624769, 41.680572]]]}, "properties": {"sq": "896_9229", "crime_n": 46, "crime_night_n": 21, "nta": "West Pullman", "boro": "Chicago"}}, {"type": "Feature", "geometry": {"type": "Polygon", "coordinates": [[[-87.624813, 41.685075], [-87.618805, 41.685108], [-87.618849, 41.689611], [-87.624857, 41.689578], [-87.624813, 41.685075]]]}, "properties": {"sq": "896_9230", "crime_n": 62, "crime_night_n": 17, "nta": "Roseland", "boro": "Chicago"}}, {"type": "Feature", "geometry": {"type": "Polygon", "coordinates": [[[-87.624857, 41.689578], [-87.618849, 41.689611], [-87.618892, 41.694114], [-87.6249, 41.694082], [-87.624857, 41.689578]]]}, "properties": {"sq": "896_9231", "crime_n": 112, "crime_night_n": 31, "nta": "Roseland", "boro": "Chicago"}}, {"type": "Feature", "geometry": {"type": "Polygon", "coordinates": [[[-87.6249, 41.694082], [-87.618892, 41.694114], [-87.618935, 41.698618], [-87.624944, 41.698585], [-87.6249, 41.694082]]]}, "properties": {"sq": "896_9232", "crime_n": 76, "crime_night_n": 37, "nta": "Roseland", "boro": "Chicago"}}, {"type": "Feature", "geometry": {"type": "Polygon", "coordinates": [[[-87.624944, 41.698585], [-87.618935, 41.698618], [-87.618978, 41.703121], [-87.624987, 41.703088], [-87.624944, 41.698585]]]}, "properties": {"sq": "896_9233", "crime_n": 64, "crime_night_n": 31, "nta": "Roseland", "boro": "Chicago"}}, {"type": "Feature", "geometry": {"type": "Polygon", "coordinates": [[[-87.624987, 41.703088], [-87.618978, 41.703121], [-87.619021, 41.707624], [-87.625031, 41.707592], [-87.624987, 41.703088]]]}, "properties": {"sq": "896_9234", "crime_n": 60, "crime_night_n": 24, "nta": "Roseland", "boro": "Chicago"}}, {"type": "Feature", "geometry": {"type": "Polygon", "coordinates": [[[-87.625031, 41.707592], [-87.619021, 41.707624], [-87.619065, 41.712127], [-87.625075, 41.712095], [-87.625031, 41.707592]]]}, "properties": {"sq": "896_9235", "crime_n": 31, "crime_night_n": 11, "nta": "Roseland", "boro": "Chicago"}}, {"type": "Feature", "geometry": {"type": "Polygon", "coordinates": [[[-87.625075, 41.712095], [-87.619065, 41.712127], [-87.619108, 41.716631], [-87.625118, 41.716598], [-87.625075, 41.712095]]]}, "properties": {"sq": "896_9236", "crime_n": 31, "crime_night_n": 19, "nta": "Roseland", "boro": "Chicago"}}, {"type": "Feature", "geometry": {"type": "Polygon", "coordinates": [[[-87.625118, 41.716598], [-87.619108, 41.716631], [-87.619151, 41.721134], [-87.625162, 41.721102], [-87.625118, 41.716598]]]}, "properties": {"sq": "896_9237", "crime_n": 13, "crime_night_n": 5, "nta": "Roseland", "boro": "Chicago"}}, {"type": "Feature", "geometry": {"type": "Polygon", "coordinates": [[[-87.625162, 41.721102], [-87.619151, 41.721134], [-87.619194, 41.725637], [-87.625206, 41.725605], [-87.625162, 41.721102]]]}, "properties": {"sq": "896_9238", "crime_n": 107, "crime_night_n": 40, "nta": "Roseland", "boro": "Chicago"}}, {"type": "Feature", "geometry": {"type": "Polygon", "coordinates": [[[-87.625206, 41.725605], [-87.619194, 41.725637], [-87.619237, 41.730141], [-87.625249, 41.730108], [-87.625206, 41.725605]]]}, "properties": {"sq": "896_9239", "crime_n": 15, "crime_night_n": 5, "nta": "Roseland", "boro": "Chicago"}}, {"type": "Feature", "geometry": {"type": "Polygon", "coordinates": [[[-87.625249, 41.730108], [-87.619237, 41.730141], [-87.619281, 41.734644], [-87.625293, 41.734611], [-87.625249, 41.730108]]]}, "properties": {"sq": "896_9240", "crime_n": 17, "crime_night_n": 5, "nta": "Chatham", "boro": "Chicago"}}, {"type": "Feature", "geometry": {"type": "Polygon", "coordinates": [[[-87.625293, 41.734611], [-87.619281, 41.734644], [-87.619324, 41.739147], [-87.625337, 41.739115], [-87.625293, 41.734611]]]}, "properties": {"sq": "896_9241", "crime_n": 59, "crime_night_n": 15, "nta": "Chatham", "boro": "Chicago"}}, {"type": "Feature", "geometry": {"type": "Polygon", "coordinates": [[[-87.625337, 41.739115], [-87.619324, 41.739147], [-87.619367, 41.74365], [-87.62538, 41.743618], [-87.625337, 41.739115]]]}, "properties": {"sq": "896_9242", "crime_n": 21, "crime_night_n": 8, "nta": "Chatham", "boro": "Chicago"}}, {"type": "Feature", "geometry": {"type": "Polygon", "coordinates": [[[-87.62538, 41.743618], [-87.619367, 41.74365], [-87.619411, 41.748154], [-87.625424, 41.748121], [-87.62538, 41.743618]]]}, "properties": {"sq": "896_9243", "crime_n": 23, "crime_night_n": 6, "nta": "Chatham", "boro": "Chicago"}}, {"type": "Feature", "geometry": {"type": "Polygon", "coordinates": [[[-87.625424, 41.748121], [-87.619411, 41.748154], [-87.619454, 41.752657], [-87.625468, 41.752624], [-87.625424, 41.748121]]]}, "properties": {"sq": "896_9244", "crime_n": 117, "crime_night_n": 54, "nta": "Chatham", "boro": "Chicago"}}, {"type": "Feature", "geometry": {"type": "Polygon", "coordinates": [[[-87.625468, 41.752624], [-87.619454, 41.752657], [-87.619497, 41.75716], [-87.625511, 41.757128], [-87.625468, 41.752624]]]}, "properties": {"sq": "896_9245", "crime_n": 35, "crime_night_n": 16, "nta": "Greater Grand Crossing", "boro": "Chicago"}}, {"type": "Feature", "geometry": {"type": "Polygon", "coordinates": [[[-87.625511, 41.757128], [-87.619497, 41.75716], [-87.61954, 41.761664], [-87.625555, 41.761631], [-87.625511, 41.757128]]]}, "properties": {"sq": "896_9246", "crime_n": 74, "crime_night_n": 36, "nta": "Greater Grand Crossing", "boro": "Chicago"}}, {"type": "Feature", "geometry": {"type": "Polygon", "coordinates": [[[-87.625555, 41.761631], [-87.61954, 41.761664], [-87.619584, 41.766167], [-87.625599, 41.766134], [-87.625555, 41.761631]]]}, "properties": {"sq": "896_9247", "crime_n": 90, "crime_night_n": 28, "nta": "Greater Grand Crossing", "boro": "Chicago"}}, {"type": "Feature", "geometry": {"type": "Polygon", "coordinates": [[[-87.625599, 41.766134], [-87.619584, 41.766167], [-87.619627, 41.77067], [-87.625643, 41.770637], [-87.625599, 41.766134]]]}, "properties": {"sq": "896_9248", "crime_n": 93, "crime_night_n": 46, "nta": "Greater Grand Crossing", "boro": "Chicago"}}, {"type": "Feature", "geometry": {"type": "Polygon", "coordinates": [[[-87.625643, 41.770637], [-87.619627, 41.77067], [-87.61967, 41.775173], [-87.625686, 41.775141], [-87.625643, 41.770637]]]}, "properties": {"sq": "896_9249", "crime_n": 52, "crime_night_n": 16, "nta": "Greater Grand Crossing", "boro": "Chicago"}}, {"type": "Feature", "geometry": {"type": "Polygon", "coordinates": [[[-87.625686, 41.775141], [-87.61967, 41.775173], [-87.619714, 41.779677], [-87.62573, 41.779644], [-87.625686, 41.775141]]]}, "properties": {"sq": "896_9250", "crime_n": 3, "crime_night_n": 0, "nta": "Greater Grand Crossing", "boro": "Chicago"}}, {"type": "Feature", "geometry": {"type": "Polygon", "coordinates": [[[-87.62573, 41.779644], [-87.619714, 41.779677], [-87.619757, 41.78418], [-87.625774, 41.784147], [-87.62573, 41.779644]]]}, "properties": {"sq": "896_9251", "crime_n": 75, "crime_night_n": 37, "nta": "Washington Park", "boro": "Chicago"}}, {"type": "Feature", "geometry": {"type": "Polygon", "coordinates": [[[-87.625774, 41.784147], [-87.619757, 41.78418], [-87.619801, 41.788683], [-87.625818, 41.78865], [-87.625774, 41.784147]]]}, "properties": {"sq": "896_9252", "crime_n": 83, "crime_night_n": 37, "nta": "Washington Park", "boro": "Chicago"}}, {"type": "Feature", "geometry": {"type": "Polygon", "coordinates": [[[-87.625818, 41.78865], [-87.619801, 41.788683], [-87.619844, 41.793186], [-87.625862, 41.793154], [-87.625818, 41.78865]]]}, "properties": {"sq": "896_9253", "crime_n": 116, "crime_night_n": 58, "nta": "Washington Park", "boro": "Chicago"}}, {"type": "Feature", "geometry": {"type": "Polygon", "coordinates": [[[-87.625862, 41.793154], [-87.619844, 41.793186], [-87.619887, 41.797689], [-87.625905, 41.797657], [-87.625862, 41.793154]]]}, "properties": {"sq": "896_9254", "crime_n": 89, "crime_night_n": 36, "nta": "Washington Park", "boro": "Chicago"}}, {"type": "Feature", "geometry": {"type": "Polygon", "coordinates": [[[-87.625905, 41.797657], [-87.619887, 41.797689], [-87.619931, 41.802193], [-87.625949, 41.80216], [-87.625905, 41.797657]]]}, "properties": {"sq": "896_9255", "crime_n": 68, "crime_night_n": 27, "nta": "Washington Park", "boro": "Chicago"}}, {"type": "Feature", "geometry": {"type": "Polygon", "coordinates": [[[-87.625949, 41.80216], [-87.619931, 41.802193], [-87.619974, 41.806696], [-87.625993, 41.806663], [-87.625949, 41.80216]]]}, "properties": {"sq": "896_9256", "crime_n": 32, "crime_night_n": 16, "nta": "Grand Boulevard", "boro": "Chicago"}}, {"type": "Feature", "geometry": {"type": "Polygon", "coordinates": [[[-87.625993, 41.806663], [-87.619974, 41.806696], [-87.620018, 41.811199], [-87.626037, 41.811166], [-87.625993, 41.806663]]]}, "properties": {"sq": "896_9257", "crime_n": 98, "crime_night_n": 35, "nta": "Grand Boulevard", "boro": "Chicago"}}, {"type": "Feature", "geometry": {"type": "Polygon", "coordinates": [[[-87.626037, 41.811166], [-87.620018, 41.811199], [-87.620061, 41.815702], [-87.626081, 41.81567], [-87.626037, 41.811166]]]}, "properties": {"sq": "896_9258", "crime_n": 32, "crime_night_n": 15, "nta": "Grand Boulevard", "boro": "Chicago"}}, {"type": "Feature", "geometry": {"type": "Polygon", "coordinates": [[[-87.626081, 41.81567], [-87.620061, 41.815702], [-87.620104, 41.820206], [-87.626125, 41.820173], [-87.626081, 41.81567]]]}, "properties": {"sq": "896_9259", "crime_n": 57, "crime_night_n": 17, "nta": "Grand Boulevard", "boro": "Chicago"}}, {"type": "Feature", "geometry": {"type": "Polygon", "coordinates": [[[-87.626125, 41.820173], [-87.620104, 41.820206], [-87.620148, 41.824709], [-87.626168, 41.824676], [-87.626125, 41.820173]]]}, "properties": {"sq": "896_9260", "crime_n": 27, "crime_night_n": 10, "nta": "Grand Boulevard", "boro": "Chicago"}}, {"type": "Feature", "geometry": {"type": "Polygon", "coordinates": [[[-87.626168, 41.824676], [-87.620148, 41.824709], [-87.620191, 41.829212], [-87.626212, 41.829179], [-87.626168, 41.824676]]]}, "properties": {"sq": "896_9261", "crime_n": 53, "crime_night_n": 17, "nta": "Douglas", "boro": "Chicago"}}, {"type": "Feature", "geometry": {"type": "Polygon", "coordinates": [[[-87.626212, 41.829179], [-87.620191, 41.829212], [-87.620235, 41.833715], [-87.626256, 41.833683], [-87.626212, 41.829179]]]}, "properties": {"sq": "896_9262", "crime_n": 56, "crime_night_n": 22, "nta": "Douglas", "boro": "Chicago"}}, {"type": "Feature", "geometry": {"type": "Polygon", "coordinates": [[[-87.626256, 41.833683], [-87.620235, 41.833715], [-87.620278, 41.838218], [-87.6263, 41.838186], [-87.626256, 41.833683]]]}, "properties": {"sq": "896_9263", "crime_n": 33, "crime_night_n": 13, "nta": "Douglas", "boro": "Chicago"}}, {"type": "Feature", "geometry": {"type": "Polygon", "coordinates": [[[-87.6263, 41.838186], [-87.620278, 41.838218], [-87.620322, 41.842722], [-87.626344, 41.842689], [-87.6263, 41.838186]]]}, "properties": {"sq": "896_9264", "crime_n": 22, "crime_night_n": 8, "nta": "Douglas", "boro": "Chicago"}}, {"type": "Feature", "geometry": {"type": "Polygon", "coordinates": [[[-87.626344, 41.842689], [-87.620322, 41.842722], [-87.620365, 41.847225], [-87.626388, 41.847192], [-87.626344, 41.842689]]]}, "properties": {"sq": "896_9265", "crime_n": 26, "crime_night_n": 9, "nta": "Douglas", "boro": "Chicago"}}, {"type": "Feature", "geometry": {"type": "Polygon", "coordinates": [[[-87.626388, 41.847192], [-87.620365, 41.847225], [-87.620409, 41.851728], [-87.626432, 41.851695], [-87.626388, 41.847192]]]}, "properties": {"sq": "896_9266", "crime_n": 26, "crime_night_n": 16, "nta": "Near South Side", "boro": "Chicago"}}, {"type": "Feature", "geometry": {"type": "Polygon", "coordinates": [[[-87.626432, 41.851695], [-87.620409, 41.851728], [-87.620452, 41.856231], [-87.626476, 41.856198], [-87.626432, 41.851695]]]}, "properties": {"sq": "896_9267", "crime_n": 147, "crime_night_n": 85, "nta": "Near South Side", "boro": "Chicago"}}, {"type": "Feature", "geometry": {"type": "Polygon", "coordinates": [[[-87.626476, 41.856198], [-87.620452, 41.856231], [-87.620496, 41.860734], [-87.62652, 41.860702], [-87.626476, 41.856198]]]}, "properties": {"sq": "896_9268", "crime_n": 57, "crime_night_n": 27, "nta": "Near South Side", "boro": "Chicago"}}, {"type": "Feature", "geometry": {"type": "Polygon", "coordinates": [[[-87.62652, 41.860702], [-87.620496, 41.860734], [-87.620539, 41.865237], [-87.626564, 41.865205], [-87.62652, 41.860702]]]}, "properties": {"sq": "896_9269", "crime_n": 53, "crime_night_n": 24, "nta": "Near South Side", "boro": "Chicago"}}, {"type": "Feature", "geometry": {"type": "Polygon", "coordinates": [[[-87.626564, 41.865205], [-87.620539, 41.865237], [-87.620583, 41.869741], [-87.626608, 41.869708], [-87.626564, 41.865205]]]}, "properties": {"sq": "896_9270", "crime_n": 196, "crime_night_n": 94, "nta": "Near South Side", "boro": "Chicago"}}, {"type": "Feature", "geometry": {"type": "Polygon", "coordinates": [[[-87.626608, 41.869708], [-87.620583, 41.869741], [-87.620627, 41.874244], [-87.626652, 41.874211], [-87.626608, 41.869708]]]}, "properties": {"sq": "896_9271", "crime_n": 87, "crime_night_n": 39, "nta": "Loop", "boro": "Chicago"}}, {"type": "Feature", "geometry": {"type": "Polygon", "coordinates": [[[-87.626652, 41.874211], [-87.620627, 41.874244], [-87.62067, 41.878747], [-87.626696, 41.878714], [-87.626652, 41.874211]]]}, "properties": {"sq": "896_9272", "crime_n": 96, "crime_night_n": 32, "nta": "Loop", "boro": "Chicago"}}, {"type": "Feature", "geometry": {"type": "Polygon", "coordinates": [[[-87.626696, 41.878714], [-87.62067, 41.878747], [-87.620714, 41.88325], [-87.62674, 41.883217], [-87.626696, 41.878714]]]}, "properties": {"sq": "896_9273", "crime_n": 217, "crime_night_n": 73, "nta": "Loop", "boro": "Chicago"}}, {"type": "Feature", "geometry": {"type": "Polygon", "coordinates": [[[-87.62674, 41.883217], [-87.620714, 41.88325], [-87.620757, 41.887753], [-87.626784, 41.887721], [-87.62674, 41.883217]]]}, "properties": {"sq": "896_9274", "crime_n": 235, "crime_night_n": 93, "nta": "Loop", "boro": "Chicago"}}, {"type": "Feature", "geometry": {"type": "Polygon", "coordinates": [[[-87.626784, 41.887721], [-87.620757, 41.887753], [-87.620801, 41.892256], [-87.626828, 41.892224], [-87.626784, 41.887721]]]}, "properties": {"sq": "896_9275", "crime_n": 226, "crime_night_n": 88, "nta": "Near North Side", "boro": "Chicago"}}, {"type": "Feature", "geometry": {"type": "Polygon", "coordinates": [[[-87.626828, 41.892224], [-87.620801, 41.892256], [-87.620844, 41.89676], [-87.626872, 41.896727], [-87.626828, 41.892224]]]}, "properties": {"sq": "896_9276", "crime_n": 294, "crime_night_n": 102, "nta": "Near North Side", "boro": "Chicago"}}, {"type": "Feature", "geometry": {"type": "Polygon", "coordinates": [[[-87.626872, 41.896727], [-87.620844, 41.89676], [-87.620888, 41.901263], [-87.626916, 41.90123], [-87.626872, 41.896727]]]}, "properties": {"sq": "896_9277", "crime_n": 132, "crime_night_n": 42, "nta": "Near North Side", "boro": "Chicago"}}, {"type": "Feature", "geometry": {"type": "Polygon", "coordinates": [[[-87.626916, 41.90123], [-87.620888, 41.901263], [-87.620932, 41.905766], [-87.62696, 41.905733], [-87.626916, 41.90123]]]}, "properties": {"sq": "896_9278", "crime_n": 23, "crime_night_n": 5, "nta": "Near North Side", "boro": "Chicago"}}, {"type": "Feature", "geometry": {"type": "Polygon", "coordinates": [[[-87.62696, 41.905733], [-87.620932, 41.905766], [-87.620975, 41.910269], [-87.627004, 41.910236], [-87.62696, 41.905733]]]}, "properties": {"sq": "896_9279", "crime_n": 11, "crime_night_n": 6, "nta": "Near North Side", "boro": "Chicago"}}, {"type": "Feature", "geometry": {"type": "Polygon", "coordinates": [[[-87.627004, 41.910236], [-87.620975, 41.910269], [-87.621019, 41.914772], [-87.627048, 41.914739], [-87.627004, 41.910236]]]}, "properties": {"sq": "896_9280", "crime_n": 37, "crime_night_n": 13, "nta": "Lincoln Park", "boro": "Chicago"}}, {"type": "Feature", "geometry": {"type": "Polygon", "coordinates": [[[-87.627048, 41.914739], [-87.621019, 41.914772], [-87.621063, 41.919275], [-87.627092, 41.919243], [-87.627048, 41.914739]]]}, "properties": {"sq": "896_9281", "crime_n": 0, "crime_night_n": 0, "nta": "Lincoln Park", "boro": "Chicago"}}, {"type": "Feature", "geometry": {"type": "Polygon", "coordinates": [[[-87.618374, 41.640074], [-87.612371, 41.640106], [-87.612414, 41.64461], [-87.618418, 41.644578], [-87.618374, 41.640074]]]}, "properties": {"sq": "897_9220", "crime_n": 0, "crime_night_n": 0, "nta": "Riverdale", "boro": "Chicago"}}, {"type": "Feature", "geometry": {"type": "Polygon", "coordinates": [[[-87.618418, 41.644578], [-87.612414, 41.64461], [-87.612456, 41.649113], [-87.618461, 41.649081], [-87.618418, 41.644578]]]}, "properties": {"sq": "897_9221", "crime_n": 14, "crime_night_n": 4, "nta": "Riverdale", "boro": "Chicago"}}, {"type": "Feature", "geometry": {"type": "Polygon", "coordinates": [[[-87.618461, 41.649081], [-87.612456, 41.649113], [-87.612499, 41.653616], [-87.618504, 41.653584], [-87.618461, 41.649081]]]}, "properties": {"sq": "897_9222", "crime_n": 17, "crime_night_n": 8, "nta": "Riverdale", "boro": "Chicago"}}, {"type": "Feature", "geometry": {"type": "Polygon", "coordinates": [[[-87.618504, 41.653584], [-87.612499, 41.653616], [-87.612542, 41.65812], [-87.618547, 41.658088], [-87.618504, 41.653584]]]}, "properties": {"sq": "897_9223", "crime_n": 43, "crime_night_n": 22, "nta": "Riverdale", "boro": "Chicago"}}, {"type": "Feature", "geometry": {"type": "Polygon", "coordinates": [[[-87.618547, 41.658088], [-87.612542, 41.65812], [-87.612584, 41.662623], [-87.61859, 41.662591], [-87.618547, 41.658088]]]}, "properties": {"sq": "897_9224", "crime_n": 18, "crime_night_n": 8, "nta": "Riverdale", "boro": "Chicago"}}, {"type": "Feature", "geometry": {"type": "Polygon", "coordinates": [[[-87.61859, 41.662591], [-87.612584, 41.662623], [-87.612627, 41.667126], [-87.618633, 41.667094], [-87.61859, 41.662591]]]}, "properties": {"sq": "897_9225", "crime_n": 1, "crime_night_n": 0, "nta": "Riverdale", "boro": "Chicago"}}, {"type": "Feature", "geometry": {"type": "Polygon", "coordinates": [[[-87.618633, 41.667094], [-87.612627, 41.667126], [-87.61267, 41.67163], [-87.618676, 41.671598], [-87.618633, 41.667094]]]}, "properties": {"sq": "897_9226", "crime_n": 0, "crime_night_n": 0, "nta": "Riverdale", "boro": "Chicago"}}, {"type": "Feature", "geometry": {"type": "Polygon", "coordinates": [[[-87.618676, 41.671598], [-87.61267, 41.67163], [-87.612713, 41.676133], [-87.618719, 41.676101], [-87.618676, 41.671598]]]}, "properties": {"sq": "897_9227", "crime_n": 27, "crime_night_n": 8, "nta": "West Pullman", "boro": "Chicago"}}, {"type": "Feature", "geometry": {"type": "Polygon", "coordinates": [[[-87.618719, 41.676101], [-87.612713, 41.676133], [-87.612755, 41.680636], [-87.618762, 41.680604], [-87.618719, 41.676101]]]}, "properties": {"sq": "897_9228", "crime_n": 23, "crime_night_n": 8, "nta": "West Pullman", "boro": "Chicago"}}, {"type": "Feature", "geometry": {"type": "Polygon", "coordinates": [[[-87.618762, 41.680604], [-87.612755, 41.680636], [-87.612798, 41.68514], [-87.618805, 41.685108], [-87.618762, 41.680604]]]}, "properties": {"sq": "897_9229", "crime_n": 35, "crime_night_n": 14, "nta": "West Pullman", "boro": "Chicago"}}, {"type": "Feature", "geometry": {"type": "Polygon", "coordinates": [[[-87.618805, 41.685108], [-87.612798, 41.68514], [-87.612841, 41.689643], [-87.618849, 41.689611], [-87.618805, 41.685108]]]}, "properties": {"sq": "897_9230", "crime_n": 32, "crime_night_n": 10, "nta": "Roseland", "boro": "Chicago"}}, {"type": "Feature", "geometry": {"type": "Polygon", "coordinates": [[[-87.618849, 41.689611], [-87.612841, 41.689643], [-87.612883, 41.694146], [-87.618892, 41.694114], [-87.618849, 41.689611]]]}, "properties": {"sq": "897_9231", "crime_n": 84, "crime_night_n": 35, "nta": "Roseland", "boro": "Chicago"}}, {"type": "Feature", "geometry": {"type": "Polygon", "coordinates": [[[-87.618892, 41.694114], [-87.612883, 41.694146], [-87.612926, 41.69865], [-87.618935, 41.698618], [-87.618892, 41.694114]]]}, "properties": {"sq": "897_9232", "crime_n": 27, "crime_night_n": 8, "nta": "Roseland", "boro": "Chicago"}}, {"type": "Feature", "geometry": {"type": "Polygon", "coordinates": [[[-87.618935, 41.698618], [-87.612926, 41.69865], [-87.612969, 41.703153], [-87.618978, 41.703121], [-87.618935, 41.698618]]]}, "properties": {"sq": "897_9233", "crime_n": 27, "crime_night_n": 15, "nta": "Roseland", "boro": "Chicago"}}, {"type": "Feature", "geometry": {"type": "Polygon", "coordinates": [[[-87.618978, 41.703121], [-87.612969, 41.703153], [-87.613012, 41.707656], [-87.619021, 41.707624], [-87.618978, 41.703121]]]}, "properties": {"sq": "897_9234", "crime_n": 31, "crime_night_n": 13, "nta": "Roseland", "boro": "Chicago"}}, {"type": "Feature", "geometry": {"type": "Polygon", "coordinates": [[[-87.619021, 41.707624], [-87.613012, 41.707656], [-87.613055, 41.71216], [-87.619065, 41.712127], [-87.619021, 41.707624]]]}, "properties": {"sq": "897_9235", "crime_n": 28, "crime_night_n": 8, "nta": "Roseland", "boro": "Chicago"}}, {"type": "Feature", "geometry": {"type": "Polygon", "coordinates": [[[-87.619065, 41.712127], [-87.613055, 41.71216], [-87.613097, 41.716663], [-87.619108, 41.716631], [-87.619065, 41.712127]]]}, "properties": {"sq": "897_9236", "crime_n": 15, "crime_night_n": 6, "nta": "Roseland", "boro": "Chicago"}}, {"type": "Feature", "geometry": {"type": "Polygon", "coordinates": [[[-87.619108, 41.716631], [-87.613097, 41.716663], [-87.61314, 41.721166], [-87.619151, 41.721134], [-87.619108, 41.716631]]]}, "properties": {"sq": "897_9237", "crime_n": 10, "crime_night_n": 5, "nta": "Roseland", "boro": "Chicago"}}, {"type": "Feature", "geometry": {"type": "Polygon", "coordinates": [[[-87.619151, 41.721134], [-87.61314, 41.721166], [-87.613183, 41.72567], [-87.619194, 41.725637], [-87.619151, 41.721134]]]}, "properties": {"sq": "897_9238", "crime_n": 34, "crime_night_n": 15, "nta": "Roseland", "boro": "Chicago"}}, {"type": "Feature", "geometry": {"type": "Polygon", "coordinates": [[[-87.619194, 41.725637], [-87.613183, 41.72567], [-87.613226, 41.730173], [-87.619237, 41.730141], [-87.619194, 41.725637]]]}, "properties": {"sq": "897_9239", "crime_n": 20, "crime_night_n": 4, "nta": "Roseland", "boro": "Chicago"}}, {"type": "Feature", "geometry": {"type": "Polygon", "coordinates": [[[-87.619237, 41.730141], [-87.613226, 41.730173], [-87.613269, 41.734676], [-87.619281, 41.734644], [-87.619237, 41.730141]]]}, "properties": {"sq": "897_9240", "crime_n": 15, "crime_night_n": 4, "nta": "Chatham", "boro": "Chicago"}}, {"type": "Feature", "geometry": {"type": "Polygon", "coordinates": [[[-87.619281, 41.734644], [-87.613269, 41.734676], [-87.613311, 41.739179], [-87.619324, 41.739147], [-87.619281, 41.734644]]]}, "properties": {"sq": "897_9241", "crime_n": 27, "crime_night_n": 10, "nta": "Chatham", "boro": "Chicago"}}, {"type": "Feature", "geometry": {"type": "Polygon", "coordinates": [[[-87.619324, 41.739147], [-87.613311, 41.739179], [-87.613354, 41.743683], [-87.619367, 41.74365], [-87.619324, 41.739147]]]}, "properties": {"sq": "897_9242", "crime_n": 19, "crime_night_n": 8, "nta": "Chatham", "boro": "Chicago"}}, {"type": "Feature", "geometry": {"type": "Polygon", "coordinates": [[[-87.619367, 41.74365], [-87.613354, 41.743683], [-87.613397, 41.748186], [-87.619411, 41.748154], [-87.619367, 41.74365]]]}, "properties": {"sq": "897_9243", "crime_n": 38, "crime_night_n": 14, "nta": "Chatham", "boro": "Chicago"}}, {"type": "Feature", "geometry": {"type": "Polygon", "coordinates": [[[-87.619411, 41.748154], [-87.613397, 41.748186], [-87.61344, 41.752689], [-87.619454, 41.752657], [-87.619411, 41.748154]]]}, "properties": {"sq": "897_9244", "crime_n": 89, "crime_night_n": 29, "nta": "Chatham", "boro": "Chicago"}}, {"type": "Feature", "geometry": {"type": "Polygon", "coordinates": [[[-87.619454, 41.752657], [-87.61344, 41.752689], [-87.613483, 41.757193], [-87.619497, 41.75716], [-87.619454, 41.752657]]]}, "properties": {"sq": "897_9245", "crime_n": 35, "crime_night_n": 12, "nta": "Greater Grand Crossing", "boro": "Chicago"}}, {"type": "Feature", "geometry": {"type": "Polygon", "coordinates": [[[-87.619497, 41.75716], [-87.613483, 41.757193], [-87.613526, 41.761696], [-87.61954, 41.761664], [-87.619497, 41.75716]]]}, "properties": {"sq": "897_9246", "crime_n": 65, "crime_night_n": 23, "nta": "Greater Grand Crossing", "boro": "Chicago"}}, {"type": "Feature", "geometry": {"type": "Polygon", "coordinates": [[[-87.61954, 41.761664], [-87.613526, 41.761696], [-87.613569, 41.766199], [-87.619584, 41.766167], [-87.61954, 41.761664]]]}, "properties": {"sq": "897_9247", "crime_n": 82, "crime_night_n": 34, "nta": "Greater Grand Crossing", "boro": "Chicago"}}, {"type": "Feature", "geometry": {"type": "Polygon", "coordinates": [[[-87.619584, 41.766167], [-87.613569, 41.766199], [-87.613612, 41.770702], [-87.619627, 41.77067], [-87.619584, 41.766167]]]}, "properties": {"sq": "897_9248", "crime_n": 88, "crime_night_n": 26, "nta": "Greater Grand Crossing", "boro": "Chicago"}}, {"type": "Feature", "geometry": {"type": "Polygon", "coordinates": [[[-87.619627, 41.77067], [-87.613612, 41.770702], [-87.613655, 41.775206], [-87.61967, 41.775173], [-87.619627, 41.77067]]]}, "properties": {"sq": "897_9249", "crime_n": 40, "crime_night_n": 15, "nta": "Greater Grand Crossing", "boro": "Chicago"}}, {"type": "Feature", "geometry": {"type": "Polygon", "coordinates": [[[-87.61967, 41.775173], [-87.613655, 41.775206], [-87.613698, 41.779709], [-87.619714, 41.779677], [-87.61967, 41.775173]]]}, "properties": {"sq": "897_9250", "crime_n": 263, "crime_night_n": 95, "nta": "Greater Grand Crossing", "boro": "Chicago"}}, {"type": "Feature", "geometry": {"type": "Polygon", "coordinates": [[[-87.619714, 41.779677], [-87.613698, 41.779709], [-87.61374, 41.784212], [-87.619757, 41.78418], [-87.619714, 41.779677]]]}, "properties": {"sq": "897_9251", "crime_n": 153, "crime_night_n": 72, "nta": "Washington Park", "boro": "Chicago"}}, {"type": "Feature", "geometry": {"type": "Polygon", "coordinates": [[[-87.619757, 41.78418], [-87.61374, 41.784212], [-87.613783, 41.788715], [-87.619801, 41.788683], [-87.619757, 41.78418]]]}, "properties": {"sq": "897_9252", "crime_n": 74, "crime_night_n": 35, "nta": "Washington Park", "boro": "Chicago"}}, {"type": "Feature", "geometry": {"type": "Polygon", "coordinates": [[[-87.619801, 41.788683], [-87.613783, 41.788715], [-87.613826, 41.793219], [-87.619844, 41.793186], [-87.619801, 41.788683]]]}, "properties": {"sq": "897_9253", "crime_n": 64, "crime_night_n": 21, "nta": "Washington Park", "boro": "Chicago"}}, {"type": "Feature", "geometry": {"type": "Polygon", "coordinates": [[[-87.619844, 41.793186], [-87.613826, 41.793219], [-87.613869, 41.797722], [-87.619887, 41.797689], [-87.619844, 41.793186]]]}, "properties": {"sq": "897_9254", "crime_n": 72, "crime_night_n": 30, "nta": "Washington Park", "boro": "Chicago"}}, {"type": "Feature", "geometry": {"type": "Polygon", "coordinates": [[[-87.619887, 41.797689], [-87.613869, 41.797722], [-87.613912, 41.802225], [-87.619931, 41.802193], [-87.619887, 41.797689]]]}, "properties": {"sq": "897_9255", "crime_n": 114, "crime_night_n": 48, "nta": "Washington Park", "boro": "Chicago"}}, {"type": "Feature", "geometry": {"type": "Polygon", "coordinates": [[[-87.619931, 41.802193], [-87.613912, 41.802225], [-87.613955, 41.806728], [-87.619974, 41.806696], [-87.619931, 41.802193]]]}, "properties": {"sq": "897_9256", "crime_n": 51, "crime_night_n": 15, "nta": "Grand Boulevard", "boro": "Chicago"}}, {"type": "Feature", "geometry": {"type": "Polygon", "coordinates": [[[-87.619974, 41.806696], [-87.613955, 41.806728], [-87.613998, 41.811231], [-87.620018, 41.811199], [-87.619974, 41.806696]]]}, "properties": {"sq": "897_9257", "crime_n": 102, "crime_night_n": 47, "nta": "Grand Boulevard", "boro": "Chicago"}}, {"type": "Feature", "geometry": {"type": "Polygon", "coordinates": [[[-87.620018, 41.811199], [-87.613998, 41.811231], [-87.614041, 41.815735], [-87.620061, 41.815702], [-87.620018, 41.811199]]]}, "properties": {"sq": "897_9258", "crime_n": 55, "crime_night_n": 26, "nta": "Grand Boulevard", "boro": "Chicago"}}, {"type": "Feature", "geometry": {"type": "Polygon", "coordinates": [[[-87.620061, 41.815702], [-87.614041, 41.815735], [-87.614084, 41.820238], [-87.620104, 41.820206], [-87.620061, 41.815702]]]}, "properties": {"sq": "897_9259", "crime_n": 63, "crime_night_n": 26, "nta": "Grand Boulevard", "boro": "Chicago"}}, {"type": "Feature", "geometry": {"type": "Polygon", "coordinates": [[[-87.620104, 41.820206], [-87.614084, 41.820238], [-87.614127, 41.824741], [-87.620148, 41.824709], [-87.620104, 41.820206]]]}, "properties": {"sq": "897_9260", "crime_n": 65, "crime_night_n": 19, "nta": "Grand Boulevard", "boro": "Chicago"}}, {"type": "Feature", "geometry": {"type": "Polygon", "coordinates": [[[-87.620148, 41.824709], [-87.614127, 41.824741], [-87.61417, 41.829244], [-87.620191, 41.829212], [-87.620148, 41.824709]]]}, "properties": {"sq": "897_9261", "crime_n": 51, "crime_night_n": 9, "nta": "Douglas", "boro": "Chicago"}}, {"type": "Feature", "geometry": {"type": "Polygon", "coordinates": [[[-87.620191, 41.829212], [-87.61417, 41.829244], [-87.614213, 41.833748], [-87.620235, 41.833715], [-87.620191, 41.829212]]]}, "properties": {"sq": "897_9262", "crime_n": 165, "crime_night_n": 52, "nta": "Douglas", "boro": "Chicago"}}, {"type": "Feature", "geometry": {"type": "Polygon", "coordinates": [[[-87.620235, 41.833715], [-87.614213, 41.833748], [-87.614257, 41.838251], [-87.620278, 41.838218], [-87.620235, 41.833715]]]}, "properties": {"sq": "897_9263", "crime_n": 44, "crime_night_n": 24, "nta": "Douglas", "boro": "Chicago"}}, {"type": "Feature", "geometry": {"type": "Polygon", "coordinates": [[[-87.620278, 41.838218], [-87.614257, 41.838251], [-87.6143, 41.842754], [-87.620322, 41.842722], [-87.620278, 41.838218]]]}, "properties": {"sq": "897_9264", "crime_n": 30, "crime_night_n": 18, "nta": "Douglas", "boro": "Chicago"}}, {"type": "Feature", "geometry": {"type": "Polygon", "coordinates": [[[-87.620322, 41.842722], [-87.6143, 41.842754], [-87.614343, 41.847257], [-87.620365, 41.847225], [-87.620322, 41.842722]]]}, "properties": {"sq": "897_9265", "crime_n": 38, "crime_night_n": 15, "nta": "Douglas", "boro": "Chicago"}}, {"type": "Feature", "geometry": {"type": "Polygon", "coordinates": [[[-87.620365, 41.847225], [-87.614343, 41.847257], [-87.614386, 41.85176], [-87.620409, 41.851728], [-87.620365, 41.847225]]]}, "properties": {"sq": "897_9266", "crime_n": 19, "crime_night_n": 6, "nta": "Near South Side", "boro": "Chicago"}}, {"type": "Feature", "geometry": {"type": "Polygon", "coordinates": [[[-87.620409, 41.851728], [-87.614386, 41.85176], [-87.614429, 41.856264], [-87.620452, 41.856231], [-87.620409, 41.851728]]]}, "properties": {"sq": "897_9267", "crime_n": 15, "crime_night_n": 7, "nta": "Near South Side", "boro": "Chicago"}}, {"type": "Feature", "geometry": {"type": "Polygon", "coordinates": [[[-87.620452, 41.856231], [-87.614429, 41.856264], [-87.614472, 41.860767], [-87.620496, 41.860734], [-87.620452, 41.856231]]]}, "properties": {"sq": "897_9268", "crime_n": 14, "crime_night_n": 8, "nta": "Near South Side", "boro": "Chicago"}}, {"type": "Feature", "geometry": {"type": "Polygon", "coordinates": [[[-87.620496, 41.860734], [-87.614472, 41.860767], [-87.614515, 41.86527], [-87.620539, 41.865237], [-87.620496, 41.860734]]]}, "properties": {"sq": "897_9269", "crime_n": 31, "crime_night_n": 15, "nta": "Near South Side", "boro": "Chicago"}}, {"type": "Feature", "geometry": {"type": "Polygon", "coordinates": [[[-87.620539, 41.865237], [-87.614515, 41.86527], [-87.614558, 41.869773], [-87.620583, 41.869741], [-87.620539, 41.865237]]]}, "properties": {"sq": "897_9270", "crime_n": 24, "crime_night_n": 13, "nta": "Loop", "boro": "Chicago"}}, {"type": "Feature", "geometry": {"type": "Polygon", "coordinates": [[[-87.620583, 41.869741], [-87.614558, 41.869773], [-87.614601, 41.874276], [-87.620627, 41.874244], [-87.620583, 41.869741]]]}, "properties": {"sq": "897_9271", "crime_n": 17, "crime_night_n": 10, "nta": "Loop", "boro": "Chicago"}}, {"type": "Feature", "geometry": {"type": "Polygon", "coordinates": [[[-87.620627, 41.874244], [-87.614601, 41.874276], [-87.614645, 41.878779], [-87.62067, 41.878747], [-87.620627, 41.874244]]]}, "properties": {"sq": "897_9272", "crime_n": 17, "crime_night_n": 6, "nta": "Loop", "boro": "Chicago"}}, {"type": "Feature", "geometry": {"type": "Polygon", "coordinates": [[[-87.62067, 41.878747], [-87.614645, 41.878779], [-87.614688, 41.883283], [-87.620714, 41.88325], [-87.62067, 41.878747]]]}, "properties": {"sq": "897_9273", "crime_n": 23, "crime_night_n": 9, "nta": "Loop", "boro": "Chicago"}}, {"type": "Feature", "geometry": {"type": "Polygon", "coordinates": [[[-87.620714, 41.88325], [-87.614688, 41.883283], [-87.614731, 41.887786], [-87.620757, 41.887753], [-87.620714, 41.88325]]]}, "properties": {"sq": "897_9274", "crime_n": 83, "crime_night_n": 43, "nta": "Loop", "boro": "Chicago"}}, {"type": "Feature", "geometry": {"type": "Polygon", "coordinates": [[[-87.620757, 41.887753], [-87.614731, 41.887786], [-87.614774, 41.892289], [-87.620801, 41.892256], [-87.620757, 41.887753]]]}, "properties": {"sq": "897_9275", "crime_n": 79, "crime_night_n": 36, "nta": "Near North Side", "boro": "Chicago"}}, {"type": "Feature", "geometry": {"type": "Polygon", "coordinates": [[[-87.620801, 41.892256], [-87.614774, 41.892289], [-87.614817, 41.896792], [-87.620844, 41.89676], [-87.620801, 41.892256]]]}, "properties": {"sq": "897_9276", "crime_n": 64, "crime_night_n": 25, "nta": "Near North Side", "boro": "Chicago"}}, {"type": "Feature", "geometry": {"type": "Polygon", "coordinates": [[[-87.620844, 41.89676], [-87.614817, 41.896792], [-87.61486, 41.901295], [-87.620888, 41.901263], [-87.620844, 41.89676]]]}, "properties": {"sq": "897_9277", "crime_n": 27, "crime_night_n": 9, "nta": "Near North Side", "boro": "Chicago"}}, {"type": "Feature", "geometry": {"type": "Polygon", "coordinates": [[[-87.620888, 41.901263], [-87.61486, 41.901295], [-87.614904, 41.905798], [-87.620932, 41.905766], [-87.620888, 41.901263]]]}, "properties": {"sq": "897_9278", "crime_n": 1, "crime_night_n": 0, "nta": "Near North Side", "boro": "Chicago"}}, {"type": "Feature", "geometry": {"type": "Polygon", "coordinates": [[[-87.620975, 41.910269], [-87.614947, 41.910302], [-87.61499, 41.914805], [-87.621019, 41.914772], [-87.620975, 41.910269]]]}, "properties": {"sq": "897_9280", "crime_n": 0, "crime_night_n": 0, "nta": "Lincoln Park", "boro": "Chicago"}}, {"type": "Feature", "geometry": {"type": "Polygon", "coordinates": [[[-87.621019, 41.914772], [-87.61499, 41.914805], [-87.615033, 41.919308], [-87.621063, 41.919275], [-87.621019, 41.914772]]]}, "properties": {"sq": "897_9281", "crime_n": 0, "crime_night_n": 0, "nta": "Lincoln Park", "boro": "Chicago"}}, {"type": "Feature", "geometry": {"type": "Polygon", "coordinates": [[[-87.612371, 41.640106], [-87.606368, 41.640138], [-87.60641, 41.644642], [-87.612414, 41.64461], [-87.612371, 41.640106]]]}, "properties": {"sq": "898_9220", "crime_n": 0, "crime_night_n": 0, "nta": "Riverdale", "boro": "Chicago"}}, {"type": "Feature", "geometry": {"type": "Polygon", "coordinates": [[[-87.612414, 41.64461], [-87.60641, 41.644642], [-87.606452, 41.649145], [-87.612456, 41.649113], [-87.612414, 41.64461]]]}, "properties": {"sq": "898_9221", "crime_n": 0, "crime_night_n": 0, "nta": "Riverdale", "boro": "Chicago"}}, {"type": "Feature", "geometry": {"type": "Polygon", "coordinates": [[[-87.612456, 41.649113], [-87.606452, 41.649145], [-87.606495, 41.653648], [-87.612499, 41.653616], [-87.612456, 41.649113]]]}, "properties": {"sq": "898_9222", "crime_n": 8, "crime_night_n": 3, "nta": "Riverdale", "boro": "Chicago"}}, {"type": "Feature", "geometry": {"type": "Polygon", "coordinates": [[[-87.612499, 41.653616], [-87.606495, 41.653648], [-87.606537, 41.658152], [-87.612542, 41.65812], [-87.612499, 41.653616]]]}, "properties": {"sq": "898_9223", "crime_n": 52, "crime_night_n": 13, "nta": "Riverdale", "boro": "Chicago"}}, {"type": "Feature", "geometry": {"type": "Polygon", "coordinates": [[[-87.612542, 41.65812], [-87.606537, 41.658152], [-87.606579, 41.662655], [-87.612584, 41.662623], [-87.612542, 41.65812]]]}, "properties": {"sq": "898_9224", "crime_n": 5, "crime_night_n": 4, "nta": "Riverdale", "boro": "Chicago"}}, {"type": "Feature", "geometry": {"type": "Polygon", "coordinates": [[[-87.612584, 41.662623], [-87.606579, 41.662655], [-87.606621, 41.667158], [-87.612627, 41.667126], [-87.612584, 41.662623]]]}, "properties": {"sq": "898_9225", "crime_n": 0, "crime_night_n": 0, "nta": "Riverdale", "boro": "Chicago"}}, {"type": "Feature", "geometry": {"type": "Polygon", "coordinates": [[[-87.612627, 41.667126], [-87.606621, 41.667158], [-87.606664, 41.671662], [-87.61267, 41.67163], [-87.612627, 41.667126]]]}, "properties": {"sq": "898_9226", "crime_n": 0, "crime_night_n": 0, "nta": "Riverdale", "boro": "Chicago"}}, {"type": "Feature", "geometry": {"type": "Polygon", "coordinates": [[[-87.61267, 41.67163], [-87.606664, 41.671662], [-87.606706, 41.676165], [-87.612713, 41.676133], [-87.61267, 41.67163]]]}, "properties": {"sq": "898_9227", "crime_n": 0, "crime_night_n": 0, "nta": "Riverdale", "boro": "Chicago"}}, {"type": "Feature", "geometry": {"type": "Polygon", "coordinates": [[[-87.612713, 41.676133], [-87.606706, 41.676165], [-87.606748, 41.680668], [-87.612755, 41.680636], [-87.612713, 41.676133]]]}, "properties": {"sq": "898_9228", "crime_n": 0, "crime_night_n": 0, "nta": "Riverdale", "boro": "Chicago"}}, {"type": "Feature", "geometry": {"type": "Polygon", "coordinates": [[[-87.612755, 41.680636], [-87.606748, 41.680668], [-87.606791, 41.685172], [-87.612798, 41.68514], [-87.612755, 41.680636]]]}, "properties": {"sq": "898_9229", "crime_n": 3, "crime_night_n": 1, "nta": "Riverdale", "boro": "Chicago"}}, {"type": "Feature", "geometry": {"type": "Polygon", "coordinates": [[[-87.612798, 41.68514], [-87.606791, 41.685172], [-87.606833, 41.689675], [-87.612841, 41.689643], [-87.612798, 41.68514]]]}, "properties": {"sq": "898_9230", "crime_n": 29, "crime_night_n": 10, "nta": "Pullman", "boro": "Chicago"}}, {"type": "Feature", "geometry": {"type": "Polygon", "coordinates": [[[-87.612841, 41.689643], [-87.606833, 41.689675], [-87.606875, 41.694178], [-87.612883, 41.694146], [-87.612841, 41.689643]]]}, "properties": {"sq": "898_9231", "crime_n": 54, "crime_night_n": 17, "nta": "Roseland", "boro": "Chicago"}}, {"type": "Feature", "geometry": {"type": "Polygon", "coordinates": [[[-87.612883, 41.694146], [-87.606875, 41.694178], [-87.606917, 41.698682], [-87.612926, 41.69865], [-87.612883, 41.694146]]]}, "properties": {"sq": "898_9232", "crime_n": 21, "crime_night_n": 7, "nta": "Roseland", "boro": "Chicago"}}, {"type": "Feature", "geometry": {"type": "Polygon", "coordinates": [[[-87.612926, 41.69865], [-87.606917, 41.698682], [-87.60696, 41.703185], [-87.612969, 41.703153], [-87.612926, 41.69865]]]}, "properties": {"sq": "898_9233", "crime_n": 16, "crime_night_n": 7, "nta": "Pullman", "boro": "Chicago"}}, {"type": "Feature", "geometry": {"type": "Polygon", "coordinates": [[[-87.612969, 41.703153], [-87.60696, 41.703185], [-87.607002, 41.707688], [-87.613012, 41.707656], [-87.612969, 41.703153]]]}, "properties": {"sq": "898_9234", "crime_n": 44, "crime_night_n": 14, "nta": "Roseland", "boro": "Chicago"}}, {"type": "Feature", "geometry": {"type": "Polygon", "coordinates": [[[-87.613012, 41.707656], [-87.607002, 41.707688], [-87.607045, 41.712192], [-87.613055, 41.71216], [-87.613012, 41.707656]]]}, "properties": {"sq": "898_9235", "crime_n": 27, "crime_night_n": 11, "nta": "Roseland", "boro": "Chicago"}}, {"type": "Feature", "geometry": {"type": "Polygon", "coordinates": [[[-87.613055, 41.71216], [-87.607045, 41.712192], [-87.607087, 41.716695], [-87.613097, 41.716663], [-87.613055, 41.71216]]]}, "properties": {"sq": "898_9236", "crime_n": 2, "crime_night_n": 2, "nta": "Roseland", "boro": "Chicago"}}, {"type": "Feature", "geometry": {"type": "Polygon", "coordinates": [[[-87.613097, 41.716663], [-87.607087, 41.716695], [-87.607129, 41.721198], [-87.61314, 41.721166], [-87.613097, 41.716663]]]}, "properties": {"sq": "898_9237", "crime_n": 0, "crime_night_n": 0, "nta": "Roseland", "boro": "Chicago"}}, {"type": "Feature", "geometry": {"type": "Polygon", "coordinates": [[[-87.61314, 41.721166], [-87.607129, 41.721198], [-87.607172, 41.725701], [-87.613183, 41.72567], [-87.61314, 41.721166]]]}, "properties": {"sq": "898_9238", "crime_n": 22, "crime_night_n": 8, "nta": "Roseland", "boro": "Chicago"}}, {"type": "Feature", "geometry": {"type": "Polygon", "coordinates": [[[-87.613183, 41.72567], [-87.607172, 41.725701], [-87.607214, 41.730205], [-87.613226, 41.730173], [-87.613183, 41.72567]]]}, "properties": {"sq": "898_9239", "crime_n": 13, "crime_night_n": 4, "nta": "Chatham", "boro": "Chicago"}}, {"type": "Feature", "geometry": {"type": "Polygon", "coordinates": [[[-87.613226, 41.730173], [-87.607214, 41.730205], [-87.607257, 41.734708], [-87.613269, 41.734676], [-87.613226, 41.730173]]]}, "properties": {"sq": "898_9240", "crime_n": 25, "crime_night_n": 12, "nta": "Chatham", "boro": "Chicago"}}, {"type": "Feature", "geometry": {"type": "Polygon", "coordinates": [[[-87.613269, 41.734676], [-87.607257, 41.734708], [-87.607299, 41.739211], [-87.613311, 41.739179], [-87.613269, 41.734676]]]}, "properties": {"sq": "898_9241", "crime_n": 38, "crime_night_n": 18, "nta": "Chatham", "boro": "Chicago"}}, {"type": "Feature", "geometry": {"type": "Polygon", "coordinates": [[[-87.613311, 41.739179], [-87.607299, 41.739211], [-87.607341, 41.743715], [-87.613354, 41.743683], [-87.613311, 41.739179]]]}, "properties": {"sq": "898_9242", "crime_n": 28, "crime_night_n": 11, "nta": "Chatham", "boro": "Chicago"}}, {"type": "Feature", "geometry": {"type": "Polygon", "coordinates": [[[-87.613354, 41.743683], [-87.607341, 41.743715], [-87.607384, 41.748218], [-87.613397, 41.748186], [-87.613354, 41.743683]]]}, "properties": {"sq": "898_9243", "crime_n": 43, "crime_night_n": 18, "nta": "Chatham", "boro": "Chicago"}}, {"type": "Feature", "geometry": {"type": "Polygon", "coordinates": [[[-87.613397, 41.748186], [-87.607384, 41.748218], [-87.607426, 41.752721], [-87.61344, 41.752689], [-87.613397, 41.748186]]]}, "properties": {"sq": "898_9244", "crime_n": 148, "crime_night_n": 50, "nta": "Chatham", "boro": "Chicago"}}, {"type": "Feature", "geometry": {"type": "Polygon", "coordinates": [[[-87.61344, 41.752689], [-87.607426, 41.752721], [-87.607469, 41.757224], [-87.613483, 41.757193], [-87.61344, 41.752689]]]}, "properties": {"sq": "898_9245", "crime_n": 53, "crime_night_n": 24, "nta": "Greater Grand Crossing", "boro": "Chicago"}}, {"type": "Feature", "geometry": {"type": "Polygon", "coordinates": [[[-87.613483, 41.757193], [-87.607469, 41.757224], [-87.607511, 41.761728], [-87.613526, 41.761696], [-87.613483, 41.757193]]]}, "properties": {"sq": "898_9246", "crime_n": 120, "crime_night_n": 66, "nta": "Greater Grand Crossing", "boro": "Chicago"}}, {"type": "Feature", "geometry": {"type": "Polygon", "coordinates": [[[-87.613526, 41.761696], [-87.607511, 41.761728], [-87.607554, 41.766231], [-87.613569, 41.766199], [-87.613526, 41.761696]]]}, "properties": {"sq": "898_9247", "crime_n": 94, "crime_night_n": 37, "nta": "Greater Grand Crossing", "boro": "Chicago"}}, {"type": "Feature", "geometry": {"type": "Polygon", "coordinates": [[[-87.613569, 41.766199], [-87.607554, 41.766231], [-87.607596, 41.770734], [-87.613612, 41.770702], [-87.613569, 41.766199]]]}, "properties": {"sq": "898_9248", "crime_n": 42, "crime_night_n": 23, "nta": "Greater Grand Crossing", "boro": "Chicago"}}, {"type": "Feature", "geometry": {"type": "Polygon", "coordinates": [[[-87.613612, 41.770702], [-87.607596, 41.770734], [-87.607639, 41.775238], [-87.613655, 41.775206], [-87.613612, 41.770702]]]}, "properties": {"sq": "898_9249", "crime_n": 81, "crime_night_n": 32, "nta": "Woodlawn", "boro": "Chicago"}}, {"type": "Feature", "geometry": {"type": "Polygon", "coordinates": [[[-87.613655, 41.775206], [-87.607639, 41.775238], [-87.607681, 41.779741], [-87.613698, 41.779709], [-87.613655, 41.775206]]]}, "properties": {"sq": "898_9250", "crime_n": 59, "crime_night_n": 21, "nta": "Woodlawn", "boro": "Chicago"}}, {"type": "Feature", "geometry": {"type": "Polygon", "coordinates": [[[-87.613698, 41.779709], [-87.607681, 41.779741], [-87.607724, 41.784244], [-87.61374, 41.784212], [-87.613698, 41.779709]]]}, "properties": {"sq": "898_9251", "crime_n": 87, "crime_night_n": 35, "nta": "Woodlawn", "boro": "Chicago"}}, {"type": "Feature", "geometry": {"type": "Polygon", "coordinates": [[[-87.61374, 41.784212], [-87.607724, 41.784244], [-87.607766, 41.788747], [-87.613783, 41.788715], [-87.61374, 41.784212]]]}, "properties": {"sq": "898_9252", "crime_n": 18, "crime_night_n": 5, "nta": "Woodlawn", "boro": "Chicago"}}, {"type": "Feature", "geometry": {"type": "Polygon", "coordinates": [[[-87.613783, 41.788715], [-87.607766, 41.788747], [-87.607809, 41.793251], [-87.613826, 41.793219], [-87.613783, 41.788715]]]}, "properties": {"sq": "898_9253", "crime_n": 1, "crime_night_n": 0, "nta": "Washington Park", "boro": "Chicago"}}, {"type": "Feature", "geometry": {"type": "Polygon", "coordinates": [[[-87.613826, 41.793219], [-87.607809, 41.793251], [-87.607851, 41.797754], [-87.613869, 41.797722], [-87.613826, 41.793219]]]}, "properties": {"sq": "898_9254", "crime_n": 5, "crime_night_n": 2, "nta": "Washington Park", "boro": "Chicago"}}, {"type": "Feature", "geometry": {"type": "Polygon", "coordinates": [[[-87.613869, 41.797722], [-87.607851, 41.797754], [-87.607894, 41.802257], [-87.613912, 41.802225], [-87.613869, 41.797722]]]}, "properties": {"sq": "898_9255", "crime_n": 24, "crime_night_n": 12, "nta": "Grand Boulevard", "boro": "Chicago"}}, {"type": "Feature", "geometry": {"type": "Polygon", "coordinates": [[[-87.613912, 41.802225], [-87.607894, 41.802257], [-87.607936, 41.80676], [-87.613955, 41.806728], [-87.613912, 41.802225]]]}, "properties": {"sq": "898_9256", "crime_n": 43, "crime_night_n": 17, "nta": "Grand Boulevard", "boro": "Chicago"}}, {"type": "Feature", "geometry": {"type": "Polygon", "coordinates": [[[-87.613955, 41.806728], [-87.607936, 41.80676], [-87.607979, 41.811263], [-87.613998, 41.811231], [-87.613955, 41.806728]]]}, "properties": {"sq": "898_9257", "crime_n": 55, "crime_night_n": 23, "nta": "Grand Boulevard", "boro": "Chicago"}}, {"type": "Feature", "geometry": {"type": "Polygon", "coordinates": [[[-87.613998, 41.811231], [-87.607979, 41.811263], [-87.608022, 41.815767], [-87.614041, 41.815735], [-87.613998, 41.811231]]]}, "properties": {"sq": "898_9258", "crime_n": 48, "crime_night_n": 15, "nta": "Grand Boulevard", "boro": "Chicago"}}, {"type": "Feature", "geometry": {"type": "Polygon", "coordinates": [[[-87.614041, 41.815735], [-87.608022, 41.815767], [-87.608064, 41.82027], [-87.614084, 41.820238], [-87.614041, 41.815735]]]}, "properties": {"sq": "898_9259", "crime_n": 44, "crime_night_n": 12, "nta": "Grand Boulevard", "boro": "Chicago"}}, {"type": "Feature", "geometry": {"type": "Polygon", "coordinates": [[[-87.614084, 41.820238], [-87.608064, 41.82027], [-87.608107, 41.824773], [-87.614127, 41.824741], [-87.614084, 41.820238]]]}, "properties": {"sq": "898_9260", "crime_n": 43, "crime_night_n": 15, "nta": "Grand Boulevard", "boro": "Chicago"}}, {"type": "Feature", "geometry": {"type": "Polygon", "coordinates": [[[-87.614127, 41.824741], [-87.608107, 41.824773], [-87.608149, 41.829276], [-87.61417, 41.829244], [-87.614127, 41.824741]]]}, "properties": {"sq": "898_9261", "crime_n": 50, "crime_night_n": 25, "nta": "Oakland", "boro": "Chicago"}}, {"type": "Feature", "geometry": {"type": "Polygon", "coordinates": [[[-87.61417, 41.829244], [-87.608149, 41.829276], [-87.608192, 41.83378], [-87.614213, 41.833748], [-87.61417, 41.829244]]]}, "properties": {"sq": "898_9262", "crime_n": 41, "crime_night_n": 18, "nta": "Oakland", "boro": "Chicago"}}, {"type": "Feature", "geometry": {"type": "Polygon", "coordinates": [[[-87.614213, 41.833748], [-87.608192, 41.83378], [-87.608235, 41.838283], [-87.614257, 41.838251], [-87.614213, 41.833748]]]}, "properties": {"sq": "898_9263", "crime_n": 42, "crime_night_n": 26, "nta": "Douglas", "boro": "Chicago"}}, {"type": "Feature", "geometry": {"type": "Polygon", "coordinates": [[[-87.614257, 41.838251], [-87.608235, 41.838283], [-87.608277, 41.842786], [-87.6143, 41.842754], [-87.614257, 41.838251]]]}, "properties": {"sq": "898_9264", "crime_n": 22, "crime_night_n": 16, "nta": "Douglas", "boro": "Chicago"}}, {"type": "Feature", "geometry": {"type": "Polygon", "coordinates": [[[-87.6143, 41.842754], [-87.608277, 41.842786], [-87.60832, 41.847289], [-87.614343, 41.847257], [-87.6143, 41.842754]]]}, "properties": {"sq": "898_9265", "crime_n": 5, "crime_night_n": 2, "nta": "Douglas", "boro": "Chicago"}}, {"type": "Feature", "geometry": {"type": "Polygon", "coordinates": [[[-87.614343, 41.847257], [-87.60832, 41.847289], [-87.608363, 41.851792], [-87.614386, 41.85176], [-87.614343, 41.847257]]]}, "properties": {"sq": "898_9266", "crime_n": 5, "crime_night_n": 1, "nta": "Near South Side", "boro": "Chicago"}}, {"type": "Feature", "geometry": {"type": "Polygon", "coordinates": [[[-87.614386, 41.85176], [-87.608363, 41.851792], [-87.608405, 41.856296], [-87.614429, 41.856264], [-87.614386, 41.85176]]]}, "properties": {"sq": "898_9267", "crime_n": 1, "crime_night_n": 0, "nta": "Near South Side", "boro": "Chicago"}}, {"type": "Feature", "geometry": {"type": "Polygon", "coordinates": [[[-87.614429, 41.856264], [-87.608405, 41.856296], [-87.608448, 41.860799], [-87.614472, 41.860767], [-87.614429, 41.856264]]]}, "properties": {"sq": "898_9268", "crime_n": 6, "crime_night_n": 4, "nta": "Near South Side", "boro": "Chicago"}}, {"type": "Feature", "geometry": {"type": "Polygon", "coordinates": [[[-87.614472, 41.860767], [-87.608448, 41.860799], [-87.608491, 41.865302], [-87.614515, 41.86527], [-87.614472, 41.860767]]]}, "properties": {"sq": "898_9269", "crime_n": 6, "crime_night_n": 5, "nta": "Near South Side", "boro": "Chicago"}}, {"type": "Feature", "geometry": {"type": "Polygon", "coordinates": [[[-87.614515, 41.86527], [-87.608491, 41.865302], [-87.608533, 41.869805], [-87.614558, 41.869773], [-87.614515, 41.86527]]]}, "properties": {"sq": "898_9270", "crime_n": 22, "crime_night_n": 12, "nta": "Near South Side", "boro": "Chicago"}}, {"type": "Feature", "geometry": {"type": "Polygon", "coordinates": [[[-87.614645, 41.878779], [-87.608619, 41.878812], [-87.608662, 41.883315], [-87.614688, 41.883283], [-87.614645, 41.878779]]]}, "properties": {"sq": "898_9273", "crime_n": 0, "crime_night_n": 0, "nta": "Loop", "boro": "Chicago"}}, {"type": "Feature", "geometry": {"type": "Polygon", "coordinates": [[[-87.614688, 41.883283], [-87.608662, 41.883315], [-87.608704, 41.887818], [-87.614731, 41.887786], [-87.614688, 41.883283]]]}, "properties": {"sq": "898_9274", "crime_n": 8, "crime_night_n": 6, "nta": "Loop", "boro": "Chicago"}}, {"type": "Feature", "geometry": {"type": "Polygon", "coordinates": [[[-87.614731, 41.887786], [-87.608704, 41.887818], [-87.608747, 41.892321], [-87.614774, 41.892289], [-87.614731, 41.887786]]]}, "properties": {"sq": "898_9275", "crime_n": 60, "crime_night_n": 33, "nta": "Near North Side", "boro": "Chicago"}}, {"type": "Feature", "geometry": {"type": "Polygon", "coordinates": [[[-87.614774, 41.892289], [-87.608747, 41.892321], [-87.60879, 41.896824], [-87.614817, 41.896792], [-87.614774, 41.892289]]]}, "properties": {"sq": "898_9276", "crime_n": 13, "crime_night_n": 4, "nta": "Near North Side", "boro": "Chicago"}}, {"type": "Feature", "geometry": {"type": "Polygon", "coordinates": [[[-87.606368, 41.640138], [-87.600365, 41.64017], [-87.600406, 41.644673], [-87.60641, 41.644642], [-87.606368, 41.640138]]]}, "properties": {"sq": "899_9220", "crime_n": 0, "crime_night_n": 0, "nta": "Riverdale", "boro": "Chicago"}}, {"type": "Feature", "geometry": {"type": "Polygon", "coordinates": [[[-87.60641, 41.644642], [-87.600406, 41.644673], [-87.600448, 41.649176], [-87.606452, 41.649145], [-87.60641, 41.644642]]]}, "properties": {"sq": "899_9221", "crime_n": 0, "crime_night_n": 0, "nta": "Riverdale", "boro": "Chicago"}}, {"type": "Feature", "geometry": {"type": "Polygon", "coordinates": [[[-87.606452, 41.649145], [-87.600448, 41.649176], [-87.60049, 41.65368], [-87.606495, 41.653648], [-87.606452, 41.649145]]]}, "properties": {"sq": "899_9222", "crime_n": 18, "crime_night_n": 5, "nta": "Riverdale", "boro": "Chicago"}}, {"type": "Feature", "geometry": {"type": "Polygon", "coordinates": [[[-87.606495, 41.653648], [-87.60049, 41.65368], [-87.600532, 41.658183], [-87.606537, 41.658152], [-87.606495, 41.653648]]]}, "properties": {"sq": "899_9223", "crime_n": 152, "crime_night_n": 55, "nta": "Riverdale", "boro": "Chicago"}}, {"type": "Feature", "geometry": {"type": "Polygon", "coordinates": [[[-87.606537, 41.658152], [-87.600532, 41.658183], [-87.600574, 41.662687], [-87.606579, 41.662655], [-87.606537, 41.658152]]]}, "properties": {"sq": "899_9224", "crime_n": 26, "crime_night_n": 11, "nta": "Riverdale", "boro": "Chicago"}}, {"type": "Feature", "geometry": {"type": "Polygon", "coordinates": [[[-87.606579, 41.662655], [-87.600574, 41.662687], [-87.600616, 41.66719], [-87.606621, 41.667158], [-87.606579, 41.662655]]]}, "properties": {"sq": "899_9225", "crime_n": 0, "crime_night_n": 0, "nta": "Riverdale", "boro": "Chicago"}}, {"type": "Feature", "geometry": {"type": "Polygon", "coordinates": [[[-87.606621, 41.667158], [-87.600616, 41.66719], [-87.600657, 41.671693], [-87.606664, 41.671662], [-87.606621, 41.667158]]]}, "properties": {"sq": "899_9226", "crime_n": 0, "crime_night_n": 0, "nta": "Riverdale", "boro": "Chicago"}}, {"type": "Feature", "geometry": {"type": "Polygon", "coordinates": [[[-87.606664, 41.671662], [-87.600657, 41.671693], [-87.600699, 41.676197], [-87.606706, 41.676165], [-87.606664, 41.671662]]]}, "properties": {"sq": "899_9227", "crime_n": 0, "crime_night_n": 0, "nta": "Riverdale", "boro": "Chicago"}}, {"type": "Feature", "geometry": {"type": "Polygon", "coordinates": [[[-87.606706, 41.676165], [-87.600699, 41.676197], [-87.600741, 41.6807], [-87.606748, 41.680668], [-87.606706, 41.676165]]]}, "properties": {"sq": "899_9228", "crime_n": 0, "crime_night_n": 0, "nta": "Riverdale", "boro": "Chicago"}}, {"type": "Feature", "geometry": {"type": "Polygon", "coordinates": [[[-87.606748, 41.680668], [-87.600741, 41.6807], [-87.600783, 41.685203], [-87.606791, 41.685172], [-87.606748, 41.680668]]]}, "properties": {"sq": "899_9229", "crime_n": 0, "crime_night_n": 0, "nta": "Riverdale", "boro": "Chicago"}}, {"type": "Feature", "geometry": {"type": "Polygon", "coordinates": [[[-87.606791, 41.685172], [-87.600783, 41.685203], [-87.600825, 41.689707], [-87.606833, 41.689675], [-87.606791, 41.685172]]]}, "properties": {"sq": "899_9230", "crime_n": 4, "crime_night_n": 0, "nta": "Pullman", "boro": "Chicago"}}, {"type": "Feature", "geometry": {"type": "Polygon", "coordinates": [[[-87.606833, 41.689675], [-87.600825, 41.689707], [-87.600867, 41.69421], [-87.606875, 41.694178], [-87.606833, 41.689675]]]}, "properties": {"sq": "899_9231", "crime_n": 40, "crime_night_n": 9, "nta": "Pullman", "boro": "Chicago"}}, {"type": "Feature", "geometry": {"type": "Polygon", "coordinates": [[[-87.606875, 41.694178], [-87.600867, 41.69421], [-87.600909, 41.698713], [-87.606917, 41.698682], [-87.606875, 41.694178]]]}, "properties": {"sq": "899_9232", "crime_n": 2, "crime_night_n": 0, "nta": "Pullman", "boro": "Chicago"}}, {"type": "Feature", "geometry": {"type": "Polygon", "coordinates": [[[-87.606917, 41.698682], [-87.600909, 41.698713], [-87.600951, 41.703217], [-87.60696, 41.703185], [-87.606917, 41.698682]]]}, "properties": {"sq": "899_9233", "crime_n": 14, "crime_night_n": 2, "nta": "Pullman", "boro": "Chicago"}}, {"type": "Feature", "geometry": {"type": "Polygon", "coordinates": [[[-87.60696, 41.703185], [-87.600951, 41.703217], [-87.600993, 41.70772], [-87.607002, 41.707688], [-87.60696, 41.703185]]]}, "properties": {"sq": "899_9234", "crime_n": 54, "crime_night_n": 13, "nta": "Pullman", "boro": "Chicago"}}, {"type": "Feature", "geometry": {"type": "Polygon", "coordinates": [[[-87.607002, 41.707688], [-87.600993, 41.70772], [-87.601035, 41.712223], [-87.607045, 41.712192], [-87.607002, 41.707688]]]}, "properties": {"sq": "899_9235", "crime_n": 14, "crime_night_n": 4, "nta": "Pullman", "boro": "Chicago"}}, {"type": "Feature", "geometry": {"type": "Polygon", "coordinates": [[[-87.607045, 41.712192], [-87.601035, 41.712223], [-87.601076, 41.716726], [-87.607087, 41.716695], [-87.607045, 41.712192]]]}, "properties": {"sq": "899_9236", "crime_n": 11, "crime_night_n": 3, "nta": "Pullman", "boro": "Chicago"}}, {"type": "Feature", "geometry": {"type": "Polygon", "coordinates": [[[-87.607087, 41.716695], [-87.601076, 41.716726], [-87.601118, 41.72123], [-87.607129, 41.721198], [-87.607087, 41.716695]]]}, "properties": {"sq": "899_9237", "crime_n": 4, "crime_night_n": 1, "nta": "Pullman", "boro": "Chicago"}}, {"type": "Feature", "geometry": {"type": "Polygon", "coordinates": [[[-87.607129, 41.721198], [-87.601118, 41.72123], [-87.60116, 41.725733], [-87.607172, 41.725701], [-87.607129, 41.721198]]]}, "properties": {"sq": "899_9238", "crime_n": 38, "crime_night_n": 12, "nta": "Chatham", "boro": "Chicago"}}, {"type": "Feature", "geometry": {"type": "Polygon", "coordinates": [[[-87.607172, 41.725701], [-87.60116, 41.725733], [-87.601202, 41.730236], [-87.607214, 41.730205], [-87.607172, 41.725701]]]}, "properties": {"sq": "899_9239", "crime_n": 58, "crime_night_n": 13, "nta": "Chatham", "boro": "Chicago"}}, {"type": "Feature", "geometry": {"type": "Polygon", "coordinates": [[[-87.607214, 41.730205], [-87.601202, 41.730236], [-87.601244, 41.73474], [-87.607257, 41.734708], [-87.607214, 41.730205]]]}, "properties": {"sq": "899_9240", "crime_n": 69, "crime_night_n": 26, "nta": "Chatham", "boro": "Chicago"}}, {"type": "Feature", "geometry": {"type": "Polygon", "coordinates": [[[-87.607257, 41.734708], [-87.601244, 41.73474], [-87.601286, 41.739243], [-87.607299, 41.739211], [-87.607257, 41.734708]]]}, "properties": {"sq": "899_9241", "crime_n": 88, "crime_night_n": 31, "nta": "Chatham", "boro": "Chicago"}}, {"type": "Feature", "geometry": {"type": "Polygon", "coordinates": [[[-87.607299, 41.739211], [-87.601286, 41.739243], [-87.601328, 41.743746], [-87.607341, 41.743715], [-87.607299, 41.739211]]]}, "properties": {"sq": "899_9242", "crime_n": 78, "crime_night_n": 33, "nta": "Chatham", "boro": "Chicago"}}, {"type": "Feature", "geometry": {"type": "Polygon", "coordinates": [[[-87.607341, 41.743715], [-87.601328, 41.743746], [-87.60137, 41.74825], [-87.607384, 41.748218], [-87.607341, 41.743715]]]}, "properties": {"sq": "899_9243", "crime_n": 200, "crime_night_n": 80, "nta": "Chatham", "boro": "Chicago"}}, {"type": "Feature", "geometry": {"type": "Polygon", "coordinates": [[[-87.607384, 41.748218], [-87.60137, 41.74825], [-87.601412, 41.752753], [-87.607426, 41.752721], [-87.607384, 41.748218]]]}, "properties": {"sq": "899_9244", "crime_n": 312, "crime_night_n": 137, "nta": "Chatham", "boro": "Chicago"}}, {"type": "Feature", "geometry": {"type": "Polygon", "coordinates": [[[-87.607426, 41.752721], [-87.601412, 41.752753], [-87.601455, 41.757256], [-87.607469, 41.757224], [-87.607426, 41.752721]]]}, "properties": {"sq": "899_9245", "crime_n": 95, "crime_night_n": 40, "nta": "Greater Grand Crossing", "boro": "Chicago"}}, {"type": "Feature", "geometry": {"type": "Polygon", "coordinates": [[[-87.607469, 41.757224], [-87.601455, 41.757256], [-87.601497, 41.761759], [-87.607511, 41.761728], [-87.607469, 41.757224]]]}, "properties": {"sq": "899_9246", "crime_n": 84, "crime_night_n": 36, "nta": "Greater Grand Crossing", "boro": "Chicago"}}, {"type": "Feature", "geometry": {"type": "Polygon", "coordinates": [[[-87.607511, 41.761728], [-87.601497, 41.761759], [-87.601539, 41.766263], [-87.607554, 41.766231], [-87.607511, 41.761728]]]}, "properties": {"sq": "899_9247", "crime_n": 43, "crime_night_n": 9, "nta": "Greater Grand Crossing", "boro": "Chicago"}}, {"type": "Feature", "geometry": {"type": "Polygon", "coordinates": [[[-87.607554, 41.766231], [-87.601539, 41.766263], [-87.601581, 41.770766], [-87.607596, 41.770734], [-87.607554, 41.766231]]]}, "properties": {"sq": "899_9248", "crime_n": 36, "crime_night_n": 9, "nta": "Woodlawn", "boro": "Chicago"}}, {"type": "Feature", "geometry": {"type": "Polygon", "coordinates": [[[-87.607596, 41.770734], [-87.601581, 41.770766], [-87.601623, 41.775269], [-87.607639, 41.775238], [-87.607596, 41.770734]]]}, "properties": {"sq": "899_9249", "crime_n": 77, "crime_night_n": 30, "nta": "Woodlawn", "boro": "Chicago"}}, {"type": "Feature", "geometry": {"type": "Polygon", "coordinates": [[[-87.607639, 41.775238], [-87.601623, 41.775269], [-87.601665, 41.779772], [-87.607681, 41.779741], [-87.607639, 41.775238]]]}, "properties": {"sq": "899_9250", "crime_n": 65, "crime_night_n": 24, "nta": "Woodlawn", "boro": "Chicago"}}, {"type": "Feature", "geometry": {"type": "Polygon", "coordinates": [[[-87.607681, 41.779741], [-87.601665, 41.779772], [-87.601707, 41.784276], [-87.607724, 41.784244], [-87.607681, 41.779741]]]}, "properties": {"sq": "899_9251", "crime_n": 115, "crime_night_n": 44, "nta": "Woodlawn", "boro": "Chicago"}}, {"type": "Feature", "geometry": {"type": "Polygon", "coordinates": [[[-87.607724, 41.784244], [-87.601707, 41.784276], [-87.601749, 41.788779], [-87.607766, 41.788747], [-87.607724, 41.784244]]]}, "properties": {"sq": "899_9252", "crime_n": 30, "crime_night_n": 13, "nta": "Woodlawn", "boro": "Chicago"}}, {"type": "Feature", "geometry": {"type": "Polygon", "coordinates": [[[-87.607766, 41.788747], [-87.601749, 41.788779], [-87.601791, 41.793282], [-87.607809, 41.793251], [-87.607766, 41.788747]]]}, "properties": {"sq": "899_9253", "crime_n": 31, "crime_night_n": 13, "nta": "Hyde Park", "boro": "Chicago"}}, {"type": "Feature", "geometry": {"type": "Polygon", "coordinates": [[[-87.607809, 41.793251], [-87.601791, 41.793282], [-87.601833, 41.797785], [-87.607851, 41.797754], [-87.607809, 41.793251]]]}, "properties": {"sq": "899_9254", "crime_n": 19, "crime_night_n": 10, "nta": "Hyde Park", "boro": "Chicago"}}, {"type": "Feature", "geometry": {"type": "Polygon", "coordinates": [[[-87.607851, 41.797754], [-87.601833, 41.797785], [-87.601875, 41.802289], [-87.607894, 41.802257], [-87.607851, 41.797754]]]}, "properties": {"sq": "899_9255", "crime_n": 57, "crime_night_n": 24, "nta": "Hyde Park", "boro": "Chicago"}}, {"type": "Feature", "geometry": {"type": "Polygon", "coordinates": [[[-87.607894, 41.802257], [-87.601875, 41.802289], [-87.601918, 41.806792], [-87.607936, 41.80676], [-87.607894, 41.802257]]]}, "properties": {"sq": "899_9256", "crime_n": 65, "crime_night_n": 20, "nta": "Kenwood", "boro": "Chicago"}}, {"type": "Feature", "geometry": {"type": "Polygon", "coordinates": [[[-87.607936, 41.80676], [-87.601918, 41.806792], [-87.60196, 41.811295], [-87.607979, 41.811263], [-87.607936, 41.80676]]]}, "properties": {"sq": "899_9257", "crime_n": 117, "crime_night_n": 39, "nta": "Kenwood", "boro": "Chicago"}}, {"type": "Feature", "geometry": {"type": "Polygon", "coordinates": [[[-87.607979, 41.811263], [-87.60196, 41.811295], [-87.602002, 41.815798], [-87.608022, 41.815767], [-87.607979, 41.811263]]]}, "properties": {"sq": "899_9258", "crime_n": 81, "crime_night_n": 27, "nta": "Kenwood", "boro": "Chicago"}}, {"type": "Feature", "geometry": {"type": "Polygon", "coordinates": [[[-87.608022, 41.815767], [-87.602002, 41.815798], [-87.602044, 41.820302], [-87.608064, 41.82027], [-87.608022, 41.815767]]]}, "properties": {"sq": "899_9259", "crime_n": 65, "crime_night_n": 18, "nta": "Oakland", "boro": "Chicago"}}, {"type": "Feature", "geometry": {"type": "Polygon", "coordinates": [[[-87.608064, 41.82027], [-87.602044, 41.820302], [-87.602086, 41.824805], [-87.608107, 41.824773], [-87.608064, 41.82027]]]}, "properties": {"sq": "899_9260", "crime_n": 74, "crime_night_n": 27, "nta": "Oakland", "boro": "Chicago"}}, {"type": "Feature", "geometry": {"type": "Polygon", "coordinates": [[[-87.608107, 41.824773], [-87.602086, 41.824805], [-87.602129, 41.829308], [-87.608149, 41.829276], [-87.608107, 41.824773]]]}, "properties": {"sq": "899_9261", "crime_n": 31, "crime_night_n": 14, "nta": "Oakland", "boro": "Chicago"}}, {"type": "Feature", "geometry": {"type": "Polygon", "coordinates": [[[-87.608149, 41.829276], [-87.602129, 41.829308], [-87.602171, 41.833811], [-87.608192, 41.83378], [-87.608149, 41.829276]]]}, "properties": {"sq": "899_9262", "crime_n": 19, "crime_night_n": 13, "nta": "Oakland", "boro": "Chicago"}}, {"type": "Feature", "geometry": {"type": "Polygon", "coordinates": [[[-87.608192, 41.83378], [-87.602171, 41.833811], [-87.602213, 41.838315], [-87.608235, 41.838283], [-87.608192, 41.83378]]]}, "properties": {"sq": "899_9263", "crime_n": 28, "crime_night_n": 14, "nta": "Douglas", "boro": "Chicago"}}, {"type": "Feature", "geometry": {"type": "Polygon", "coordinates": [[[-87.608235, 41.838283], [-87.602213, 41.838315], [-87.602255, 41.842818], [-87.608277, 41.842786], [-87.608235, 41.838283]]]}, "properties": {"sq": "899_9264", "crime_n": 4, "crime_night_n": 1, "nta": "Douglas", "boro": "Chicago"}}, {"type": "Feature", "geometry": {"type": "Polygon", "coordinates": [[[-87.608363, 41.851792], [-87.60234, 41.851824], [-87.602382, 41.856327], [-87.608405, 41.856296], [-87.608363, 41.851792]]]}, "properties": {"sq": "899_9267", "crime_n": 0, "crime_night_n": 0, "nta": "Near South Side", "boro": "Chicago"}}, {"type": "Feature", "geometry": {"type": "Polygon", "coordinates": [[[-87.608405, 41.856296], [-87.602382, 41.856327], [-87.602424, 41.860831], [-87.608448, 41.860799], [-87.608405, 41.856296]]]}, "properties": {"sq": "899_9268", "crime_n": 0, "crime_night_n": 0, "nta": "Near South Side", "boro": "Chicago"}}, {"type": "Feature", "geometry": {"type": "Polygon", "coordinates": [[[-87.608448, 41.860799], [-87.602424, 41.860831], [-87.602466, 41.865334], [-87.608491, 41.865302], [-87.608448, 41.860799]]]}, "properties": {"sq": "899_9269", "crime_n": 0, "crime_night_n": 0, "nta": "Near South Side", "boro": "Chicago"}}, {"type": "Feature", "geometry": {"type": "Polygon", "coordinates": [[[-87.608491, 41.865302], [-87.602466, 41.865334], [-87.602509, 41.869837], [-87.608533, 41.869805], [-87.608491, 41.865302]]]}, "properties": {"sq": "899_9270", "crime_n": 4, "crime_night_n": 2, "nta": "Near South Side", "boro": "Chicago"}}, {"type": "Feature", "geometry": {"type": "Polygon", "coordinates": [[[-87.608704, 41.887818], [-87.602678, 41.88785], [-87.60272, 41.892353], [-87.608747, 41.892321], [-87.608704, 41.887818]]]}, "properties": {"sq": "899_9275", "crime_n": 3, "crime_night_n": 1, "nta": "Near North Side", "boro": "Chicago"}}, {"type": "Feature", "geometry": {"type": "Polygon", "coordinates": [[[-87.608747, 41.892321], [-87.60272, 41.892353], [-87.602763, 41.896856], [-87.60879, 41.896824], [-87.608747, 41.892321]]]}, "properties": {"sq": "899_9276", "crime_n": 0, "crime_night_n": 0, "nta": "Near North Side", "boro": "Chicago"}}, {"type": "Feature", "geometry": {"type": "Polygon", "coordinates": [[[-87.600365, 41.64017], [-87.594361, 41.640201], [-87.594403, 41.644704], [-87.600406, 41.644673], [-87.600365, 41.64017]]]}, "properties": {"sq": "900_9220", "crime_n": 0, "crime_night_n": 0, "nta": "Riverdale", "boro": "Chicago"}}, {"type": "Feature", "geometry": {"type": "Polygon", "coordinates": [[[-87.600406, 41.644673], [-87.594403, 41.644704], [-87.594444, 41.649208], [-87.600448, 41.649176], [-87.600406, 41.644673]]]}, "properties": {"sq": "900_9221", "crime_n": 0, "crime_night_n": 0, "nta": "Riverdale", "boro": "Chicago"}}, {"type": "Feature", "geometry": {"type": "Polygon", "coordinates": [[[-87.600448, 41.649176], [-87.594444, 41.649208], [-87.594485, 41.653711], [-87.60049, 41.65368], [-87.600448, 41.649176]]]}, "properties": {"sq": "900_9222", "crime_n": 0, "crime_night_n": 0, "nta": "Riverdale", "boro": "Chicago"}}, {"type": "Feature", "geometry": {"type": "Polygon", "coordinates": [[[-87.60049, 41.65368], [-87.594485, 41.653711], [-87.594527, 41.658214], [-87.600532, 41.658183], [-87.60049, 41.65368]]]}, "properties": {"sq": "900_9223", "crime_n": 154, "crime_night_n": 42, "nta": "Riverdale", "boro": "Chicago"}}, {"type": "Feature", "geometry": {"type": "Polygon", "coordinates": [[[-87.600532, 41.658183], [-87.594527, 41.658214], [-87.594568, 41.662718], [-87.600574, 41.662687], [-87.600532, 41.658183]]]}, "properties": {"sq": "900_9224", "crime_n": 17, "crime_night_n": 10, "nta": "Riverdale", "boro": "Chicago"}}, {"type": "Feature", "geometry": {"type": "Polygon", "coordinates": [[[-87.600574, 41.662687], [-87.594568, 41.662718], [-87.59461, 41.667221], [-87.600616, 41.66719], [-87.600574, 41.662687]]]}, "properties": {"sq": "900_9225", "crime_n": 0, "crime_night_n": 0, "nta": "Riverdale", "boro": "Chicago"}}, {"type": "Feature", "geometry": {"type": "Polygon", "coordinates": [[[-87.600616, 41.66719], [-87.59461, 41.667221], [-87.594651, 41.671724], [-87.600657, 41.671693], [-87.600616, 41.66719]]]}, "properties": {"sq": "900_9226", "crime_n": 1, "crime_night_n": 0, "nta": "Riverdale", "boro": "Chicago"}}, {"type": "Feature", "geometry": {"type": "Polygon", "coordinates": [[[-87.600657, 41.671693], [-87.594651, 41.671724], [-87.594693, 41.676228], [-87.600699, 41.676197], [-87.600657, 41.671693]]]}, "properties": {"sq": "900_9227", "crime_n": 1, "crime_night_n": 1, "nta": "South Deering", "boro": "Chicago"}}, {"type": "Feature", "geometry": {"type": "Polygon", "coordinates": [[[-87.600699, 41.676197], [-87.594693, 41.676228], [-87.594734, 41.680731], [-87.600741, 41.6807], [-87.600699, 41.676197]]]}, "properties": {"sq": "900_9228", "crime_n": 0, "crime_night_n": 0, "nta": "South Deering", "boro": "Chicago"}}, {"type": "Feature", "geometry": {"type": "Polygon", "coordinates": [[[-87.600741, 41.6807], [-87.594734, 41.680731], [-87.594775, 41.685234], [-87.600783, 41.685203], [-87.600741, 41.6807]]]}, "properties": {"sq": "900_9229", "crime_n": 0, "crime_night_n": 0, "nta": "South Deering", "boro": "Chicago"}}, {"type": "Feature", "geometry": {"type": "Polygon", "coordinates": [[[-87.600783, 41.685203], [-87.594775, 41.685234], [-87.594817, 41.689738], [-87.600825, 41.689707], [-87.600783, 41.685203]]]}, "properties": {"sq": "900_9230", "crime_n": 3, "crime_night_n": 3, "nta": "South Deering", "boro": "Chicago"}}, {"type": "Feature", "geometry": {"type": "Polygon", "coordinates": [[[-87.600825, 41.689707], [-87.594817, 41.689738], [-87.594858, 41.694241], [-87.600867, 41.69421], [-87.600825, 41.689707]]]}, "properties": {"sq": "900_9231", "crime_n": 4, "crime_night_n": 1, "nta": "Pullman", "boro": "Chicago"}}, {"type": "Feature", "geometry": {"type": "Polygon", "coordinates": [[[-87.600867, 41.69421], [-87.594858, 41.694241], [-87.5949, 41.698744], [-87.600909, 41.698713], [-87.600867, 41.69421]]]}, "properties": {"sq": "900_9232", "crime_n": 26, "crime_night_n": 6, "nta": "South Deering", "boro": "Chicago"}}, {"type": "Feature", "geometry": {"type": "Polygon", "coordinates": [[[-87.600909, 41.698713], [-87.5949, 41.698744], [-87.594941, 41.703248], [-87.600951, 41.703217], [-87.600909, 41.698713]]]}, "properties": {"sq": "900_9233", "crime_n": 0, "crime_night_n": 0, "nta": "Pullman", "boro": "Chicago"}}, {"type": "Feature", "geometry": {"type": "Polygon", "coordinates": [[[-87.600951, 41.703217], [-87.594941, 41.703248], [-87.594983, 41.707751], [-87.600993, 41.70772], [-87.600951, 41.703217]]]}, "properties": {"sq": "900_9234", "crime_n": 13, "crime_night_n": 8, "nta": "Pullman", "boro": "Chicago"}}, {"type": "Feature", "geometry": {"type": "Polygon", "coordinates": [[[-87.600993, 41.70772], [-87.594983, 41.707751], [-87.595025, 41.712254], [-87.601035, 41.712223], [-87.600993, 41.70772]]]}, "properties": {"sq": "900_9235", "crime_n": 12, "crime_night_n": 4, "nta": "Pullman", "boro": "Chicago"}}, {"type": "Feature", "geometry": {"type": "Polygon", "coordinates": [[[-87.601035, 41.712223], [-87.595025, 41.712254], [-87.595066, 41.716758], [-87.601076, 41.716726], [-87.601035, 41.712223]]]}, "properties": {"sq": "900_9236", "crime_n": 9, "crime_night_n": 5, "nta": "Pullman", "boro": "Chicago"}}, {"type": "Feature", "geometry": {"type": "Polygon", "coordinates": [[[-87.601076, 41.716726], [-87.595066, 41.716758], [-87.595108, 41.721261], [-87.601118, 41.72123], [-87.601076, 41.716726]]]}, "properties": {"sq": "900_9237", "crime_n": 13, "crime_night_n": 7, "nta": "Pullman", "boro": "Chicago"}}, {"type": "Feature", "geometry": {"type": "Polygon", "coordinates": [[[-87.601118, 41.72123], [-87.595108, 41.721261], [-87.595149, 41.725764], [-87.60116, 41.725733], [-87.601118, 41.72123]]]}, "properties": {"sq": "900_9238", "crime_n": 17, "crime_night_n": 5, "nta": "Burnside", "boro": "Chicago"}}, {"type": "Feature", "geometry": {"type": "Polygon", "coordinates": [[[-87.60116, 41.725733], [-87.595149, 41.725764], [-87.595191, 41.730268], [-87.601202, 41.730236], [-87.60116, 41.725733]]]}, "properties": {"sq": "900_9239", "crime_n": 21, "crime_night_n": 6, "nta": "Burnside", "boro": "Chicago"}}, {"type": "Feature", "geometry": {"type": "Polygon", "coordinates": [[[-87.601202, 41.730236], [-87.595191, 41.730268], [-87.595232, 41.734771], [-87.601244, 41.73474], [-87.601202, 41.730236]]]}, "properties": {"sq": "900_9240", "crime_n": 20, "crime_night_n": 7, "nta": "Burnside", "boro": "Chicago"}}, {"type": "Feature", "geometry": {"type": "Polygon", "coordinates": [[[-87.601244, 41.73474], [-87.595232, 41.734771], [-87.595274, 41.739274], [-87.601286, 41.739243], [-87.601244, 41.73474]]]}, "properties": {"sq": "900_9241", "crime_n": 14, "crime_night_n": 3, "nta": "Burnside", "boro": "Chicago"}}, {"type": "Feature", "geometry": {"type": "Polygon", "coordinates": [[[-87.601286, 41.739243], [-87.595274, 41.739274], [-87.595315, 41.743778], [-87.601328, 41.743746], [-87.601286, 41.739243]]]}, "properties": {"sq": "900_9242", "crime_n": 13, "crime_night_n": 5, "nta": "Chatham", "boro": "Chicago"}}, {"type": "Feature", "geometry": {"type": "Polygon", "coordinates": [[[-87.601328, 41.743746], [-87.595315, 41.743778], [-87.595357, 41.748281], [-87.60137, 41.74825], [-87.601328, 41.743746]]]}, "properties": {"sq": "900_9243", "crime_n": 61, "crime_night_n": 28, "nta": "Chatham", "boro": "Chicago"}}, {"type": "Feature", "geometry": {"type": "Polygon", "coordinates": [[[-87.60137, 41.74825], [-87.595357, 41.748281], [-87.595399, 41.752784], [-87.601412, 41.752753], [-87.60137, 41.74825]]]}, "properties": {"sq": "900_9244", "crime_n": 96, "crime_night_n": 40, "nta": "Chatham", "boro": "Chicago"}}, {"type": "Feature", "geometry": {"type": "Polygon", "coordinates": [[[-87.601412, 41.752753], [-87.595399, 41.752784], [-87.59544, 41.757287], [-87.601455, 41.757256], [-87.601412, 41.752753]]]}, "properties": {"sq": "900_9245", "crime_n": 7, "crime_night_n": 2, "nta": "Greater Grand Crossing", "boro": "Chicago"}}, {"type": "Feature", "geometry": {"type": "Polygon", "coordinates": [[[-87.601455, 41.757256], [-87.59544, 41.757287], [-87.595482, 41.761791], [-87.601497, 41.761759], [-87.601455, 41.757256]]]}, "properties": {"sq": "900_9246", "crime_n": 27, "crime_night_n": 13, "nta": "Greater Grand Crossing", "boro": "Chicago"}}, {"type": "Feature", "geometry": {"type": "Polygon", "coordinates": [[[-87.601497, 41.761759], [-87.595482, 41.761791], [-87.595524, 41.766294], [-87.601539, 41.766263], [-87.601497, 41.761759]]]}, "properties": {"sq": "900_9247", "crime_n": 74, "crime_night_n": 38, "nta": "Greater Grand Crossing", "boro": "Chicago"}}, {"type": "Feature", "geometry": {"type": "Polygon", "coordinates": [[[-87.601539, 41.766263], [-87.595524, 41.766294], [-87.595565, 41.770797], [-87.601581, 41.770766], [-87.601539, 41.766263]]]}, "properties": {"sq": "900_9248", "crime_n": 0, "crime_night_n": 0, "nta": "Greater Grand Crossing", "boro": "Chicago"}}, {"type": "Feature", "geometry": {"type": "Polygon", "coordinates": [[[-87.601581, 41.770766], [-87.595565, 41.770797], [-87.595607, 41.775301], [-87.601623, 41.775269], [-87.601581, 41.770766]]]}, "properties": {"sq": "900_9249", "crime_n": 42, "crime_night_n": 18, "nta": "Woodlawn", "boro": "Chicago"}}, {"type": "Feature", "geometry": {"type": "Polygon", "coordinates": [[[-87.601623, 41.775269], [-87.595607, 41.775301], [-87.595649, 41.779804], [-87.601665, 41.779772], [-87.601623, 41.775269]]]}, "properties": {"sq": "900_9250", "crime_n": 75, "crime_night_n": 32, "nta": "Woodlawn", "boro": "Chicago"}}, {"type": "Feature", "geometry": {"type": "Polygon", "coordinates": [[[-87.601665, 41.779772], [-87.595649, 41.779804], [-87.59569, 41.784307], [-87.601707, 41.784276], [-87.601665, 41.779772]]]}, "properties": {"sq": "900_9251", "crime_n": 32, "crime_night_n": 7, "nta": "Woodlawn", "boro": "Chicago"}}, {"type": "Feature", "geometry": {"type": "Polygon", "coordinates": [[[-87.601707, 41.784276], [-87.59569, 41.784307], [-87.595732, 41.78881], [-87.601749, 41.788779], [-87.601707, 41.784276]]]}, "properties": {"sq": "900_9252", "crime_n": 2, "crime_night_n": 1, "nta": "Hyde Park", "boro": "Chicago"}}, {"type": "Feature", "geometry": {"type": "Polygon", "coordinates": [[[-87.601749, 41.788779], [-87.595732, 41.78881], [-87.595774, 41.793314], [-87.601791, 41.793282], [-87.601749, 41.788779]]]}, "properties": {"sq": "900_9253", "crime_n": 5, "crime_night_n": 4, "nta": "Hyde Park", "boro": "Chicago"}}, {"type": "Feature", "geometry": {"type": "Polygon", "coordinates": [[[-87.601791, 41.793282], [-87.595774, 41.793314], [-87.595815, 41.797817], [-87.601833, 41.797785], [-87.601791, 41.793282]]]}, "properties": {"sq": "900_9254", "crime_n": 33, "crime_night_n": 20, "nta": "Hyde Park", "boro": "Chicago"}}, {"type": "Feature", "geometry": {"type": "Polygon", "coordinates": [[[-87.601833, 41.797785], [-87.595815, 41.797817], [-87.595857, 41.80232], [-87.601875, 41.802289], [-87.601833, 41.797785]]]}, "properties": {"sq": "900_9255", "crime_n": 58, "crime_night_n": 25, "nta": "Hyde Park", "boro": "Chicago"}}, {"type": "Feature", "geometry": {"type": "Polygon", "coordinates": [[[-87.601875, 41.802289], [-87.595857, 41.80232], [-87.595899, 41.806823], [-87.601918, 41.806792], [-87.601875, 41.802289]]]}, "properties": {"sq": "900_9256", "crime_n": 14, "crime_night_n": 5, "nta": "Kenwood", "boro": "Chicago"}}, {"type": "Feature", "geometry": {"type": "Polygon", "coordinates": [[[-87.601918, 41.806792], [-87.595899, 41.806823], [-87.595941, 41.811327], [-87.60196, 41.811295], [-87.601918, 41.806792]]]}, "properties": {"sq": "900_9257", "crime_n": 50, "crime_night_n": 23, "nta": "Kenwood", "boro": "Chicago"}}, {"type": "Feature", "geometry": {"type": "Polygon", "coordinates": [[[-87.60196, 41.811295], [-87.595941, 41.811327], [-87.595982, 41.81583], [-87.602002, 41.815798], [-87.60196, 41.811295]]]}, "properties": {"sq": "900_9258", "crime_n": 29, "crime_night_n": 9, "nta": "Kenwood", "boro": "Chicago"}}, {"type": "Feature", "geometry": {"type": "Polygon", "coordinates": [[[-87.602002, 41.815798], [-87.595982, 41.81583], [-87.596024, 41.820333], [-87.602044, 41.820302], [-87.602002, 41.815798]]]}, "properties": {"sq": "900_9259", "crime_n": 46, "crime_night_n": 20, "nta": "Kenwood", "boro": "Chicago"}}, {"type": "Feature", "geometry": {"type": "Polygon", "coordinates": [[[-87.602044, 41.820302], [-87.596024, 41.820333], [-87.596066, 41.824836], [-87.602086, 41.824805], [-87.602044, 41.820302]]]}, "properties": {"sq": "900_9260", "crime_n": 19, "crime_night_n": 8, "nta": "Oakland", "boro": "Chicago"}}, {"type": "Feature", "geometry": {"type": "Polygon", "coordinates": [[[-87.602086, 41.824805], [-87.596066, 41.824836], [-87.596108, 41.829339], [-87.602129, 41.829308], [-87.602086, 41.824805]]]}, "properties": {"sq": "900_9261", "crime_n": 14, "crime_night_n": 8, "nta": "Oakland", "boro": "Chicago"}}, {"type": "Feature", "geometry": {"type": "Polygon", "coordinates": [[[-87.602129, 41.829308], [-87.596108, 41.829339], [-87.596149, 41.833843], [-87.602171, 41.833811], [-87.602129, 41.829308]]]}, "properties": {"sq": "900_9262", "crime_n": 0, "crime_night_n": 0, "nta": "Oakland", "boro": "Chicago"}}, {"type": "Feature", "geometry": {"type": "Polygon", "coordinates": [[[-87.602678, 41.88785], [-87.596651, 41.887881], [-87.596693, 41.892384], [-87.60272, 41.892353], [-87.602678, 41.88785]]]}, "properties": {"sq": "900_9275", "crime_n": 0, "crime_night_n": 0, "nta": "Near North Side", "boro": "Chicago"}}, {"type": "Feature", "geometry": {"type": "Polygon", "coordinates": [[[-87.60272, 41.892353], [-87.596693, 41.892384], [-87.596735, 41.896887], [-87.602763, 41.896856], [-87.60272, 41.892353]]]}, "properties": {"sq": "900_9276", "crime_n": 0, "crime_night_n": 0, "nta": "Near North Side", "boro": "Chicago"}}, {"type": "Feature", "geometry": {"type": "Polygon", "coordinates": [[[-87.594403, 41.644704], [-87.588399, 41.644735], [-87.58844, 41.649239], [-87.594444, 41.649208], [-87.594403, 41.644704]]]}, "properties": {"sq": "901_9221", "crime_n": 0, "crime_night_n": 0, "nta": "Riverdale", "boro": "Chicago"}}, {"type": "Feature", "geometry": {"type": "Polygon", "coordinates": [[[-87.594444, 41.649208], [-87.58844, 41.649239], [-87.588481, 41.653742], [-87.594485, 41.653711], [-87.594444, 41.649208]]]}, "properties": {"sq": "901_9222", "crime_n": 0, "crime_night_n": 0, "nta": "Riverdale", "boro": "Chicago"}}, {"type": "Feature", "geometry": {"type": "Polygon", "coordinates": [[[-87.594485, 41.653711], [-87.588481, 41.653742], [-87.588522, 41.658245], [-87.594527, 41.658214], [-87.594485, 41.653711]]]}, "properties": {"sq": "901_9223", "crime_n": 1, "crime_night_n": 0, "nta": "Riverdale", "boro": "Chicago"}}, {"type": "Feature", "geometry": {"type": "Polygon", "coordinates": [[[-87.594527, 41.658214], [-87.588522, 41.658245], [-87.588563, 41.662749], [-87.594568, 41.662718], [-87.594527, 41.658214]]]}, "properties": {"sq": "901_9224", "crime_n": 3, "crime_night_n": 2, "nta": "South Deering", "boro": "Chicago"}}, {"type": "Feature", "geometry": {"type": "Polygon", "coordinates": [[[-87.594568, 41.662718], [-87.588563, 41.662749], [-87.588604, 41.667252], [-87.59461, 41.667221], [-87.594568, 41.662718]]]}, "properties": {"sq": "901_9225", "crime_n": 0, "crime_night_n": 0, "nta": "South Deering", "boro": "Chicago"}}, {"type": "Feature", "geometry": {"type": "Polygon", "coordinates": [[[-87.59461, 41.667221], [-87.588604, 41.667252], [-87.588645, 41.671755], [-87.594651, 41.671724], [-87.59461, 41.667221]]]}, "properties": {"sq": "901_9226", "crime_n": 0, "crime_night_n": 0, "nta": "South Deering", "boro": "Chicago"}}, {"type": "Feature", "geometry": {"type": "Polygon", "coordinates": [[[-87.594651, 41.671724], [-87.588645, 41.671755], [-87.588686, 41.676259], [-87.594693, 41.676228], [-87.594651, 41.671724]]]}, "properties": {"sq": "901_9227", "crime_n": 0, "crime_night_n": 0, "nta": "South Deering", "boro": "Chicago"}}, {"type": "Feature", "geometry": {"type": "Polygon", "coordinates": [[[-87.594693, 41.676228], [-87.588686, 41.676259], [-87.588727, 41.680762], [-87.594734, 41.680731], [-87.594693, 41.676228]]]}, "properties": {"sq": "901_9228", "crime_n": 0, "crime_night_n": 0, "nta": "South Deering", "boro": "Chicago"}}, {"type": "Feature", "geometry": {"type": "Polygon", "coordinates": [[[-87.594734, 41.680731], [-87.588727, 41.680762], [-87.588768, 41.685265], [-87.594775, 41.685234], [-87.594734, 41.680731]]]}, "properties": {"sq": "901_9229", "crime_n": 0, "crime_night_n": 0, "nta": "South Deering", "boro": "Chicago"}}, {"type": "Feature", "geometry": {"type": "Polygon", "coordinates": [[[-87.594775, 41.685234], [-87.588768, 41.685265], [-87.588809, 41.689769], [-87.594817, 41.689738], [-87.594775, 41.685234]]]}, "properties": {"sq": "901_9230", "crime_n": 0, "crime_night_n": 0, "nta": "South Deering", "boro": "Chicago"}}, {"type": "Feature", "geometry": {"type": "Polygon", "coordinates": [[[-87.594817, 41.689738], [-87.588809, 41.689769], [-87.58885, 41.694272], [-87.594858, 41.694241], [-87.594817, 41.689738]]]}, "properties": {"sq": "901_9231", "crime_n": 0, "crime_night_n": 0, "nta": "South Deering", "boro": "Chicago"}}, {"type": "Feature", "geometry": {"type": "Polygon", "coordinates": [[[-87.594858, 41.694241], [-87.58885, 41.694272], [-87.588891, 41.698775], [-87.5949, 41.698744], [-87.594858, 41.694241]]]}, "properties": {"sq": "901_9232", "crime_n": 0, "crime_night_n": 0, "nta": "South Deering", "boro": "Chicago"}}, {"type": "Feature", "geometry": {"type": "Polygon", "coordinates": [[[-87.5949, 41.698744], [-87.588891, 41.698775], [-87.588932, 41.703279], [-87.594941, 41.703248], [-87.5949, 41.698744]]]}, "properties": {"sq": "901_9233", "crime_n": 0, "crime_night_n": 0, "nta": "South Deering", "boro": "Chicago"}}, {"type": "Feature", "geometry": {"type": "Polygon", "coordinates": [[[-87.594941, 41.703248], [-87.588932, 41.703279], [-87.588973, 41.707782], [-87.594983, 41.707751], [-87.594941, 41.703248]]]}, "properties": {"sq": "901_9234", "crime_n": 11, "crime_night_n": 3, "nta": "Pullman", "boro": "Chicago"}}, {"type": "Feature", "geometry": {"type": "Polygon", "coordinates": [[[-87.594983, 41.707751], [-87.588973, 41.707782], [-87.589014, 41.712285], [-87.595025, 41.712254], [-87.594983, 41.707751]]]}, "properties": {"sq": "901_9235", "crime_n": 0, "crime_night_n": 0, "nta": "Pullman", "boro": "Chicago"}}, {"type": "Feature", "geometry": {"type": "Polygon", "coordinates": [[[-87.595025, 41.712254], [-87.589014, 41.712285], [-87.589056, 41.716789], [-87.595066, 41.716758], [-87.595025, 41.712254]]]}, "properties": {"sq": "901_9236", "crime_n": 6, "crime_night_n": 1, "nta": "Pullman", "boro": "Chicago"}}, {"type": "Feature", "geometry": {"type": "Polygon", "coordinates": [[[-87.595066, 41.716758], [-87.589056, 41.716789], [-87.589097, 41.721292], [-87.595108, 41.721261], [-87.595066, 41.716758]]]}, "properties": {"sq": "901_9237", "crime_n": 3, "crime_night_n": 3, "nta": "Pullman", "boro": "Chicago"}}, {"type": "Feature", "geometry": {"type": "Polygon", "coordinates": [[[-87.595108, 41.721261], [-87.589097, 41.721292], [-87.589138, 41.725795], [-87.595149, 41.725764], [-87.595108, 41.721261]]]}, "properties": {"sq": "901_9238", "crime_n": 16, "crime_night_n": 5, "nta": "Burnside", "boro": "Chicago"}}, {"type": "Feature", "geometry": {"type": "Polygon", "coordinates": [[[-87.595149, 41.725764], [-87.589138, 41.725795], [-87.589179, 41.730299], [-87.595191, 41.730268], [-87.595149, 41.725764]]]}, "properties": {"sq": "901_9239", "crime_n": 10, "crime_night_n": 4, "nta": "Calumet Heights", "boro": "Chicago"}}, {"type": "Feature", "geometry": {"type": "Polygon", "coordinates": [[[-87.595191, 41.730268], [-87.589179, 41.730299], [-87.58922, 41.734802], [-87.595232, 41.734771], [-87.595191, 41.730268]]]}, "properties": {"sq": "901_9240", "crime_n": 4, "crime_night_n": 3, "nta": "Calumet Heights", "boro": "Chicago"}}, {"type": "Feature", "geometry": {"type": "Polygon", "coordinates": [[[-87.595232, 41.734771], [-87.58922, 41.734802], [-87.589261, 41.739305], [-87.595274, 41.739274], [-87.595232, 41.734771]]]}, "properties": {"sq": "901_9241", "crime_n": 14, "crime_night_n": 7, "nta": "Calumet Heights", "boro": "Chicago"}}, {"type": "Feature", "geometry": {"type": "Polygon", "coordinates": [[[-87.595274, 41.739274], [-87.589261, 41.739305], [-87.589302, 41.743809], [-87.595315, 41.743778], [-87.595274, 41.739274]]]}, "properties": {"sq": "901_9242", "crime_n": 6, "crime_night_n": 2, "nta": "Avalon Park", "boro": "Chicago"}}, {"type": "Feature", "geometry": {"type": "Polygon", "coordinates": [[[-87.595315, 41.743778], [-87.589302, 41.743809], [-87.589344, 41.748312], [-87.595357, 41.748281], [-87.595315, 41.743778]]]}, "properties": {"sq": "901_9243", "crime_n": 31, "crime_night_n": 12, "nta": "Avalon Park", "boro": "Chicago"}}, {"type": "Feature", "geometry": {"type": "Polygon", "coordinates": [[[-87.595357, 41.748281], [-87.589344, 41.748312], [-87.589385, 41.752815], [-87.595399, 41.752784], [-87.595357, 41.748281]]]}, "properties": {"sq": "901_9244", "crime_n": 40, "crime_night_n": 10, "nta": "Avalon Park", "boro": "Chicago"}}, {"type": "Feature", "geometry": {"type": "Polygon", "coordinates": [[[-87.595399, 41.752784], [-87.589385, 41.752815], [-87.589426, 41.757318], [-87.59544, 41.757287], [-87.595399, 41.752784]]]}, "properties": {"sq": "901_9245", "crime_n": 15, "crime_night_n": 6, "nta": "Avalon Park", "boro": "Chicago"}}, {"type": "Feature", "geometry": {"type": "Polygon", "coordinates": [[[-87.59544, 41.757287], [-87.589426, 41.757318], [-87.589467, 41.761822], [-87.595482, 41.761791], [-87.59544, 41.757287]]]}, "properties": {"sq": "901_9246", "crime_n": 67, "crime_night_n": 31, "nta": "South Shore", "boro": "Chicago"}}, {"type": "Feature", "geometry": {"type": "Polygon", "coordinates": [[[-87.595482, 41.761791], [-87.589467, 41.761822], [-87.589508, 41.766325], [-87.595524, 41.766294], [-87.595482, 41.761791]]]}, "properties": {"sq": "901_9247", "crime_n": 52, "crime_night_n": 21, "nta": "South Shore", "boro": "Chicago"}}, {"type": "Feature", "geometry": {"type": "Polygon", "coordinates": [[[-87.595524, 41.766294], [-87.589508, 41.766325], [-87.58955, 41.770828], [-87.595565, 41.770797], [-87.595524, 41.766294]]]}, "properties": {"sq": "901_9248", "crime_n": 25, "crime_night_n": 8, "nta": "South Shore", "boro": "Chicago"}}, {"type": "Feature", "geometry": {"type": "Polygon", "coordinates": [[[-87.595565, 41.770797], [-87.58955, 41.770828], [-87.589591, 41.775332], [-87.595607, 41.775301], [-87.595565, 41.770797]]]}, "properties": {"sq": "901_9249", "crime_n": 68, "crime_night_n": 24, "nta": "South Shore", "boro": "Chicago"}}, {"type": "Feature", "geometry": {"type": "Polygon", "coordinates": [[[-87.595607, 41.775301], [-87.589591, 41.775332], [-87.589632, 41.779835], [-87.595649, 41.779804], [-87.595607, 41.775301]]]}, "properties": {"sq": "901_9250", "crime_n": 23, "crime_night_n": 13, "nta": "Woodlawn", "boro": "Chicago"}}, {"type": "Feature", "geometry": {"type": "Polygon", "coordinates": [[[-87.595649, 41.779804], [-87.589632, 41.779835], [-87.589673, 41.784338], [-87.59569, 41.784307], [-87.595649, 41.779804]]]}, "properties": {"sq": "901_9251", "crime_n": 44, "crime_night_n": 17, "nta": "Woodlawn", "boro": "Chicago"}}, {"type": "Feature", "geometry": {"type": "Polygon", "coordinates": [[[-87.59569, 41.784307], [-87.589673, 41.784338], [-87.589715, 41.788841], [-87.595732, 41.78881], [-87.59569, 41.784307]]]}, "properties": {"sq": "901_9252", "crime_n": 3, "crime_night_n": 1, "nta": "Woodlawn", "boro": "Chicago"}}, {"type": "Feature", "geometry": {"type": "Polygon", "coordinates": [[[-87.595732, 41.78881], [-87.589715, 41.788841], [-87.589756, 41.793345], [-87.595774, 41.793314], [-87.595732, 41.78881]]]}, "properties": {"sq": "901_9253", "crime_n": 26, "crime_night_n": 13, "nta": "Hyde Park", "boro": "Chicago"}}, {"type": "Feature", "geometry": {"type": "Polygon", "coordinates": [[[-87.595774, 41.793314], [-87.589756, 41.793345], [-87.589797, 41.797848], [-87.595815, 41.797817], [-87.595774, 41.793314]]]}, "properties": {"sq": "901_9254", "crime_n": 30, "crime_night_n": 15, "nta": "Hyde Park", "boro": "Chicago"}}, {"type": "Feature", "geometry": {"type": "Polygon", "coordinates": [[[-87.595815, 41.797817], [-87.589797, 41.797848], [-87.589839, 41.802351], [-87.595857, 41.80232], [-87.595815, 41.797817]]]}, "properties": {"sq": "901_9255", "crime_n": 73, "crime_night_n": 27, "nta": "Hyde Park", "boro": "Chicago"}}, {"type": "Feature", "geometry": {"type": "Polygon", "coordinates": [[[-87.595857, 41.80232], [-87.589839, 41.802351], [-87.58988, 41.806854], [-87.595899, 41.806823], [-87.595857, 41.80232]]]}, "properties": {"sq": "901_9256", "crime_n": 34, "crime_night_n": 10, "nta": "Kenwood", "boro": "Chicago"}}, {"type": "Feature", "geometry": {"type": "Polygon", "coordinates": [[[-87.595899, 41.806823], [-87.58988, 41.806854], [-87.589921, 41.811358], [-87.595941, 41.811327], [-87.595899, 41.806823]]]}, "properties": {"sq": "901_9257", "crime_n": 57, "crime_night_n": 22, "nta": "Kenwood", "boro": "Chicago"}}, {"type": "Feature", "geometry": {"type": "Polygon", "coordinates": [[[-87.595941, 41.811327], [-87.589921, 41.811358], [-87.589963, 41.815861], [-87.595982, 41.81583], [-87.595941, 41.811327]]]}, "properties": {"sq": "901_9258", "crime_n": 8, "crime_night_n": 4, "nta": "Kenwood", "boro": "Chicago"}}, {"type": "Feature", "geometry": {"type": "Polygon", "coordinates": [[[-87.595982, 41.81583], [-87.589963, 41.815861], [-87.590004, 41.820364], [-87.596024, 41.820333], [-87.595982, 41.81583]]]}, "properties": {"sq": "901_9259", "crime_n": 2, "crime_night_n": 0, "nta": "Oakland", "boro": "Chicago"}}, {"type": "Feature", "geometry": {"type": "Polygon", "coordinates": [[[-87.596024, 41.820333], [-87.590004, 41.820364], [-87.590045, 41.824867], [-87.596066, 41.824836], [-87.596024, 41.820333]]]}, "properties": {"sq": "901_9260", "crime_n": 0, "crime_night_n": 0, "nta": "Oakland", "boro": "Chicago"}}, {"type": "Feature", "geometry": {"type": "Polygon", "coordinates": [[[-87.588358, 41.640232], [-87.582355, 41.640262], [-87.582395, 41.644766], [-87.588399, 41.644735], [-87.588358, 41.640232]]]}, "properties": {"sq": "902_9220", "crime_n": 0, "crime_night_n": 0, "nta": "Riverdale", "boro": "Chicago"}}, {"type": "Feature", "geometry": {"type": "Polygon", "coordinates": [[[-87.588399, 41.644735], [-87.582395, 41.644766], [-87.582436, 41.649269], [-87.58844, 41.649239], [-87.588399, 41.644735]]]}, "properties": {"sq": "902_9221", "crime_n": 0, "crime_night_n": 0, "nta": "Riverdale", "boro": "Chicago"}}, {"type": "Feature", "geometry": {"type": "Polygon", "coordinates": [[[-87.58844, 41.649239], [-87.582436, 41.649269], [-87.582476, 41.653773], [-87.588481, 41.653742], [-87.58844, 41.649239]]]}, "properties": {"sq": "902_9222", "crime_n": 0, "crime_night_n": 0, "nta": "Riverdale", "boro": "Chicago"}}, {"type": "Feature", "geometry": {"type": "Polygon", "coordinates": [[[-87.588481, 41.653742], [-87.582476, 41.653773], [-87.582517, 41.658276], [-87.588522, 41.658245], [-87.588481, 41.653742]]]}, "properties": {"sq": "902_9223", "crime_n": 0, "crime_night_n": 0, "nta": "Riverdale", "boro": "Chicago"}}, {"type": "Feature", "geometry": {"type": "Polygon", "coordinates": [[[-87.588522, 41.658245], [-87.582517, 41.658276], [-87.582557, 41.662779], [-87.588563, 41.662749], [-87.588522, 41.658245]]]}, "properties": {"sq": "902_9224", "crime_n": 2, "crime_night_n": 1, "nta": "South Deering", "boro": "Chicago"}}, {"type": "Feature", "geometry": {"type": "Polygon", "coordinates": [[[-87.588563, 41.662749], [-87.582557, 41.662779], [-87.582598, 41.667283], [-87.588604, 41.667252], [-87.588563, 41.662749]]]}, "properties": {"sq": "902_9225", "crime_n": 0, "crime_night_n": 0, "nta": "South Deering", "boro": "Chicago"}}, {"type": "Feature", "geometry": {"type": "Polygon", "coordinates": [[[-87.588604, 41.667252], [-87.582598, 41.667283], [-87.582639, 41.671786], [-87.588645, 41.671755], [-87.588604, 41.667252]]]}, "properties": {"sq": "902_9226", "crime_n": 0, "crime_night_n": 0, "nta": "South Deering", "boro": "Chicago"}}, {"type": "Feature", "geometry": {"type": "Polygon", "coordinates": [[[-87.588645, 41.671755], [-87.582639, 41.671786], [-87.582679, 41.676289], [-87.588686, 41.676259], [-87.588645, 41.671755]]]}, "properties": {"sq": "902_9227", "crime_n": 0, "crime_night_n": 0, "nta": "South Deering", "boro": "Chicago"}}, {"type": "Feature", "geometry": {"type": "Polygon", "coordinates": [[[-87.588686, 41.676259], [-87.582679, 41.676289], [-87.58272, 41.680793], [-87.588727, 41.680762], [-87.588686, 41.676259]]]}, "properties": {"sq": "902_9228", "crime_n": 0, "crime_night_n": 0, "nta": "South Deering", "boro": "Chicago"}}, {"type": "Feature", "geometry": {"type": "Polygon", "coordinates": [[[-87.588727, 41.680762], [-87.58272, 41.680793], [-87.58276, 41.685296], [-87.588768, 41.685265], [-87.588727, 41.680762]]]}, "properties": {"sq": "902_9229", "crime_n": 0, "crime_night_n": 0, "nta": "South Deering", "boro": "Chicago"}}, {"type": "Feature", "geometry": {"type": "Polygon", "coordinates": [[[-87.588768, 41.685265], [-87.58276, 41.685296], [-87.582801, 41.689799], [-87.588809, 41.689769], [-87.588768, 41.685265]]]}, "properties": {"sq": "902_9230", "crime_n": 0, "crime_night_n": 0, "nta": "South Deering", "boro": "Chicago"}}, {"type": "Feature", "geometry": {"type": "Polygon", "coordinates": [[[-87.588809, 41.689769], [-87.582801, 41.689799], [-87.582842, 41.694303], [-87.58885, 41.694272], [-87.588809, 41.689769]]]}, "properties": {"sq": "902_9231", "crime_n": 0, "crime_night_n": 0, "nta": "South Deering", "boro": "Chicago"}}, {"type": "Feature", "geometry": {"type": "Polygon", "coordinates": [[[-87.58885, 41.694272], [-87.582842, 41.694303], [-87.582882, 41.698806], [-87.588891, 41.698775], [-87.58885, 41.694272]]]}, "properties": {"sq": "902_9232", "crime_n": 0, "crime_night_n": 0, "nta": "South Deering", "boro": "Chicago"}}, {"type": "Feature", "geometry": {"type": "Polygon", "coordinates": [[[-87.588891, 41.698775], [-87.582882, 41.698806], [-87.582923, 41.703309], [-87.588932, 41.703279], [-87.588891, 41.698775]]]}, "properties": {"sq": "902_9233", "crime_n": 0, "crime_night_n": 0, "nta": "South Deering", "boro": "Chicago"}}, {"type": "Feature", "geometry": {"type": "Polygon", "coordinates": [[[-87.588932, 41.703279], [-87.582923, 41.703309], [-87.582964, 41.707813], [-87.588973, 41.707782], [-87.588932, 41.703279]]]}, "properties": {"sq": "902_9234", "crime_n": 4, "crime_night_n": 0, "nta": "South Deering", "boro": "Chicago"}}, {"type": "Feature", "geometry": {"type": "Polygon", "coordinates": [[[-87.588973, 41.707782], [-87.582964, 41.707813], [-87.583004, 41.712316], [-87.589014, 41.712285], [-87.588973, 41.707782]]]}, "properties": {"sq": "902_9235", "crime_n": 3, "crime_night_n": 2, "nta": "South Deering", "boro": "Chicago"}}, {"type": "Feature", "geometry": {"type": "Polygon", "coordinates": [[[-87.589014, 41.712285], [-87.583004, 41.712316], [-87.583045, 41.716819], [-87.589056, 41.716789], [-87.589014, 41.712285]]]}, "properties": {"sq": "902_9236", "crime_n": 1, "crime_night_n": 1, "nta": "Pullman", "boro": "Chicago"}}, {"type": "Feature", "geometry": {"type": "Polygon", "coordinates": [[[-87.589056, 41.716789], [-87.583045, 41.716819], [-87.583086, 41.721323], [-87.589097, 41.721292], [-87.589056, 41.716789]]]}, "properties": {"sq": "902_9237", "crime_n": 1, "crime_night_n": 1, "nta": "South Deering", "boro": "Chicago"}}, {"type": "Feature", "geometry": {"type": "Polygon", "coordinates": [[[-87.589097, 41.721292], [-87.583086, 41.721323], [-87.583127, 41.725826], [-87.589138, 41.725795], [-87.589097, 41.721292]]]}, "properties": {"sq": "902_9238", "crime_n": 76, "crime_night_n": 28, "nta": "South Deering", "boro": "Chicago"}}, {"type": "Feature", "geometry": {"type": "Polygon", "coordinates": [[[-87.589138, 41.725795], [-87.583127, 41.725826], [-87.583167, 41.730329], [-87.589179, 41.730299], [-87.589138, 41.725795]]]}, "properties": {"sq": "902_9239", "crime_n": 46, "crime_night_n": 19, "nta": "Calumet Heights", "boro": "Chicago"}}, {"type": "Feature", "geometry": {"type": "Polygon", "coordinates": [[[-87.589179, 41.730299], [-87.583167, 41.730329], [-87.583208, 41.734833], [-87.58922, 41.734802], [-87.589179, 41.730299]]]}, "properties": {"sq": "902_9240", "crime_n": 44, "crime_night_n": 20, "nta": "Calumet Heights", "boro": "Chicago"}}, {"type": "Feature", "geometry": {"type": "Polygon", "coordinates": [[[-87.58922, 41.734802], [-87.583208, 41.734833], [-87.583249, 41.739336], [-87.589261, 41.739305], [-87.58922, 41.734802]]]}, "properties": {"sq": "902_9241", "crime_n": 54, "crime_night_n": 16, "nta": "Avalon Park", "boro": "Chicago"}}, {"type": "Feature", "geometry": {"type": "Polygon", "coordinates": [[[-87.589261, 41.739305], [-87.583249, 41.739336], [-87.583289, 41.743839], [-87.589302, 41.743809], [-87.589261, 41.739305]]]}, "properties": {"sq": "902_9242", "crime_n": 33, "crime_night_n": 15, "nta": "Avalon Park", "boro": "Chicago"}}, {"type": "Feature", "geometry": {"type": "Polygon", "coordinates": [[[-87.589302, 41.743809], [-87.583289, 41.743839], [-87.58333, 41.748343], [-87.589344, 41.748312], [-87.589302, 41.743809]]]}, "properties": {"sq": "902_9243", "crime_n": 42, "crime_night_n": 20, "nta": "Avalon Park", "boro": "Chicago"}}, {"type": "Feature", "geometry": {"type": "Polygon", "coordinates": [[[-87.589344, 41.748312], [-87.58333, 41.748343], [-87.583371, 41.752846], [-87.589385, 41.752815], [-87.589344, 41.748312]]]}, "properties": {"sq": "902_9244", "crime_n": 79, "crime_night_n": 25, "nta": "Avalon Park", "boro": "Chicago"}}, {"type": "Feature", "geometry": {"type": "Polygon", "coordinates": [[[-87.589385, 41.752815], [-87.583371, 41.752846], [-87.583412, 41.757349], [-87.589426, 41.757318], [-87.589385, 41.752815]]]}, "properties": {"sq": "902_9245", "crime_n": 58, "crime_night_n": 22, "nta": "South Shore", "boro": "Chicago"}}, {"type": "Feature", "geometry": {"type": "Polygon", "coordinates": [[[-87.589426, 41.757318], [-87.583412, 41.757349], [-87.583453, 41.761852], [-87.589467, 41.761822], [-87.589426, 41.757318]]]}, "properties": {"sq": "902_9246", "crime_n": 162, "crime_night_n": 61, "nta": "South Shore", "boro": "Chicago"}}, {"type": "Feature", "geometry": {"type": "Polygon", "coordinates": [[[-87.589467, 41.761822], [-87.583453, 41.761852], [-87.583493, 41.766356], [-87.589508, 41.766325], [-87.589467, 41.761822]]]}, "properties": {"sq": "902_9247", "crime_n": 100, "crime_night_n": 34, "nta": "South Shore", "boro": "Chicago"}}, {"type": "Feature", "geometry": {"type": "Polygon", "coordinates": [[[-87.589508, 41.766325], [-87.583493, 41.766356], [-87.583534, 41.770859], [-87.58955, 41.770828], [-87.589508, 41.766325]]]}, "properties": {"sq": "902_9248", "crime_n": 69, "crime_night_n": 17, "nta": "South Shore", "boro": "Chicago"}}, {"type": "Feature", "geometry": {"type": "Polygon", "coordinates": [[[-87.58955, 41.770828], [-87.583534, 41.770859], [-87.583575, 41.775362], [-87.589591, 41.775332], [-87.58955, 41.770828]]]}, "properties": {"sq": "902_9249", "crime_n": 139, "crime_night_n": 42, "nta": "South Shore", "boro": "Chicago"}}, {"type": "Feature", "geometry": {"type": "Polygon", "coordinates": [[[-87.589591, 41.775332], [-87.583575, 41.775362], [-87.583616, 41.779866], [-87.589632, 41.779835], [-87.589591, 41.775332]]]}, "properties": {"sq": "902_9250", "crime_n": 55, "crime_night_n": 18, "nta": "Woodlawn", "boro": "Chicago"}}, {"type": "Feature", "geometry": {"type": "Polygon", "coordinates": [[[-87.589632, 41.779835], [-87.583616, 41.779866], [-87.583657, 41.784369], [-87.589673, 41.784338], [-87.589632, 41.779835]]]}, "properties": {"sq": "902_9251", "crime_n": 63, "crime_night_n": 20, "nta": "Woodlawn", "boro": "Chicago"}}, {"type": "Feature", "geometry": {"type": "Polygon", "coordinates": [[[-87.589673, 41.784338], [-87.583657, 41.784369], [-87.583698, 41.788872], [-87.589715, 41.788841], [-87.589673, 41.784338]]]}, "properties": {"sq": "902_9252", "crime_n": 27, "crime_night_n": 11, "nta": "Woodlawn", "boro": "Chicago"}}, {"type": "Feature", "geometry": {"type": "Polygon", "coordinates": [[[-87.589715, 41.788841], [-87.583698, 41.788872], [-87.583738, 41.793375], [-87.589756, 41.793345], [-87.589715, 41.788841]]]}, "properties": {"sq": "902_9253", "crime_n": 7, "crime_night_n": 0, "nta": "Hyde Park", "boro": "Chicago"}}, {"type": "Feature", "geometry": {"type": "Polygon", "coordinates": [[[-87.589756, 41.793345], [-87.583738, 41.793375], [-87.583779, 41.797879], [-87.589797, 41.797848], [-87.589756, 41.793345]]]}, "properties": {"sq": "902_9254", "crime_n": 87, "crime_night_n": 35, "nta": "Hyde Park", "boro": "Chicago"}}, {"type": "Feature", "geometry": {"type": "Polygon", "coordinates": [[[-87.589797, 41.797848], [-87.583779, 41.797879], [-87.58382, 41.802382], [-87.589839, 41.802351], [-87.589797, 41.797848]]]}, "properties": {"sq": "902_9255", "crime_n": 127, "crime_night_n": 46, "nta": "Hyde Park", "boro": "Chicago"}}, {"type": "Feature", "geometry": {"type": "Polygon", "coordinates": [[[-87.589839, 41.802351], [-87.58382, 41.802382], [-87.583861, 41.806885], [-87.58988, 41.806854], [-87.589839, 41.802351]]]}, "properties": {"sq": "902_9256", "crime_n": 71, "crime_night_n": 27, "nta": "Kenwood", "boro": "Chicago"}}, {"type": "Feature", "geometry": {"type": "Polygon", "coordinates": [[[-87.58988, 41.806854], [-87.583861, 41.806885], [-87.583902, 41.811388], [-87.589921, 41.811358], [-87.58988, 41.806854]]]}, "properties": {"sq": "902_9257", "crime_n": 9, "crime_night_n": 4, "nta": "Kenwood", "boro": "Chicago"}}, {"type": "Feature", "geometry": {"type": "Polygon", "coordinates": [[[-87.589921, 41.811358], [-87.583902, 41.811388], [-87.583943, 41.815892], [-87.589963, 41.815861], [-87.589921, 41.811358]]]}, "properties": {"sq": "902_9258", "crime_n": 0, "crime_night_n": 0, "nta": "Kenwood", "boro": "Chicago"}}, {"type": "Feature", "geometry": {"type": "Polygon", "coordinates": [[[-87.582355, 41.640262], [-87.576351, 41.640293], [-87.576391, 41.644796], [-87.582395, 41.644766], [-87.582355, 41.640262]]]}, "properties": {"sq": "903_9220", "crime_n": 0, "crime_night_n": 0, "nta": "Riverdale", "boro": "Chicago"}}, {"type": "Feature", "geometry": {"type": "Polygon", "coordinates": [[[-87.582395, 41.644766], [-87.576391, 41.644796], [-87.576431, 41.649299], [-87.582436, 41.649269], [-87.582395, 41.644766]]]}, "properties": {"sq": "903_9221", "crime_n": 0, "crime_night_n": 0, "nta": "Riverdale", "boro": "Chicago"}}, {"type": "Feature", "geometry": {"type": "Polygon", "coordinates": [[[-87.582436, 41.649269], [-87.576431, 41.649299], [-87.576472, 41.653803], [-87.582476, 41.653773], [-87.582436, 41.649269]]]}, "properties": {"sq": "903_9222", "crime_n": 0, "crime_night_n": 0, "nta": "Hegewisch", "boro": "Chicago"}}, {"type": "Feature", "geometry": {"type": "Polygon", "coordinates": [[[-87.582476, 41.653773], [-87.576472, 41.653803], [-87.576512, 41.658306], [-87.582517, 41.658276], [-87.582476, 41.653773]]]}, "properties": {"sq": "903_9223", "crime_n": 0, "crime_night_n": 0, "nta": "Hegewisch", "boro": "Chicago"}}, {"type": "Feature", "geometry": {"type": "Polygon", "coordinates": [[[-87.582517, 41.658276], [-87.576512, 41.658306], [-87.576552, 41.66281], [-87.582557, 41.662779], [-87.582517, 41.658276]]]}, "properties": {"sq": "903_9224", "crime_n": 0, "crime_night_n": 0, "nta": "South Deering", "boro": "Chicago"}}, {"type": "Feature", "geometry": {"type": "Polygon", "coordinates": [[[-87.582557, 41.662779], [-87.576552, 41.66281], [-87.576592, 41.667313], [-87.582598, 41.667283], [-87.582557, 41.662779]]]}, "properties": {"sq": "903_9225", "crime_n": 0, "crime_night_n": 0, "nta": "South Deering", "boro": "Chicago"}}, {"type": "Feature", "geometry": {"type": "Polygon", "coordinates": [[[-87.582598, 41.667283], [-87.576592, 41.667313], [-87.576632, 41.671816], [-87.582639, 41.671786], [-87.582598, 41.667283]]]}, "properties": {"sq": "903_9226", "crime_n": 0, "crime_night_n": 0, "nta": "South Deering", "boro": "Chicago"}}, {"type": "Feature", "geometry": {"type": "Polygon", "coordinates": [[[-87.582639, 41.671786], [-87.576632, 41.671816], [-87.576672, 41.67632], [-87.582679, 41.676289], [-87.582639, 41.671786]]]}, "properties": {"sq": "903_9227", "crime_n": 0, "crime_night_n": 0, "nta": "South Deering", "boro": "Chicago"}}, {"type": "Feature", "geometry": {"type": "Polygon", "coordinates": [[[-87.582679, 41.676289], [-87.576672, 41.67632], [-87.576713, 41.680823], [-87.58272, 41.680793], [-87.582679, 41.676289]]]}, "properties": {"sq": "903_9228", "crime_n": 0, "crime_night_n": 0, "nta": "South Deering", "boro": "Chicago"}}, {"type": "Feature", "geometry": {"type": "Polygon", "coordinates": [[[-87.58272, 41.680793], [-87.576713, 41.680823], [-87.576753, 41.685326], [-87.58276, 41.685296], [-87.58272, 41.680793]]]}, "properties": {"sq": "903_9229", "crime_n": 0, "crime_night_n": 0, "nta": "South Deering", "boro": "Chicago"}}, {"type": "Feature", "geometry": {"type": "Polygon", "coordinates": [[[-87.58276, 41.685296], [-87.576753, 41.685326], [-87.576793, 41.68983], [-87.582801, 41.689799], [-87.58276, 41.685296]]]}, "properties": {"sq": "903_9230", "crime_n": 0, "crime_night_n": 0, "nta": "South Deering", "boro": "Chicago"}}, {"type": "Feature", "geometry": {"type": "Polygon", "coordinates": [[[-87.582801, 41.689799], [-87.576793, 41.68983], [-87.576833, 41.694333], [-87.582842, 41.694303], [-87.582801, 41.689799]]]}, "properties": {"sq": "903_9231", "crime_n": 0, "crime_night_n": 0, "nta": "South Deering", "boro": "Chicago"}}, {"type": "Feature", "geometry": {"type": "Polygon", "coordinates": [[[-87.582842, 41.694303], [-87.576833, 41.694333], [-87.576874, 41.698836], [-87.582882, 41.698806], [-87.582842, 41.694303]]]}, "properties": {"sq": "903_9232", "crime_n": 0, "crime_night_n": 0, "nta": "South Deering", "boro": "Chicago"}}, {"type": "Feature", "geometry": {"type": "Polygon", "coordinates": [[[-87.582882, 41.698806], [-87.576874, 41.698836], [-87.576914, 41.70334], [-87.582923, 41.703309], [-87.582882, 41.698806]]]}, "properties": {"sq": "903_9233", "crime_n": 0, "crime_night_n": 0, "nta": "South Deering", "boro": "Chicago"}}, {"type": "Feature", "geometry": {"type": "Polygon", "coordinates": [[[-87.582923, 41.703309], [-87.576914, 41.70334], [-87.576954, 41.707843], [-87.582964, 41.707813], [-87.582923, 41.703309]]]}, "properties": {"sq": "903_9234", "crime_n": 10, "crime_night_n": 4, "nta": "South Deering", "boro": "Chicago"}}, {"type": "Feature", "geometry": {"type": "Polygon", "coordinates": [[[-87.582964, 41.707813], [-87.576954, 41.707843], [-87.576994, 41.712346], [-87.583004, 41.712316], [-87.582964, 41.707813]]]}, "properties": {"sq": "903_9235", "crime_n": 4, "crime_night_n": 3, "nta": "South Deering", "boro": "Chicago"}}, {"type": "Feature", "geometry": {"type": "Polygon", "coordinates": [[[-87.583004, 41.712316], [-87.576994, 41.712346], [-87.577035, 41.71685], [-87.583045, 41.716819], [-87.583004, 41.712316]]]}, "properties": {"sq": "903_9236", "crime_n": 0, "crime_night_n": 0, "nta": "South Deering", "boro": "Chicago"}}, {"type": "Feature", "geometry": {"type": "Polygon", "coordinates": [[[-87.583045, 41.716819], [-87.577035, 41.71685], [-87.577075, 41.721353], [-87.583086, 41.721323], [-87.583045, 41.716819]]]}, "properties": {"sq": "903_9237", "crime_n": 2, "crime_night_n": 1, "nta": "South Deering", "boro": "Chicago"}}, {"type": "Feature", "geometry": {"type": "Polygon", "coordinates": [[[-87.583086, 41.721323], [-87.577075, 41.721353], [-87.577115, 41.725856], [-87.583127, 41.725826], [-87.583086, 41.721323]]]}, "properties": {"sq": "903_9238", "crime_n": 39, "crime_night_n": 11, "nta": "South Deering", "boro": "Chicago"}}, {"type": "Feature", "geometry": {"type": "Polygon", "coordinates": [[[-87.583127, 41.725826], [-87.577115, 41.725856], [-87.577156, 41.73036], [-87.583167, 41.730329], [-87.583127, 41.725826]]]}, "properties": {"sq": "903_9239", "crime_n": 12, "crime_night_n": 5, "nta": "Calumet Heights", "boro": "Chicago"}}, {"type": "Feature", "geometry": {"type": "Polygon", "coordinates": [[[-87.583167, 41.730329], [-87.577156, 41.73036], [-87.577196, 41.734863], [-87.583208, 41.734833], [-87.583167, 41.730329]]]}, "properties": {"sq": "903_9240", "crime_n": 20, "crime_night_n": 5, "nta": "Calumet Heights", "boro": "Chicago"}}, {"type": "Feature", "geometry": {"type": "Polygon", "coordinates": [[[-87.583208, 41.734833], [-87.577196, 41.734863], [-87.577236, 41.739366], [-87.583249, 41.739336], [-87.583208, 41.734833]]]}, "properties": {"sq": "903_9241", "crime_n": 21, "crime_night_n": 5, "nta": "Calumet Heights", "boro": "Chicago"}}, {"type": "Feature", "geometry": {"type": "Polygon", "coordinates": [[[-87.583249, 41.739336], [-87.577236, 41.739366], [-87.577276, 41.74387], [-87.583289, 41.743839], [-87.583249, 41.739336]]]}, "properties": {"sq": "903_9242", "crime_n": 18, "crime_night_n": 4, "nta": "Avalon Park", "boro": "Chicago"}}, {"type": "Feature", "geometry": {"type": "Polygon", "coordinates": [[[-87.583289, 41.743839], [-87.577276, 41.74387], [-87.577317, 41.748373], [-87.58333, 41.748343], [-87.583289, 41.743839]]]}, "properties": {"sq": "903_9243", "crime_n": 9, "crime_night_n": 3, "nta": "Avalon Park", "boro": "Chicago"}}, {"type": "Feature", "geometry": {"type": "Polygon", "coordinates": [[[-87.58333, 41.748343], [-87.577317, 41.748373], [-87.577357, 41.752876], [-87.583371, 41.752846], [-87.58333, 41.748343]]]}, "properties": {"sq": "903_9244", "crime_n": 69, "crime_night_n": 26, "nta": "South Chicago", "boro": "Chicago"}}, {"type": "Feature", "geometry": {"type": "Polygon", "coordinates": [[[-87.583371, 41.752846], [-87.577357, 41.752876], [-87.577398, 41.75738], [-87.583412, 41.757349], [-87.583371, 41.752846]]]}, "properties": {"sq": "903_9245", "crime_n": 36, "crime_night_n": 13, "nta": "South Shore", "boro": "Chicago"}}, {"type": "Feature", "geometry": {"type": "Polygon", "coordinates": [[[-87.583412, 41.757349], [-87.577398, 41.75738], [-87.577438, 41.761883], [-87.583453, 41.761852], [-87.583412, 41.757349]]]}, "properties": {"sq": "903_9246", "crime_n": 30, "crime_night_n": 13, "nta": "South Shore", "boro": "Chicago"}}, {"type": "Feature", "geometry": {"type": "Polygon", "coordinates": [[[-87.583453, 41.761852], [-87.577438, 41.761883], [-87.577478, 41.766386], [-87.583493, 41.766356], [-87.583453, 41.761852]]]}, "properties": {"sq": "903_9247", "crime_n": 111, "crime_night_n": 35, "nta": "South Shore", "boro": "Chicago"}}, {"type": "Feature", "geometry": {"type": "Polygon", "coordinates": [[[-87.583493, 41.766356], [-87.577478, 41.766386], [-87.577519, 41.770889], [-87.583534, 41.770859], [-87.583493, 41.766356]]]}, "properties": {"sq": "903_9248", "crime_n": 44, "crime_night_n": 15, "nta": "South Shore", "boro": "Chicago"}}, {"type": "Feature", "geometry": {"type": "Polygon", "coordinates": [[[-87.583534, 41.770859], [-87.577519, 41.770889], [-87.577559, 41.775393], [-87.583575, 41.775362], [-87.583534, 41.770859]]]}, "properties": {"sq": "903_9249", "crime_n": 31, "crime_night_n": 10, "nta": "South Shore", "boro": "Chicago"}}, {"type": "Feature", "geometry": {"type": "Polygon", "coordinates": [[[-87.583575, 41.775362], [-87.577559, 41.775393], [-87.577599, 41.779896], [-87.583616, 41.779866], [-87.583575, 41.775362]]]}, "properties": {"sq": "903_9250", "crime_n": 7, "crime_night_n": 4, "nta": "Woodlawn", "boro": "Chicago"}}, {"type": "Feature", "geometry": {"type": "Polygon", "coordinates": [[[-87.583616, 41.779866], [-87.577599, 41.779896], [-87.57764, 41.784399], [-87.583657, 41.784369], [-87.583616, 41.779866]]]}, "properties": {"sq": "903_9251", "crime_n": 0, "crime_night_n": 0, "nta": "Woodlawn", "boro": "Chicago"}}, {"type": "Feature", "geometry": {"type": "Polygon", "coordinates": [[[-87.583657, 41.784369], [-87.57764, 41.784399], [-87.57768, 41.788903], [-87.583698, 41.788872], [-87.583657, 41.784369]]]}, "properties": {"sq": "903_9252", "crime_n": 4, "crime_night_n": 1, "nta": "Hyde Park", "boro": "Chicago"}}, {"type": "Feature", "geometry": {"type": "Polygon", "coordinates": [[[-87.583698, 41.788872], [-87.57768, 41.788903], [-87.577721, 41.793406], [-87.583738, 41.793375], [-87.583698, 41.788872]]]}, "properties": {"sq": "903_9253", "crime_n": 32, "crime_night_n": 15, "nta": "Hyde Park", "boro": "Chicago"}}, {"type": "Feature", "geometry": {"type": "Polygon", "coordinates": [[[-87.583738, 41.793375], [-87.577721, 41.793406], [-87.577761, 41.797909], [-87.583779, 41.797879], [-87.583738, 41.793375]]]}, "properties": {"sq": "903_9254", "crime_n": 59, "crime_night_n": 29, "nta": "Hyde Park", "boro": "Chicago"}}, {"type": "Feature", "geometry": {"type": "Polygon", "coordinates": [[[-87.583779, 41.797879], [-87.577761, 41.797909], [-87.577802, 41.802412], [-87.58382, 41.802382], [-87.583779, 41.797879]]]}, "properties": {"sq": "903_9255", "crime_n": 5, "crime_night_n": 3, "nta": "Hyde Park", "boro": "Chicago"}}, {"type": "Feature", "geometry": {"type": "Polygon", "coordinates": [[[-87.58382, 41.802382], [-87.577802, 41.802412], [-87.577842, 41.806916], [-87.583861, 41.806885], [-87.58382, 41.802382]]]}, "properties": {"sq": "903_9256", "crime_n": 4, "crime_night_n": 3, "nta": "Kenwood", "boro": "Chicago"}}, {"type": "Feature", "geometry": {"type": "Polygon", "coordinates": [[[-87.576351, 41.640293], [-87.570348, 41.640323], [-87.570387, 41.644826], [-87.576391, 41.644796], [-87.576351, 41.640293]]]}, "properties": {"sq": "904_9220", "crime_n": 0, "crime_night_n": 0, "nta": "Hegewisch", "boro": "Chicago"}}, {"type": "Feature", "geometry": {"type": "Polygon", "coordinates": [[[-87.576391, 41.644796], [-87.570387, 41.644826], [-87.570427, 41.649329], [-87.576431, 41.649299], [-87.576391, 41.644796]]]}, "properties": {"sq": "904_9221", "crime_n": 0, "crime_night_n": 0, "nta": "Hegewisch", "boro": "Chicago"}}, {"type": "Feature", "geometry": {"type": "Polygon", "coordinates": [[[-87.576431, 41.649299], [-87.570427, 41.649329], [-87.570467, 41.653833], [-87.576472, 41.653803], [-87.576431, 41.649299]]]}, "properties": {"sq": "904_9222", "crime_n": 0, "crime_night_n": 0, "nta": "Hegewisch", "boro": "Chicago"}}, {"type": "Feature", "geometry": {"type": "Polygon", "coordinates": [[[-87.576472, 41.653803], [-87.570467, 41.653833], [-87.570507, 41.658336], [-87.576512, 41.658306], [-87.576472, 41.653803]]]}, "properties": {"sq": "904_9223", "crime_n": 0, "crime_night_n": 0, "nta": "Hegewisch", "boro": "Chicago"}}, {"type": "Feature", "geometry": {"type": "Polygon", "coordinates": [[[-87.576512, 41.658306], [-87.570507, 41.658336], [-87.570546, 41.66284], [-87.576552, 41.66281], [-87.576512, 41.658306]]]}, "properties": {"sq": "904_9224", "crime_n": 0, "crime_night_n": 0, "nta": "South Deering", "boro": "Chicago"}}, {"type": "Feature", "geometry": {"type": "Polygon", "coordinates": [[[-87.576552, 41.66281], [-87.570546, 41.66284], [-87.570586, 41.667343], [-87.576592, 41.667313], [-87.576552, 41.66281]]]}, "properties": {"sq": "904_9225", "crime_n": 0, "crime_night_n": 0, "nta": "South Deering", "boro": "Chicago"}}, {"type": "Feature", "geometry": {"type": "Polygon", "coordinates": [[[-87.576592, 41.667313], [-87.570586, 41.667343], [-87.570626, 41.671846], [-87.576632, 41.671816], [-87.576592, 41.667313]]]}, "properties": {"sq": "904_9226", "crime_n": 2, "crime_night_n": 0, "nta": "South Deering", "boro": "Chicago"}}, {"type": "Feature", "geometry": {"type": "Polygon", "coordinates": [[[-87.576632, 41.671816], [-87.570626, 41.671846], [-87.570666, 41.67635], [-87.576672, 41.67632], [-87.576632, 41.671816]]]}, "properties": {"sq": "904_9227", "crime_n": 3, "crime_night_n": 1, "nta": "South Deering", "boro": "Chicago"}}, {"type": "Feature", "geometry": {"type": "Polygon", "coordinates": [[[-87.576672, 41.67632], [-87.570666, 41.67635], [-87.570706, 41.680853], [-87.576713, 41.680823], [-87.576672, 41.67632]]]}, "properties": {"sq": "904_9228", "crime_n": 0, "crime_night_n": 0, "nta": "South Deering", "boro": "Chicago"}}, {"type": "Feature", "geometry": {"type": "Polygon", "coordinates": [[[-87.576713, 41.680823], [-87.570706, 41.680853], [-87.570745, 41.685356], [-87.576753, 41.685326], [-87.576713, 41.680823]]]}, "properties": {"sq": "904_9229", "crime_n": 0, "crime_night_n": 0, "nta": "South Deering", "boro": "Chicago"}}, {"type": "Feature", "geometry": {"type": "Polygon", "coordinates": [[[-87.576753, 41.685326], [-87.570745, 41.685356], [-87.570785, 41.68986], [-87.576793, 41.68983], [-87.576753, 41.685326]]]}, "properties": {"sq": "904_9230", "crime_n": 0, "crime_night_n": 0, "nta": "South Deering", "boro": "Chicago"}}, {"type": "Feature", "geometry": {"type": "Polygon", "coordinates": [[[-87.576793, 41.68983], [-87.570785, 41.68986], [-87.570825, 41.694363], [-87.576833, 41.694333], [-87.576793, 41.68983]]]}, "properties": {"sq": "904_9231", "crime_n": 0, "crime_night_n": 0, "nta": "South Deering", "boro": "Chicago"}}, {"type": "Feature", "geometry": {"type": "Polygon", "coordinates": [[[-87.576833, 41.694333], [-87.570825, 41.694363], [-87.570865, 41.698866], [-87.576874, 41.698836], [-87.576833, 41.694333]]]}, "properties": {"sq": "904_9232", "crime_n": 0, "crime_night_n": 0, "nta": "South Deering", "boro": "Chicago"}}, {"type": "Feature", "geometry": {"type": "Polygon", "coordinates": [[[-87.576874, 41.698836], [-87.570865, 41.698866], [-87.570905, 41.70337], [-87.576914, 41.70334], [-87.576874, 41.698836]]]}, "properties": {"sq": "904_9233", "crime_n": 0, "crime_night_n": 0, "nta": "South Deering", "boro": "Chicago"}}, {"type": "Feature", "geometry": {"type": "Polygon", "coordinates": [[[-87.576914, 41.70334], [-87.570905, 41.70337], [-87.570944, 41.707873], [-87.576954, 41.707843], [-87.576914, 41.70334]]]}, "properties": {"sq": "904_9234", "crime_n": 0, "crime_night_n": 0, "nta": "South Deering", "boro": "Chicago"}}, {"type": "Feature", "geometry": {"type": "Polygon", "coordinates": [[[-87.576954, 41.707843], [-87.570944, 41.707873], [-87.570984, 41.712376], [-87.576994, 41.712346], [-87.576954, 41.707843]]]}, "properties": {"sq": "904_9235", "crime_n": 0, "crime_night_n": 0, "nta": "South Deering", "boro": "Chicago"}}, {"type": "Feature", "geometry": {"type": "Polygon", "coordinates": [[[-87.576994, 41.712346], [-87.570984, 41.712376], [-87.571024, 41.71688], [-87.577035, 41.71685], [-87.576994, 41.712346]]]}, "properties": {"sq": "904_9236", "crime_n": 10, "crime_night_n": 2, "nta": "South Deering", "boro": "Chicago"}}, {"type": "Feature", "geometry": {"type": "Polygon", "coordinates": [[[-87.577035, 41.71685], [-87.571024, 41.71688], [-87.571064, 41.721383], [-87.577075, 41.721353], [-87.577035, 41.71685]]]}, "properties": {"sq": "904_9237", "crime_n": 18, "crime_night_n": 7, "nta": "South Deering", "boro": "Chicago"}}, {"type": "Feature", "geometry": {"type": "Polygon", "coordinates": [[[-87.577075, 41.721353], [-87.571064, 41.721383], [-87.571104, 41.725886], [-87.577115, 41.725856], [-87.577075, 41.721353]]]}, "properties": {"sq": "904_9238", "crime_n": 53, "crime_night_n": 20, "nta": "South Deering", "boro": "Chicago"}}, {"type": "Feature", "geometry": {"type": "Polygon", "coordinates": [[[-87.577115, 41.725856], [-87.571104, 41.725886], [-87.571144, 41.73039], [-87.577156, 41.73036], [-87.577115, 41.725856]]]}, "properties": {"sq": "904_9239", "crime_n": 21, "crime_night_n": 7, "nta": "Calumet Heights", "boro": "Chicago"}}, {"type": "Feature", "geometry": {"type": "Polygon", "coordinates": [[[-87.577156, 41.73036], [-87.571144, 41.73039], [-87.571184, 41.734893], [-87.577196, 41.734863], [-87.577156, 41.73036]]]}, "properties": {"sq": "904_9240", "crime_n": 29, "crime_night_n": 14, "nta": "Calumet Heights", "boro": "Chicago"}}, {"type": "Feature", "geometry": {"type": "Polygon", "coordinates": [[[-87.577196, 41.734863], [-87.571184, 41.734893], [-87.571224, 41.739396], [-87.577236, 41.739366], [-87.577196, 41.734863]]]}, "properties": {"sq": "904_9241", "crime_n": 45, "crime_night_n": 8, "nta": "Calumet Heights", "boro": "Chicago"}}, {"type": "Feature", "geometry": {"type": "Polygon", "coordinates": [[[-87.577236, 41.739366], [-87.571224, 41.739396], [-87.571263, 41.7439], [-87.577276, 41.74387], [-87.577236, 41.739366]]]}, "properties": {"sq": "904_9242", "crime_n": 7, "crime_night_n": 4, "nta": "Avalon Park", "boro": "Chicago"}}, {"type": "Feature", "geometry": {"type": "Polygon", "coordinates": [[[-87.577276, 41.74387], [-87.571263, 41.7439], [-87.571303, 41.748403], [-87.577317, 41.748373], [-87.577276, 41.74387]]]}, "properties": {"sq": "904_9243", "crime_n": 34, "crime_night_n": 13, "nta": "South Chicago", "boro": "Chicago"}}, {"type": "Feature", "geometry": {"type": "Polygon", "coordinates": [[[-87.577317, 41.748373], [-87.571303, 41.748403], [-87.571343, 41.752906], [-87.577357, 41.752876], [-87.577317, 41.748373]]]}, "properties": {"sq": "904_9244", "crime_n": 72, "crime_night_n": 19, "nta": "South Chicago", "boro": "Chicago"}}, {"type": "Feature", "geometry": {"type": "Polygon", "coordinates": [[[-87.577357, 41.752876], [-87.571343, 41.752906], [-87.571383, 41.75741], [-87.577398, 41.75738], [-87.577357, 41.752876]]]}, "properties": {"sq": "904_9245", "crime_n": 42, "crime_night_n": 20, "nta": "South Shore", "boro": "Chicago"}}, {"type": "Feature", "geometry": {"type": "Polygon", "coordinates": [[[-87.577398, 41.75738], [-87.571383, 41.75741], [-87.571423, 41.761913], [-87.577438, 41.761883], [-87.577398, 41.75738]]]}, "properties": {"sq": "904_9246", "crime_n": 47, "crime_night_n": 12, "nta": "South Shore", "boro": "Chicago"}}, {"type": "Feature", "geometry": {"type": "Polygon", "coordinates": [[[-87.577438, 41.761883], [-87.571423, 41.761913], [-87.571463, 41.766416], [-87.577478, 41.766386], [-87.577438, 41.761883]]]}, "properties": {"sq": "904_9247", "crime_n": 235, "crime_night_n": 85, "nta": "South Shore", "boro": "Chicago"}}, {"type": "Feature", "geometry": {"type": "Polygon", "coordinates": [[[-87.577478, 41.766386], [-87.571463, 41.766416], [-87.571503, 41.770919], [-87.577519, 41.770889], [-87.577478, 41.766386]]]}, "properties": {"sq": "904_9248", "crime_n": 115, "crime_night_n": 51, "nta": "South Shore", "boro": "Chicago"}}, {"type": "Feature", "geometry": {"type": "Polygon", "coordinates": [[[-87.577519, 41.770889], [-87.571503, 41.770919], [-87.571543, 41.775423], [-87.577559, 41.775393], [-87.577519, 41.770889]]]}, "properties": {"sq": "904_9249", "crime_n": 128, "crime_night_n": 53, "nta": "South Shore", "boro": "Chicago"}}, {"type": "Feature", "geometry": {"type": "Polygon", "coordinates": [[[-87.577559, 41.775393], [-87.571543, 41.775423], [-87.571583, 41.779926], [-87.577599, 41.779896], [-87.577559, 41.775393]]]}, "properties": {"sq": "904_9250", "crime_n": 6, "crime_night_n": 3, "nta": "Woodlawn", "boro": "Chicago"}}, {"type": "Feature", "geometry": {"type": "Polygon", "coordinates": [[[-87.577599, 41.779896], [-87.571583, 41.779926], [-87.571623, 41.784429], [-87.57764, 41.784399], [-87.577599, 41.779896]]]}, "properties": {"sq": "904_9251", "crime_n": 28, "crime_night_n": 8, "nta": "Woodlawn", "boro": "Chicago"}}, {"type": "Feature", "geometry": {"type": "Polygon", "coordinates": [[[-87.57764, 41.784399], [-87.571623, 41.784429], [-87.571663, 41.788933], [-87.57768, 41.788903], [-87.57764, 41.784399]]]}, "properties": {"sq": "904_9252", "crime_n": 1, "crime_night_n": 0, "nta": "Hyde Park", "boro": "Chicago"}}, {"type": "Feature", "geometry": {"type": "Polygon", "coordinates": [[[-87.57768, 41.788903], [-87.571663, 41.788933], [-87.571703, 41.793436], [-87.577721, 41.793406], [-87.57768, 41.788903]]]}, "properties": {"sq": "904_9253", "crime_n": 0, "crime_night_n": 0, "nta": "Hyde Park", "boro": "Chicago"}}, {"type": "Feature", "geometry": {"type": "Polygon", "coordinates": [[[-87.577721, 41.793406], [-87.571703, 41.793436], [-87.571743, 41.797939], [-87.577761, 41.797909], [-87.577721, 41.793406]]]}, "properties": {"sq": "904_9254", "crime_n": 0, "crime_night_n": 0, "nta": "Hyde Park", "boro": "Chicago"}}, {"type": "Feature", "geometry": {"type": "Polygon", "coordinates": [[[-87.570348, 41.640323], [-87.564344, 41.640352], [-87.564384, 41.644856], [-87.570387, 41.644826], [-87.570348, 41.640323]]]}, "properties": {"sq": "905_9220", "crime_n": 0, "crime_night_n": 0, "nta": "Hegewisch", "boro": "Chicago"}}, {"type": "Feature", "geometry": {"type": "Polygon", "coordinates": [[[-87.570387, 41.644826], [-87.564384, 41.644856], [-87.564423, 41.649359], [-87.570427, 41.649329], [-87.570387, 41.644826]]]}, "properties": {"sq": "905_9221", "crime_n": 0, "crime_night_n": 0, "nta": "Hegewisch", "boro": "Chicago"}}, {"type": "Feature", "geometry": {"type": "Polygon", "coordinates": [[[-87.570427, 41.649329], [-87.564423, 41.649359], [-87.564462, 41.653862], [-87.570467, 41.653833], [-87.570427, 41.649329]]]}, "properties": {"sq": "905_9222", "crime_n": 0, "crime_night_n": 0, "nta": "Hegewisch", "boro": "Chicago"}}, {"type": "Feature", "geometry": {"type": "Polygon", "coordinates": [[[-87.570467, 41.653833], [-87.564462, 41.653862], [-87.564502, 41.658366], [-87.570507, 41.658336], [-87.570467, 41.653833]]]}, "properties": {"sq": "905_9223", "crime_n": 0, "crime_night_n": 0, "nta": "Hegewisch", "boro": "Chicago"}}, {"type": "Feature", "geometry": {"type": "Polygon", "coordinates": [[[-87.570507, 41.658336], [-87.564502, 41.658366], [-87.564541, 41.662869], [-87.570546, 41.66284], [-87.570507, 41.658336]]]}, "properties": {"sq": "905_9224", "crime_n": 0, "crime_night_n": 0, "nta": "South Deering", "boro": "Chicago"}}, {"type": "Feature", "geometry": {"type": "Polygon", "coordinates": [[[-87.570546, 41.66284], [-87.564541, 41.662869], [-87.56458, 41.667373], [-87.570586, 41.667343], [-87.570546, 41.66284]]]}, "properties": {"sq": "905_9225", "crime_n": 0, "crime_night_n": 0, "nta": "South Deering", "boro": "Chicago"}}, {"type": "Feature", "geometry": {"type": "Polygon", "coordinates": [[[-87.570586, 41.667343], [-87.56458, 41.667373], [-87.56462, 41.671876], [-87.570626, 41.671846], [-87.570586, 41.667343]]]}, "properties": {"sq": "905_9226", "crime_n": 0, "crime_night_n": 0, "nta": "South Deering", "boro": "Chicago"}}, {"type": "Feature", "geometry": {"type": "Polygon", "coordinates": [[[-87.570626, 41.671846], [-87.56462, 41.671876], [-87.564659, 41.676379], [-87.570666, 41.67635], [-87.570626, 41.671846]]]}, "properties": {"sq": "905_9227", "crime_n": 0, "crime_night_n": 0, "nta": "South Deering", "boro": "Chicago"}}, {"type": "Feature", "geometry": {"type": "Polygon", "coordinates": [[[-87.570666, 41.67635], [-87.564659, 41.676379], [-87.564698, 41.680883], [-87.570706, 41.680853], [-87.570666, 41.67635]]]}, "properties": {"sq": "905_9228", "crime_n": 0, "crime_night_n": 0, "nta": "South Deering", "boro": "Chicago"}}, {"type": "Feature", "geometry": {"type": "Polygon", "coordinates": [[[-87.570706, 41.680853], [-87.564698, 41.680883], [-87.564738, 41.685386], [-87.570745, 41.685356], [-87.570706, 41.680853]]]}, "properties": {"sq": "905_9229", "crime_n": 0, "crime_night_n": 0, "nta": "South Deering", "boro": "Chicago"}}, {"type": "Feature", "geometry": {"type": "Polygon", "coordinates": [[[-87.570745, 41.685356], [-87.564738, 41.685386], [-87.564777, 41.689889], [-87.570785, 41.68986], [-87.570745, 41.685356]]]}, "properties": {"sq": "905_9230", "crime_n": 0, "crime_night_n": 0, "nta": "South Deering", "boro": "Chicago"}}, {"type": "Feature", "geometry": {"type": "Polygon", "coordinates": [[[-87.570785, 41.68986], [-87.564777, 41.689889], [-87.564817, 41.694393], [-87.570825, 41.694363], [-87.570785, 41.68986]]]}, "properties": {"sq": "905_9231", "crime_n": 0, "crime_night_n": 0, "nta": "South Deering", "boro": "Chicago"}}, {"type": "Feature", "geometry": {"type": "Polygon", "coordinates": [[[-87.570825, 41.694363], [-87.564817, 41.694393], [-87.564856, 41.698896], [-87.570865, 41.698866], [-87.570825, 41.694363]]]}, "properties": {"sq": "905_9232", "crime_n": 0, "crime_night_n": 0, "nta": "South Deering", "boro": "Chicago"}}, {"type": "Feature", "geometry": {"type": "Polygon", "coordinates": [[[-87.570865, 41.698866], [-87.564856, 41.698896], [-87.564895, 41.703399], [-87.570905, 41.70337], [-87.570865, 41.698866]]]}, "properties": {"sq": "905_9233", "crime_n": 12, "crime_night_n": 4, "nta": "South Deering", "boro": "Chicago"}}, {"type": "Feature", "geometry": {"type": "Polygon", "coordinates": [[[-87.570905, 41.70337], [-87.564895, 41.703399], [-87.564935, 41.707903], [-87.570944, 41.707873], [-87.570905, 41.70337]]]}, "properties": {"sq": "905_9234", "crime_n": 29, "crime_night_n": 7, "nta": "South Deering", "boro": "Chicago"}}, {"type": "Feature", "geometry": {"type": "Polygon", "coordinates": [[[-87.570944, 41.707873], [-87.564935, 41.707903], [-87.564974, 41.712406], [-87.570984, 41.712376], [-87.570944, 41.707873]]]}, "properties": {"sq": "905_9235", "crime_n": 25, "crime_night_n": 8, "nta": "South Deering", "boro": "Chicago"}}, {"type": "Feature", "geometry": {"type": "Polygon", "coordinates": [[[-87.570984, 41.712376], [-87.564974, 41.712406], [-87.565014, 41.716909], [-87.571024, 41.71688], [-87.570984, 41.712376]]]}, "properties": {"sq": "905_9236", "crime_n": 38, "crime_night_n": 11, "nta": "South Deering", "boro": "Chicago"}}, {"type": "Feature", "geometry": {"type": "Polygon", "coordinates": [[[-87.571024, 41.71688], [-87.565014, 41.716909], [-87.565053, 41.721413], [-87.571064, 41.721383], [-87.571024, 41.71688]]]}, "properties": {"sq": "905_9237", "crime_n": 33, "crime_night_n": 15, "nta": "South Deering", "boro": "Chicago"}}, {"type": "Feature", "geometry": {"type": "Polygon", "coordinates": [[[-87.571064, 41.721383], [-87.565053, 41.721413], [-87.565093, 41.725916], [-87.571104, 41.725886], [-87.571064, 41.721383]]]}, "properties": {"sq": "905_9238", "crime_n": 21, "crime_night_n": 5, "nta": "Calumet Heights", "boro": "Chicago"}}, {"type": "Feature", "geometry": {"type": "Polygon", "coordinates": [[[-87.571104, 41.725886], [-87.565093, 41.725916], [-87.565132, 41.730419], [-87.571144, 41.73039], [-87.571104, 41.725886]]]}, "properties": {"sq": "905_9239", "crime_n": 24, "crime_night_n": 13, "nta": "Calumet Heights", "boro": "Chicago"}}, {"type": "Feature", "geometry": {"type": "Polygon", "coordinates": [[[-87.571144, 41.73039], [-87.565132, 41.730419], [-87.565171, 41.734923], [-87.571184, 41.734893], [-87.571144, 41.73039]]]}, "properties": {"sq": "905_9240", "crime_n": 18, "crime_night_n": 3, "nta": "Calumet Heights", "boro": "Chicago"}}, {"type": "Feature", "geometry": {"type": "Polygon", "coordinates": [[[-87.571184, 41.734893], [-87.565171, 41.734923], [-87.565211, 41.739426], [-87.571224, 41.739396], [-87.571184, 41.734893]]]}, "properties": {"sq": "905_9241", "crime_n": 15, "crime_night_n": 4, "nta": "Calumet Heights", "boro": "Chicago"}}, {"type": "Feature", "geometry": {"type": "Polygon", "coordinates": [[[-87.571224, 41.739396], [-87.565211, 41.739426], [-87.56525, 41.743929], [-87.571263, 41.7439], [-87.571224, 41.739396]]]}, "properties": {"sq": "905_9242", "crime_n": 15, "crime_night_n": 6, "nta": "South Chicago", "boro": "Chicago"}}, {"type": "Feature", "geometry": {"type": "Polygon", "coordinates": [[[-87.571263, 41.7439], [-87.56525, 41.743929], [-87.56529, 41.748433], [-87.571303, 41.748403], [-87.571263, 41.7439]]]}, "properties": {"sq": "905_9243", "crime_n": 20, "crime_night_n": 8, "nta": "South Chicago", "boro": "Chicago"}}, {"type": "Feature", "geometry": {"type": "Polygon", "coordinates": [[[-87.571303, 41.748403], [-87.56529, 41.748433], [-87.565329, 41.752936], [-87.571343, 41.752906], [-87.571303, 41.748403]]]}, "properties": {"sq": "905_9244", "crime_n": 90, "crime_night_n": 34, "nta": "South Chicago", "boro": "Chicago"}}, {"type": "Feature", "geometry": {"type": "Polygon", "coordinates": [[[-87.571343, 41.752906], [-87.565329, 41.752936], [-87.565369, 41.757439], [-87.571383, 41.75741], [-87.571343, 41.752906]]]}, "properties": {"sq": "905_9245", "crime_n": 53, "crime_night_n": 19, "nta": "South Shore", "boro": "Chicago"}}, {"type": "Feature", "geometry": {"type": "Polygon", "coordinates": [[[-87.571383, 41.75741], [-87.565369, 41.757439], [-87.565409, 41.761943], [-87.571423, 41.761913], [-87.571383, 41.75741]]]}, "properties": {"sq": "905_9246", "crime_n": 60, "crime_night_n": 27, "nta": "South Shore", "boro": "Chicago"}}, {"type": "Feature", "geometry": {"type": "Polygon", "coordinates": [[[-87.571423, 41.761913], [-87.565409, 41.761943], [-87.565448, 41.766446], [-87.571463, 41.766416], [-87.571423, 41.761913]]]}, "properties": {"sq": "905_9247", "crime_n": 73, "crime_night_n": 28, "nta": "South Shore", "boro": "Chicago"}}, {"type": "Feature", "geometry": {"type": "Polygon", "coordinates": [[[-87.571463, 41.766416], [-87.565448, 41.766446], [-87.565488, 41.770949], [-87.571503, 41.770919], [-87.571463, 41.766416]]]}, "properties": {"sq": "905_9248", "crime_n": 111, "crime_night_n": 42, "nta": "South Shore", "boro": "Chicago"}}, {"type": "Feature", "geometry": {"type": "Polygon", "coordinates": [[[-87.571503, 41.770919], [-87.565488, 41.770949], [-87.565527, 41.775453], [-87.571543, 41.775423], [-87.571503, 41.770919]]]}, "properties": {"sq": "905_9249", "crime_n": 39, "crime_night_n": 16, "nta": "South Shore", "boro": "Chicago"}}, {"type": "Feature", "geometry": {"type": "Polygon", "coordinates": [[[-87.571543, 41.775423], [-87.565527, 41.775453], [-87.565567, 41.779956], [-87.571583, 41.779926], [-87.571543, 41.775423]]]}, "properties": {"sq": "905_9250", "crime_n": 9, "crime_night_n": 4, "nta": "Woodlawn", "boro": "Chicago"}}, {"type": "Feature", "geometry": {"type": "Polygon", "coordinates": [[[-87.571583, 41.779926], [-87.565567, 41.779956], [-87.565606, 41.784459], [-87.571623, 41.784429], [-87.571583, 41.779926]]]}, "properties": {"sq": "905_9251", "crime_n": 0, "crime_night_n": 0, "nta": "Woodlawn", "boro": "Chicago"}}, {"type": "Feature", "geometry": {"type": "Polygon", "coordinates": [[[-87.571623, 41.784429], [-87.565606, 41.784459], [-87.565646, 41.788962], [-87.571663, 41.788933], [-87.571623, 41.784429]]]}, "properties": {"sq": "905_9252", "crime_n": 0, "crime_night_n": 0, "nta": "Woodlawn", "boro": "Chicago"}}, {"type": "Feature", "geometry": {"type": "Polygon", "coordinates": [[[-87.564344, 41.640352], [-87.558341, 41.640382], [-87.55838, 41.644885], [-87.564384, 41.644856], [-87.564344, 41.640352]]]}, "properties": {"sq": "906_9220", "crime_n": 0, "crime_night_n": 0, "nta": "Hegewisch", "boro": "Chicago"}}, {"type": "Feature", "geometry": {"type": "Polygon", "coordinates": [[[-87.564384, 41.644856], [-87.55838, 41.644885], [-87.558419, 41.649388], [-87.564423, 41.649359], [-87.564384, 41.644856]]]}, "properties": {"sq": "906_9221", "crime_n": 3, "crime_night_n": 2, "nta": "Hegewisch", "boro": "Chicago"}}, {"type": "Feature", "geometry": {"type": "Polygon", "coordinates": [[[-87.564423, 41.649359], [-87.558419, 41.649388], [-87.558458, 41.653892], [-87.564462, 41.653862], [-87.564423, 41.649359]]]}, "properties": {"sq": "906_9222", "crime_n": 2, "crime_night_n": 0, "nta": "Hegewisch", "boro": "Chicago"}}, {"type": "Feature", "geometry": {"type": "Polygon", "coordinates": [[[-87.564462, 41.653862], [-87.558458, 41.653892], [-87.558497, 41.658395], [-87.564502, 41.658366], [-87.564462, 41.653862]]]}, "properties": {"sq": "906_9223", "crime_n": 1, "crime_night_n": 0, "nta": "Hegewisch", "boro": "Chicago"}}, {"type": "Feature", "geometry": {"type": "Polygon", "coordinates": [[[-87.564502, 41.658366], [-87.558497, 41.658395], [-87.558535, 41.662899], [-87.564541, 41.662869], [-87.564502, 41.658366]]]}, "properties": {"sq": "906_9224", "crime_n": 10, "crime_night_n": 5, "nta": "Hegewisch", "boro": "Chicago"}}, {"type": "Feature", "geometry": {"type": "Polygon", "coordinates": [[[-87.564541, 41.662869], [-87.558535, 41.662899], [-87.558574, 41.667402], [-87.56458, 41.667373], [-87.564541, 41.662869]]]}, "properties": {"sq": "906_9225", "crime_n": 7, "crime_night_n": 1, "nta": "Hegewisch", "boro": "Chicago"}}, {"type": "Feature", "geometry": {"type": "Polygon", "coordinates": [[[-87.56458, 41.667373], [-87.558574, 41.667402], [-87.558613, 41.671905], [-87.56462, 41.671876], [-87.56458, 41.667373]]]}, "properties": {"sq": "906_9226", "crime_n": 0, "crime_night_n": 0, "nta": "South Deering", "boro": "Chicago"}}, {"type": "Feature", "geometry": {"type": "Polygon", "coordinates": [[[-87.56462, 41.671876], [-87.558613, 41.671905], [-87.558652, 41.676409], [-87.564659, 41.676379], [-87.56462, 41.671876]]]}, "properties": {"sq": "906_9227", "crime_n": 2, "crime_night_n": 2, "nta": "South Deering", "boro": "Chicago"}}, {"type": "Feature", "geometry": {"type": "Polygon", "coordinates": [[[-87.564659, 41.676379], [-87.558652, 41.676409], [-87.558691, 41.680912], [-87.564698, 41.680883], [-87.564659, 41.676379]]]}, "properties": {"sq": "906_9228", "crime_n": 0, "crime_night_n": 0, "nta": "South Deering", "boro": "Chicago"}}, {"type": "Feature", "geometry": {"type": "Polygon", "coordinates": [[[-87.564698, 41.680883], [-87.558691, 41.680912], [-87.55873, 41.685415], [-87.564738, 41.685386], [-87.564698, 41.680883]]]}, "properties": {"sq": "906_9229", "crime_n": 1, "crime_night_n": 0, "nta": "South Deering", "boro": "Chicago"}}, {"type": "Feature", "geometry": {"type": "Polygon", "coordinates": [[[-87.564738, 41.685386], [-87.55873, 41.685415], [-87.558769, 41.689919], [-87.564777, 41.689889], [-87.564738, 41.685386]]]}, "properties": {"sq": "906_9230", "crime_n": 0, "crime_night_n": 0, "nta": "South Deering", "boro": "Chicago"}}, {"type": "Feature", "geometry": {"type": "Polygon", "coordinates": [[[-87.564777, 41.689889], [-87.558769, 41.689919], [-87.558808, 41.694422], [-87.564817, 41.694393], [-87.564777, 41.689889]]]}, "properties": {"sq": "906_9231", "crime_n": 0, "crime_night_n": 0, "nta": "South Deering", "boro": "Chicago"}}, {"type": "Feature", "geometry": {"type": "Polygon", "coordinates": [[[-87.564817, 41.694393], [-87.558808, 41.694422], [-87.558847, 41.698925], [-87.564856, 41.698896], [-87.564817, 41.694393]]]}, "properties": {"sq": "906_9232", "crime_n": 5, "crime_night_n": 0, "nta": "South Deering", "boro": "Chicago"}}, {"type": "Feature", "geometry": {"type": "Polygon", "coordinates": [[[-87.564856, 41.698896], [-87.558847, 41.698925], [-87.558886, 41.703429], [-87.564895, 41.703399], [-87.564856, 41.698896]]]}, "properties": {"sq": "906_9233", "crime_n": 56, "crime_night_n": 22, "nta": "South Deering", "boro": "Chicago"}}, {"type": "Feature", "geometry": {"type": "Polygon", "coordinates": [[[-87.564895, 41.703399], [-87.558886, 41.703429], [-87.558925, 41.707932], [-87.564935, 41.707903], [-87.564895, 41.703399]]]}, "properties": {"sq": "906_9234", "crime_n": 45, "crime_night_n": 12, "nta": "South Deering", "boro": "Chicago"}}, {"type": "Feature", "geometry": {"type": "Polygon", "coordinates": [[[-87.564935, 41.707903], [-87.558925, 41.707932], [-87.558964, 41.712436], [-87.564974, 41.712406], [-87.564935, 41.707903]]]}, "properties": {"sq": "906_9235", "crime_n": 16, "crime_night_n": 7, "nta": "South Deering", "boro": "Chicago"}}, {"type": "Feature", "geometry": {"type": "Polygon", "coordinates": [[[-87.564974, 41.712406], [-87.558964, 41.712436], [-87.559003, 41.716939], [-87.565014, 41.716909], [-87.564974, 41.712406]]]}, "properties": {"sq": "906_9236", "crime_n": 26, "crime_night_n": 7, "nta": "South Deering", "boro": "Chicago"}}, {"type": "Feature", "geometry": {"type": "Polygon", "coordinates": [[[-87.565014, 41.716909], [-87.559003, 41.716939], [-87.559042, 41.721442], [-87.565053, 41.721413], [-87.565014, 41.716909]]]}, "properties": {"sq": "906_9237", "crime_n": 15, "crime_night_n": 2, "nta": "South Deering", "boro": "Chicago"}}, {"type": "Feature", "geometry": {"type": "Polygon", "coordinates": [[[-87.565053, 41.721413], [-87.559042, 41.721442], [-87.559081, 41.725946], [-87.565093, 41.725916], [-87.565053, 41.721413]]]}, "properties": {"sq": "906_9238", "crime_n": 10, "crime_night_n": 3, "nta": "South Deering", "boro": "Chicago"}}, {"type": "Feature", "geometry": {"type": "Polygon", "coordinates": [[[-87.565093, 41.725916], [-87.559081, 41.725946], [-87.55912, 41.730449], [-87.565132, 41.730419], [-87.565093, 41.725916]]]}, "properties": {"sq": "906_9239", "crime_n": 28, "crime_night_n": 11, "nta": "Calumet Heights", "boro": "Chicago"}}, {"type": "Feature", "geometry": {"type": "Polygon", "coordinates": [[[-87.565132, 41.730419], [-87.55912, 41.730449], [-87.559159, 41.734952], [-87.565171, 41.734923], [-87.565132, 41.730419]]]}, "properties": {"sq": "906_9240", "crime_n": 23, "crime_night_n": 7, "nta": "Calumet Heights", "boro": "Chicago"}}, {"type": "Feature", "geometry": {"type": "Polygon", "coordinates": [[[-87.565171, 41.734923], [-87.559159, 41.734952], [-87.559198, 41.739456], [-87.565211, 41.739426], [-87.565171, 41.734923]]]}, "properties": {"sq": "906_9241", "crime_n": 37, "crime_night_n": 16, "nta": "South Chicago", "boro": "Chicago"}}, {"type": "Feature", "geometry": {"type": "Polygon", "coordinates": [[[-87.565211, 41.739426], [-87.559198, 41.739456], [-87.559237, 41.743959], [-87.56525, 41.743929], [-87.565211, 41.739426]]]}, "properties": {"sq": "906_9242", "crime_n": 40, "crime_night_n": 14, "nta": "South Chicago", "boro": "Chicago"}}, {"type": "Feature", "geometry": {"type": "Polygon", "coordinates": [[[-87.56525, 41.743929], [-87.559237, 41.743959], [-87.559277, 41.748462], [-87.56529, 41.748433], [-87.56525, 41.743929]]]}, "properties": {"sq": "906_9243", "crime_n": 50, "crime_night_n": 19, "nta": "South Chicago", "boro": "Chicago"}}, {"type": "Feature", "geometry": {"type": "Polygon", "coordinates": [[[-87.56529, 41.748433], [-87.559277, 41.748462], [-87.559316, 41.752965], [-87.565329, 41.752936], [-87.56529, 41.748433]]]}, "properties": {"sq": "906_9244", "crime_n": 126, "crime_night_n": 36, "nta": "South Chicago", "boro": "Chicago"}}, {"type": "Feature", "geometry": {"type": "Polygon", "coordinates": [[[-87.565329, 41.752936], [-87.559316, 41.752965], [-87.559355, 41.757469], [-87.565369, 41.757439], [-87.565329, 41.752936]]]}, "properties": {"sq": "906_9245", "crime_n": 181, "crime_night_n": 63, "nta": "South Shore", "boro": "Chicago"}}, {"type": "Feature", "geometry": {"type": "Polygon", "coordinates": [[[-87.565369, 41.757439], [-87.559355, 41.757469], [-87.559394, 41.761972], [-87.565409, 41.761943], [-87.565369, 41.757439]]]}, "properties": {"sq": "906_9246", "crime_n": 148, "crime_night_n": 54, "nta": "South Shore", "boro": "Chicago"}}, {"type": "Feature", "geometry": {"type": "Polygon", "coordinates": [[[-87.565409, 41.761943], [-87.559394, 41.761972], [-87.559433, 41.766475], [-87.565448, 41.766446], [-87.565409, 41.761943]]]}, "properties": {"sq": "906_9247", "crime_n": 87, "crime_night_n": 41, "nta": "South Shore", "boro": "Chicago"}}, {"type": "Feature", "geometry": {"type": "Polygon", "coordinates": [[[-87.565448, 41.766446], [-87.559433, 41.766475], [-87.559472, 41.770979], [-87.565488, 41.770949], [-87.565448, 41.766446]]]}, "properties": {"sq": "906_9248", "crime_n": 0, "crime_night_n": 0, "nta": "South Shore", "boro": "Chicago"}}, {"type": "Feature", "geometry": {"type": "Polygon", "coordinates": [[[-87.565488, 41.770949], [-87.559472, 41.770979], [-87.559511, 41.775482], [-87.565527, 41.775453], [-87.565488, 41.770949]]]}, "properties": {"sq": "906_9249", "crime_n": 0, "crime_night_n": 0, "nta": "South Shore", "boro": "Chicago"}}, {"type": "Feature", "geometry": {"type": "Polygon", "coordinates": [[[-87.558341, 41.640382], [-87.552338, 41.640411], [-87.552376, 41.644914], [-87.55838, 41.644885], [-87.558341, 41.640382]]]}, "properties": {"sq": "907_9220", "crime_n": 0, "crime_night_n": 0, "nta": "Hegewisch", "boro": "Chicago"}}, {"type": "Feature", "geometry": {"type": "Polygon", "coordinates": [[[-87.55838, 41.644885], [-87.552376, 41.644914], [-87.552415, 41.649417], [-87.558419, 41.649388], [-87.55838, 41.644885]]]}, "properties": {"sq": "907_9221", "crime_n": 0, "crime_night_n": 0, "nta": "Hegewisch", "boro": "Chicago"}}, {"type": "Feature", "geometry": {"type": "Polygon", "coordinates": [[[-87.558419, 41.649388], [-87.552415, 41.649417], [-87.552453, 41.653921], [-87.558458, 41.653892], [-87.558419, 41.649388]]]}, "properties": {"sq": "907_9222", "crime_n": 0, "crime_night_n": 0, "nta": "Hegewisch", "boro": "Chicago"}}, {"type": "Feature", "geometry": {"type": "Polygon", "coordinates": [[[-87.558458, 41.653892], [-87.552453, 41.653921], [-87.552492, 41.658424], [-87.558497, 41.658395], [-87.558458, 41.653892]]]}, "properties": {"sq": "907_9223", "crime_n": 4, "crime_night_n": 2, "nta": "Hegewisch", "boro": "Chicago"}}, {"type": "Feature", "geometry": {"type": "Polygon", "coordinates": [[[-87.558497, 41.658395], [-87.552492, 41.658424], [-87.55253, 41.662928], [-87.558535, 41.662899], [-87.558497, 41.658395]]]}, "properties": {"sq": "907_9224", "crime_n": 10, "crime_night_n": 5, "nta": "Hegewisch", "boro": "Chicago"}}, {"type": "Feature", "geometry": {"type": "Polygon", "coordinates": [[[-87.558535, 41.662899], [-87.55253, 41.662928], [-87.552569, 41.667431], [-87.558574, 41.667402], [-87.558535, 41.662899]]]}, "properties": {"sq": "907_9225", "crime_n": 1, "crime_night_n": 1, "nta": "Hegewisch", "boro": "Chicago"}}, {"type": "Feature", "geometry": {"type": "Polygon", "coordinates": [[[-87.558574, 41.667402], [-87.552569, 41.667431], [-87.552607, 41.671934], [-87.558613, 41.671905], [-87.558574, 41.667402]]]}, "properties": {"sq": "907_9226", "crime_n": 0, "crime_night_n": 0, "nta": "South Deering", "boro": "Chicago"}}, {"type": "Feature", "geometry": {"type": "Polygon", "coordinates": [[[-87.558613, 41.671905], [-87.552607, 41.671934], [-87.552646, 41.676438], [-87.558652, 41.676409], [-87.558613, 41.671905]]]}, "properties": {"sq": "907_9227", "crime_n": 0, "crime_night_n": 0, "nta": "South Deering", "boro": "Chicago"}}, {"type": "Feature", "geometry": {"type": "Polygon", "coordinates": [[[-87.558652, 41.676409], [-87.552646, 41.676438], [-87.552684, 41.680941], [-87.558691, 41.680912], [-87.558652, 41.676409]]]}, "properties": {"sq": "907_9228", "crime_n": 0, "crime_night_n": 0, "nta": "South Deering", "boro": "Chicago"}}, {"type": "Feature", "geometry": {"type": "Polygon", "coordinates": [[[-87.558691, 41.680912], [-87.552684, 41.680941], [-87.552723, 41.685444], [-87.55873, 41.685415], [-87.558691, 41.680912]]]}, "properties": {"sq": "907_9229", "crime_n": 0, "crime_night_n": 0, "nta": "South Deering", "boro": "Chicago"}}, {"type": "Feature", "geometry": {"type": "Polygon", "coordinates": [[[-87.55873, 41.685415], [-87.552723, 41.685444], [-87.552761, 41.689948], [-87.558769, 41.689919], [-87.55873, 41.685415]]]}, "properties": {"sq": "907_9230", "crime_n": 0, "crime_night_n": 0, "nta": "South Deering", "boro": "Chicago"}}, {"type": "Feature", "geometry": {"type": "Polygon", "coordinates": [[[-87.558769, 41.689919], [-87.552761, 41.689948], [-87.5528, 41.694451], [-87.558808, 41.694422], [-87.558769, 41.689919]]]}, "properties": {"sq": "907_9231", "crime_n": 0, "crime_night_n": 0, "nta": "South Deering", "boro": "Chicago"}}, {"type": "Feature", "geometry": {"type": "Polygon", "coordinates": [[[-87.558808, 41.694422], [-87.5528, 41.694451], [-87.552838, 41.698955], [-87.558847, 41.698925], [-87.558808, 41.694422]]]}, "properties": {"sq": "907_9232", "crime_n": 0, "crime_night_n": 0, "nta": "South Deering", "boro": "Chicago"}}, {"type": "Feature", "geometry": {"type": "Polygon", "coordinates": [[[-87.558847, 41.698925], [-87.552838, 41.698955], [-87.552877, 41.703458], [-87.558886, 41.703429], [-87.558847, 41.698925]]]}, "properties": {"sq": "907_9233", "crime_n": 1, "crime_night_n": 1, "nta": "South Deering", "boro": "Chicago"}}, {"type": "Feature", "geometry": {"type": "Polygon", "coordinates": [[[-87.558886, 41.703429], [-87.552877, 41.703458], [-87.552915, 41.707961], [-87.558925, 41.707932], [-87.558886, 41.703429]]]}, "properties": {"sq": "907_9234", "crime_n": 3, "crime_night_n": 2, "nta": "South Deering", "boro": "Chicago"}}, {"type": "Feature", "geometry": {"type": "Polygon", "coordinates": [[[-87.558925, 41.707932], [-87.552915, 41.707961], [-87.552954, 41.712465], [-87.558964, 41.712436], [-87.558925, 41.707932]]]}, "properties": {"sq": "907_9235", "crime_n": 2, "crime_night_n": 0, "nta": "South Deering", "boro": "Chicago"}}, {"type": "Feature", "geometry": {"type": "Polygon", "coordinates": [[[-87.558964, 41.712436], [-87.552954, 41.712465], [-87.552993, 41.716968], [-87.559003, 41.716939], [-87.558964, 41.712436]]]}, "properties": {"sq": "907_9236", "crime_n": 4, "crime_night_n": 0, "nta": "South Deering", "boro": "Chicago"}}, {"type": "Feature", "geometry": {"type": "Polygon", "coordinates": [[[-87.559003, 41.716939], [-87.552993, 41.716968], [-87.553031, 41.721471], [-87.559042, 41.721442], [-87.559003, 41.716939]]]}, "properties": {"sq": "907_9237", "crime_n": 10, "crime_night_n": 2, "nta": "South Deering", "boro": "Chicago"}}, {"type": "Feature", "geometry": {"type": "Polygon", "coordinates": [[[-87.559042, 41.721442], [-87.553031, 41.721471], [-87.55307, 41.725975], [-87.559081, 41.725946], [-87.559042, 41.721442]]]}, "properties": {"sq": "907_9238", "crime_n": 12, "crime_night_n": 4, "nta": "Calumet Heights", "boro": "Chicago"}}, {"type": "Feature", "geometry": {"type": "Polygon", "coordinates": [[[-87.559081, 41.725946], [-87.55307, 41.725975], [-87.553108, 41.730478], [-87.55912, 41.730449], [-87.559081, 41.725946]]]}, "properties": {"sq": "907_9239", "crime_n": 33, "crime_night_n": 12, "nta": "Calumet Heights", "boro": "Chicago"}}, {"type": "Feature", "geometry": {"type": "Polygon", "coordinates": [[[-87.55912, 41.730449], [-87.553108, 41.730478], [-87.553147, 41.734981], [-87.559159, 41.734952], [-87.55912, 41.730449]]]}, "properties": {"sq": "907_9240", "crime_n": 62, "crime_night_n": 13, "nta": "South Chicago", "boro": "Chicago"}}, {"type": "Feature", "geometry": {"type": "Polygon", "coordinates": [[[-87.559159, 41.734952], [-87.553147, 41.734981], [-87.553186, 41.739485], [-87.559198, 41.739456], [-87.559159, 41.734952]]]}, "properties": {"sq": "907_9241", "crime_n": 43, "crime_night_n": 19, "nta": "South Chicago", "boro": "Chicago"}}, {"type": "Feature", "geometry": {"type": "Polygon", "coordinates": [[[-87.559198, 41.739456], [-87.553186, 41.739485], [-87.553224, 41.743988], [-87.559237, 41.743959], [-87.559198, 41.739456]]]}, "properties": {"sq": "907_9242", "crime_n": 48, "crime_night_n": 25, "nta": "South Chicago", "boro": "Chicago"}}, {"type": "Feature", "geometry": {"type": "Polygon", "coordinates": [[[-87.559237, 41.743959], [-87.553224, 41.743988], [-87.553263, 41.748491], [-87.559277, 41.748462], [-87.559237, 41.743959]]]}, "properties": {"sq": "907_9243", "crime_n": 37, "crime_night_n": 12, "nta": "South Chicago", "boro": "Chicago"}}, {"type": "Feature", "geometry": {"type": "Polygon", "coordinates": [[[-87.559277, 41.748462], [-87.553263, 41.748491], [-87.553302, 41.752995], [-87.559316, 41.752965], [-87.559277, 41.748462]]]}, "properties": {"sq": "907_9244", "crime_n": 92, "crime_night_n": 29, "nta": "South Chicago", "boro": "Chicago"}}, {"type": "Feature", "geometry": {"type": "Polygon", "coordinates": [[[-87.559316, 41.752965], [-87.553302, 41.752995], [-87.55334, 41.757498], [-87.559355, 41.757469], [-87.559316, 41.752965]]]}, "properties": {"sq": "907_9245", "crime_n": 59, "crime_night_n": 20, "nta": "South Shore", "boro": "Chicago"}}, {"type": "Feature", "geometry": {"type": "Polygon", "coordinates": [[[-87.559355, 41.757469], [-87.55334, 41.757498], [-87.553379, 41.762001], [-87.559394, 41.761972], [-87.559355, 41.757469]]]}, "properties": {"sq": "907_9246", "crime_n": 73, "crime_night_n": 36, "nta": "South Shore", "boro": "Chicago"}}, {"type": "Feature", "geometry": {"type": "Polygon", "coordinates": [[[-87.559394, 41.761972], [-87.553379, 41.762001], [-87.553418, 41.766505], [-87.559433, 41.766475], [-87.559394, 41.761972]]]}, "properties": {"sq": "907_9247", "crime_n": 2, "crime_night_n": 1, "nta": "South Shore", "boro": "Chicago"}}, {"type": "Feature", "geometry": {"type": "Polygon", "coordinates": [[[-87.559433, 41.766475], [-87.553418, 41.766505], [-87.553457, 41.771008], [-87.559472, 41.770979], [-87.559433, 41.766475]]]}, "properties": {"sq": "907_9248", "crime_n": 0, "crime_night_n": 0, "nta": "South Shore", "boro": "Chicago"}}, {"type": "Feature", "geometry": {"type": "Polygon", "coordinates": [[[-87.552338, 41.640411], [-87.546334, 41.640439], [-87.546372, 41.644943], [-87.552376, 41.644914], [-87.552338, 41.640411]]]}, "properties": {"sq": "908_9220", "crime_n": 0, "crime_night_n": 0, "nta": "Hegewisch", "boro": "Chicago"}}, {"type": "Feature", "geometry": {"type": "Polygon", "coordinates": [[[-87.552376, 41.644914], [-87.546372, 41.644943], [-87.54641, 41.649446], [-87.552415, 41.649417], [-87.552376, 41.644914]]]}, "properties": {"sq": "908_9221", "crime_n": 0, "crime_night_n": 0, "nta": "Hegewisch", "boro": "Chicago"}}, {"type": "Feature", "geometry": {"type": "Polygon", "coordinates": [[[-87.552415, 41.649417], [-87.54641, 41.649446], [-87.546448, 41.653949], [-87.552453, 41.653921], [-87.552415, 41.649417]]]}, "properties": {"sq": "908_9222", "crime_n": 15, "crime_night_n": 3, "nta": "Hegewisch", "boro": "Chicago"}}, {"type": "Feature", "geometry": {"type": "Polygon", "coordinates": [[[-87.552453, 41.653921], [-87.546448, 41.653949], [-87.546486, 41.658453], [-87.552492, 41.658424], [-87.552453, 41.653921]]]}, "properties": {"sq": "908_9223", "crime_n": 13, "crime_night_n": 4, "nta": "Hegewisch", "boro": "Chicago"}}, {"type": "Feature", "geometry": {"type": "Polygon", "coordinates": [[[-87.552492, 41.658424], [-87.546486, 41.658453], [-87.546525, 41.662956], [-87.55253, 41.662928], [-87.552492, 41.658424]]]}, "properties": {"sq": "908_9224", "crime_n": 8, "crime_night_n": 0, "nta": "Hegewisch", "boro": "Chicago"}}, {"type": "Feature", "geometry": {"type": "Polygon", "coordinates": [[[-87.55253, 41.662928], [-87.546525, 41.662956], [-87.546563, 41.66746], [-87.552569, 41.667431], [-87.55253, 41.662928]]]}, "properties": {"sq": "908_9225", "crime_n": 0, "crime_night_n": 0, "nta": "South Deering", "boro": "Chicago"}}, {"type": "Feature", "geometry": {"type": "Polygon", "coordinates": [[[-87.552569, 41.667431], [-87.546563, 41.66746], [-87.546601, 41.671963], [-87.552607, 41.671934], [-87.552569, 41.667431]]]}, "properties": {"sq": "908_9226", "crime_n": 3, "crime_night_n": 3, "nta": "South Deering", "boro": "Chicago"}}, {"type": "Feature", "geometry": {"type": "Polygon", "coordinates": [[[-87.552607, 41.671934], [-87.546601, 41.671963], [-87.546639, 41.676466], [-87.552646, 41.676438], [-87.552607, 41.671934]]]}, "properties": {"sq": "908_9227", "crime_n": 0, "crime_night_n": 0, "nta": "South Deering", "boro": "Chicago"}}, {"type": "Feature", "geometry": {"type": "Polygon", "coordinates": [[[-87.552646, 41.676438], [-87.546639, 41.676466], [-87.546677, 41.68097], [-87.552684, 41.680941], [-87.552646, 41.676438]]]}, "properties": {"sq": "908_9228", "crime_n": 0, "crime_night_n": 0, "nta": "South Deering", "boro": "Chicago"}}, {"type": "Feature", "geometry": {"type": "Polygon", "coordinates": [[[-87.552684, 41.680941], [-87.546677, 41.68097], [-87.546715, 41.685473], [-87.552723, 41.685444], [-87.552684, 41.680941]]]}, "properties": {"sq": "908_9229", "crime_n": 0, "crime_night_n": 0, "nta": "South Deering", "boro": "Chicago"}}, {"type": "Feature", "geometry": {"type": "Polygon", "coordinates": [[[-87.552723, 41.685444], [-87.546715, 41.685473], [-87.546753, 41.689977], [-87.552761, 41.689948], [-87.552723, 41.685444]]]}, "properties": {"sq": "908_9230", "crime_n": 0, "crime_night_n": 0, "nta": "South Deering", "boro": "Chicago"}}, {"type": "Feature", "geometry": {"type": "Polygon", "coordinates": [[[-87.552761, 41.689948], [-87.546753, 41.689977], [-87.546791, 41.69448], [-87.5528, 41.694451], [-87.552761, 41.689948]]]}, "properties": {"sq": "908_9231", "crime_n": 0, "crime_night_n": 0, "nta": "South Deering", "boro": "Chicago"}}, {"type": "Feature", "geometry": {"type": "Polygon", "coordinates": [[[-87.5528, 41.694451], [-87.546791, 41.69448], [-87.546829, 41.698983], [-87.552838, 41.698955], [-87.5528, 41.694451]]]}, "properties": {"sq": "908_9232", "crime_n": 0, "crime_night_n": 0, "nta": "South Deering", "boro": "Chicago"}}, {"type": "Feature", "geometry": {"type": "Polygon", "coordinates": [[[-87.552838, 41.698955], [-87.546829, 41.698983], [-87.546868, 41.703487], [-87.552877, 41.703458], [-87.552838, 41.698955]]]}, "properties": {"sq": "908_9233", "crime_n": 1, "crime_night_n": 1, "nta": "South Deering", "boro": "Chicago"}}, {"type": "Feature", "geometry": {"type": "Polygon", "coordinates": [[[-87.552877, 41.703458], [-87.546868, 41.703487], [-87.546906, 41.70799], [-87.552915, 41.707961], [-87.552877, 41.703458]]]}, "properties": {"sq": "908_9234", "crime_n": 0, "crime_night_n": 0, "nta": "South Deering", "boro": "Chicago"}}, {"type": "Feature", "geometry": {"type": "Polygon", "coordinates": [[[-87.552915, 41.707961], [-87.546906, 41.70799], [-87.546944, 41.712493], [-87.552954, 41.712465], [-87.552915, 41.707961]]]}, "properties": {"sq": "908_9235", "crime_n": 2, "crime_night_n": 2, "nta": "South Deering", "boro": "Chicago"}}, {"type": "Feature", "geometry": {"type": "Polygon", "coordinates": [[[-87.552954, 41.712465], [-87.546944, 41.712493], [-87.546982, 41.716997], [-87.552993, 41.716968], [-87.552954, 41.712465]]]}, "properties": {"sq": "908_9236", "crime_n": 24, "crime_night_n": 5, "nta": "South Deering", "boro": "Chicago"}}, {"type": "Feature", "geometry": {"type": "Polygon", "coordinates": [[[-87.552993, 41.716968], [-87.546982, 41.716997], [-87.54702, 41.7215], [-87.553031, 41.721471], [-87.552993, 41.716968]]]}, "properties": {"sq": "908_9237", "crime_n": 16, "crime_night_n": 4, "nta": "South Deering", "boro": "Chicago"}}, {"type": "Feature", "geometry": {"type": "Polygon", "coordinates": [[[-87.553031, 41.721471], [-87.54702, 41.7215], [-87.547058, 41.726003], [-87.55307, 41.725975], [-87.553031, 41.721471]]]}, "properties": {"sq": "908_9238", "crime_n": 13, "crime_night_n": 10, "nta": "South Deering", "boro": "Chicago"}}, {"type": "Feature", "geometry": {"type": "Polygon", "coordinates": [[[-87.55307, 41.725975], [-87.547058, 41.726003], [-87.547097, 41.730507], [-87.553108, 41.730478], [-87.55307, 41.725975]]]}, "properties": {"sq": "908_9239", "crime_n": 93, "crime_night_n": 32, "nta": "South Chicago", "boro": "Chicago"}}, {"type": "Feature", "geometry": {"type": "Polygon", "coordinates": [[[-87.553108, 41.730478], [-87.547097, 41.730507], [-87.547135, 41.73501], [-87.553147, 41.734981], [-87.553108, 41.730478]]]}, "properties": {"sq": "908_9240", "crime_n": 90, "crime_night_n": 27, "nta": "South Chicago", "boro": "Chicago"}}, {"type": "Feature", "geometry": {"type": "Polygon", "coordinates": [[[-87.553147, 41.734981], [-87.547135, 41.73501], [-87.547173, 41.739513], [-87.553186, 41.739485], [-87.553147, 41.734981]]]}, "properties": {"sq": "908_9241", "crime_n": 85, "crime_night_n": 24, "nta": "South Chicago", "boro": "Chicago"}}, {"type": "Feature", "geometry": {"type": "Polygon", "coordinates": [[[-87.553186, 41.739485], [-87.547173, 41.739513], [-87.547211, 41.744017], [-87.553224, 41.743988], [-87.553186, 41.739485]]]}, "properties": {"sq": "908_9242", "crime_n": 20, "crime_night_n": 7, "nta": "South Chicago", "boro": "Chicago"}}, {"type": "Feature", "geometry": {"type": "Polygon", "coordinates": [[[-87.553224, 41.743988], [-87.547211, 41.744017], [-87.54725, 41.74852], [-87.553263, 41.748491], [-87.553224, 41.743988]]]}, "properties": {"sq": "908_9243", "crime_n": 73, "crime_night_n": 28, "nta": "South Chicago", "boro": "Chicago"}}, {"type": "Feature", "geometry": {"type": "Polygon", "coordinates": [[[-87.553263, 41.748491], [-87.54725, 41.74852], [-87.547288, 41.753023], [-87.553302, 41.752995], [-87.553263, 41.748491]]]}, "properties": {"sq": "908_9244", "crime_n": 60, "crime_night_n": 23, "nta": "South Chicago", "boro": "Chicago"}}, {"type": "Feature", "geometry": {"type": "Polygon", "coordinates": [[[-87.553302, 41.752995], [-87.547288, 41.753023], [-87.547326, 41.757527], [-87.55334, 41.757498], [-87.553302, 41.752995]]]}, "properties": {"sq": "908_9245", "crime_n": 66, "crime_night_n": 19, "nta": "South Shore", "boro": "Chicago"}}, {"type": "Feature", "geometry": {"type": "Polygon", "coordinates": [[[-87.55334, 41.757498], [-87.547326, 41.757527], [-87.547364, 41.76203], [-87.553379, 41.762001], [-87.55334, 41.757498]]]}, "properties": {"sq": "908_9246", "crime_n": 26, "crime_night_n": 8, "nta": "South Shore", "boro": "Chicago"}}, {"type": "Feature", "geometry": {"type": "Polygon", "coordinates": [[[-87.546334, 41.640439], [-87.540331, 41.640468], [-87.540368, 41.644971], [-87.546372, 41.644943], [-87.546334, 41.640439]]]}, "properties": {"sq": "909_9220", "crime_n": 0, "crime_night_n": 0, "nta": "Hegewisch", "boro": "Chicago"}}, {"type": "Feature", "geometry": {"type": "Polygon", "coordinates": [[[-87.546372, 41.644943], [-87.540368, 41.644971], [-87.540406, 41.649474], [-87.54641, 41.649446], [-87.546372, 41.644943]]]}, "properties": {"sq": "909_9221", "crime_n": 6, "crime_night_n": 3, "nta": "Hegewisch", "boro": "Chicago"}}, {"type": "Feature", "geometry": {"type": "Polygon", "coordinates": [[[-87.54641, 41.649446], [-87.540406, 41.649474], [-87.540444, 41.653978], [-87.546448, 41.653949], [-87.54641, 41.649446]]]}, "properties": {"sq": "909_9222", "crime_n": 27, "crime_night_n": 11, "nta": "Hegewisch", "boro": "Chicago"}}, {"type": "Feature", "geometry": {"type": "Polygon", "coordinates": [[[-87.546448, 41.653949], [-87.540444, 41.653978], [-87.540481, 41.658481], [-87.546486, 41.658453], [-87.546448, 41.653949]]]}, "properties": {"sq": "909_9223", "crime_n": 17, "crime_night_n": 5, "nta": "Hegewisch", "boro": "Chicago"}}, {"type": "Feature", "geometry": {"type": "Polygon", "coordinates": [[[-87.546486, 41.658453], [-87.540481, 41.658481], [-87.540519, 41.662985], [-87.546525, 41.662956], [-87.546486, 41.658453]]]}, "properties": {"sq": "909_9224", "crime_n": 1, "crime_night_n": 1, "nta": "Hegewisch", "boro": "Chicago"}}, {"type": "Feature", "geometry": {"type": "Polygon", "coordinates": [[[-87.546525, 41.662956], [-87.540519, 41.662985], [-87.540557, 41.667488], [-87.546563, 41.66746], [-87.546525, 41.662956]]]}, "properties": {"sq": "909_9225", "crime_n": 2, "crime_night_n": 0, "nta": "Hegewisch", "boro": "Chicago"}}, {"type": "Feature", "geometry": {"type": "Polygon", "coordinates": [[[-87.546563, 41.66746], [-87.540557, 41.667488], [-87.540594, 41.671991], [-87.546601, 41.671963], [-87.546563, 41.66746]]]}, "properties": {"sq": "909_9226", "crime_n": 0, "crime_night_n": 0, "nta": "Hegewisch", "boro": "Chicago"}}, {"type": "Feature", "geometry": {"type": "Polygon", "coordinates": [[[-87.546601, 41.671963], [-87.540594, 41.671991], [-87.540632, 41.676495], [-87.546639, 41.676466], [-87.546601, 41.671963]]]}, "properties": {"sq": "909_9227", "crime_n": 1, "crime_night_n": 1, "nta": "Hegewisch", "boro": "Chicago"}}, {"type": "Feature", "geometry": {"type": "Polygon", "coordinates": [[[-87.546639, 41.676466], [-87.540632, 41.676495], [-87.54067, 41.680998], [-87.546677, 41.68097], [-87.546639, 41.676466]]]}, "properties": {"sq": "909_9228", "crime_n": 1, "crime_night_n": 0, "nta": "Hegewisch", "boro": "Chicago"}}, {"type": "Feature", "geometry": {"type": "Polygon", "coordinates": [[[-87.546677, 41.68097], [-87.54067, 41.680998], [-87.540707, 41.685502], [-87.546715, 41.685473], [-87.546677, 41.68097]]]}, "properties": {"sq": "909_9229", "crime_n": 0, "crime_night_n": 0, "nta": "East Side", "boro": "Chicago"}}, {"type": "Feature", "geometry": {"type": "Polygon", "coordinates": [[[-87.546715, 41.685473], [-87.540707, 41.685502], [-87.540745, 41.690005], [-87.546753, 41.689977], [-87.546715, 41.685473]]]}, "properties": {"sq": "909_9230", "crime_n": 2, "crime_night_n": 1, "nta": "East Side", "boro": "Chicago"}}, {"type": "Feature", "geometry": {"type": "Polygon", "coordinates": [[[-87.546753, 41.689977], [-87.540745, 41.690005], [-87.540783, 41.694508], [-87.546791, 41.69448], [-87.546753, 41.689977]]]}, "properties": {"sq": "909_9231", "crime_n": 3, "crime_night_n": 0, "nta": "East Side", "boro": "Chicago"}}, {"type": "Feature", "geometry": {"type": "Polygon", "coordinates": [[[-87.546791, 41.69448], [-87.540783, 41.694508], [-87.540821, 41.699012], [-87.546829, 41.698983], [-87.546791, 41.69448]]]}, "properties": {"sq": "909_9232", "crime_n": 9, "crime_night_n": 1, "nta": "East Side", "boro": "Chicago"}}, {"type": "Feature", "geometry": {"type": "Polygon", "coordinates": [[[-87.546829, 41.698983], [-87.540821, 41.699012], [-87.540858, 41.703515], [-87.546868, 41.703487], [-87.546829, 41.698983]]]}, "properties": {"sq": "909_9233", "crime_n": 13, "crime_night_n": 7, "nta": "East Side", "boro": "Chicago"}}, {"type": "Feature", "geometry": {"type": "Polygon", "coordinates": [[[-87.546868, 41.703487], [-87.540858, 41.703515], [-87.540896, 41.708018], [-87.546906, 41.70799], [-87.546868, 41.703487]]]}, "properties": {"sq": "909_9234", "crime_n": 3, "crime_night_n": 1, "nta": "East Side", "boro": "Chicago"}}, {"type": "Feature", "geometry": {"type": "Polygon", "coordinates": [[[-87.546906, 41.70799], [-87.540896, 41.708018], [-87.540934, 41.712522], [-87.546944, 41.712493], [-87.546906, 41.70799]]]}, "properties": {"sq": "909_9235", "crime_n": 0, "crime_night_n": 0, "nta": "South Deering", "boro": "Chicago"}}, {"type": "Feature", "geometry": {"type": "Polygon", "coordinates": [[[-87.546944, 41.712493], [-87.540934, 41.712522], [-87.540972, 41.717025], [-87.546982, 41.716997], [-87.546944, 41.712493]]]}, "properties": {"sq": "909_9236", "crime_n": 1, "crime_night_n": 0, "nta": "South Deering", "boro": "Chicago"}}, {"type": "Feature", "geometry": {"type": "Polygon", "coordinates": [[[-87.546982, 41.716997], [-87.540972, 41.717025], [-87.541009, 41.721529], [-87.54702, 41.7215], [-87.546982, 41.716997]]]}, "properties": {"sq": "909_9237", "crime_n": 0, "crime_night_n": 0, "nta": "South Deering", "boro": "Chicago"}}, {"type": "Feature", "geometry": {"type": "Polygon", "coordinates": [[[-87.54702, 41.7215], [-87.541009, 41.721529], [-87.541047, 41.726032], [-87.547058, 41.726003], [-87.54702, 41.7215]]]}, "properties": {"sq": "909_9238", "crime_n": 0, "crime_night_n": 0, "nta": "South Chicago", "boro": "Chicago"}}, {"type": "Feature", "geometry": {"type": "Polygon", "coordinates": [[[-87.547058, 41.726003], [-87.541047, 41.726032], [-87.541085, 41.730535], [-87.547097, 41.730507], [-87.547058, 41.726003]]]}, "properties": {"sq": "909_9239", "crime_n": 30, "crime_night_n": 7, "nta": "South Chicago", "boro": "Chicago"}}, {"type": "Feature", "geometry": {"type": "Polygon", "coordinates": [[[-87.547097, 41.730507], [-87.541085, 41.730535], [-87.541123, 41.735039], [-87.547135, 41.73501], [-87.547097, 41.730507]]]}, "properties": {"sq": "909_9240", "crime_n": 54, "crime_night_n": 17, "nta": "South Chicago", "boro": "Chicago"}}, {"type": "Feature", "geometry": {"type": "Polygon", "coordinates": [[[-87.547135, 41.73501], [-87.541123, 41.735039], [-87.541161, 41.739542], [-87.547173, 41.739513], [-87.547135, 41.73501]]]}, "properties": {"sq": "909_9241", "crime_n": 44, "crime_night_n": 16, "nta": "South Chicago", "boro": "Chicago"}}, {"type": "Feature", "geometry": {"type": "Polygon", "coordinates": [[[-87.547173, 41.739513], [-87.541161, 41.739542], [-87.541198, 41.744045], [-87.547211, 41.744017], [-87.547173, 41.739513]]]}, "properties": {"sq": "909_9242", "crime_n": 52, "crime_night_n": 21, "nta": "South Chicago", "boro": "Chicago"}}, {"type": "Feature", "geometry": {"type": "Polygon", "coordinates": [[[-87.547211, 41.744017], [-87.541198, 41.744045], [-87.541236, 41.748549], [-87.54725, 41.74852], [-87.547211, 41.744017]]]}, "properties": {"sq": "909_9243", "crime_n": 15, "crime_night_n": 7, "nta": "South Chicago", "boro": "Chicago"}}, {"type": "Feature", "geometry": {"type": "Polygon", "coordinates": [[[-87.54725, 41.74852], [-87.541236, 41.748549], [-87.541274, 41.753052], [-87.547288, 41.753023], [-87.54725, 41.74852]]]}, "properties": {"sq": "909_9244", "crime_n": 2, "crime_night_n": 0, "nta": "South Chicago", "boro": "Chicago"}}, {"type": "Feature", "geometry": {"type": "Polygon", "coordinates": [[[-87.547288, 41.753023], [-87.541274, 41.753052], [-87.541312, 41.757555], [-87.547326, 41.757527], [-87.547288, 41.753023]]]}, "properties": {"sq": "909_9245", "crime_n": 2, "crime_night_n": 2, "nta": "South Shore", "boro": "Chicago"}}, {"type": "Feature", "geometry": {"type": "Polygon", "coordinates": [[[-87.547326, 41.757527], [-87.541312, 41.757555], [-87.54135, 41.762059], [-87.547364, 41.76203], [-87.547326, 41.757527]]]}, "properties": {"sq": "909_9246", "crime_n": 0, "crime_night_n": 0, "nta": "South Shore", "boro": "Chicago"}}, {"type": "Feature", "geometry": {"type": "Polygon", "coordinates": [[[-87.540331, 41.640468], [-87.534327, 41.640496], [-87.534365, 41.644999], [-87.540368, 41.644971], [-87.540331, 41.640468]]]}, "properties": {"sq": "910_9220", "crime_n": 0, "crime_night_n": 0, "nta": "Hegewisch", "boro": "Chicago"}}, {"type": "Feature", "geometry": {"type": "Polygon", "coordinates": [[[-87.540368, 41.644971], [-87.534365, 41.644999], [-87.534402, 41.649503], [-87.540406, 41.649474], [-87.540368, 41.644971]]]}, "properties": {"sq": "910_9221", "crime_n": 3, "crime_night_n": 1, "nta": "Hegewisch", "boro": "Chicago"}}, {"type": "Feature", "geometry": {"type": "Polygon", "coordinates": [[[-87.540406, 41.649474], [-87.534402, 41.649503], [-87.534439, 41.654006], [-87.540444, 41.653978], [-87.540406, 41.649474]]]}, "properties": {"sq": "910_9222", "crime_n": 8, "crime_night_n": 6, "nta": "Hegewisch", "boro": "Chicago"}}, {"type": "Feature", "geometry": {"type": "Polygon", "coordinates": [[[-87.540444, 41.653978], [-87.534439, 41.654006], [-87.534476, 41.658509], [-87.540481, 41.658481], [-87.540444, 41.653978]]]}, "properties": {"sq": "910_9223", "crime_n": 4, "crime_night_n": 3, "nta": "Hegewisch", "boro": "Chicago"}}, {"type": "Feature", "geometry": {"type": "Polygon", "coordinates": [[[-87.540481, 41.658481], [-87.534476, 41.658509], [-87.534513, 41.663013], [-87.540519, 41.662985], [-87.540481, 41.658481]]]}, "properties": {"sq": "910_9224", "crime_n": 1, "crime_night_n": 0, "nta": "Hegewisch", "boro": "Chicago"}}, {"type": "Feature", "geometry": {"type": "Polygon", "coordinates": [[[-87.540519, 41.662985], [-87.534513, 41.663013], [-87.534551, 41.667516], [-87.540557, 41.667488], [-87.540519, 41.662985]]]}, "properties": {"sq": "910_9225", "crime_n": 4, "crime_night_n": 0, "nta": "Hegewisch", "boro": "Chicago"}}, {"type": "Feature", "geometry": {"type": "Polygon", "coordinates": [[[-87.540557, 41.667488], [-87.534551, 41.667516], [-87.534588, 41.67202], [-87.540594, 41.671991], [-87.540557, 41.667488]]]}, "properties": {"sq": "910_9226", "crime_n": 0, "crime_night_n": 0, "nta": "Hegewisch", "boro": "Chicago"}}, {"type": "Feature", "geometry": {"type": "Polygon", "coordinates": [[[-87.540594, 41.671991], [-87.534588, 41.67202], [-87.534625, 41.676523], [-87.540632, 41.676495], [-87.540594, 41.671991]]]}, "properties": {"sq": "910_9227", "crime_n": 1, "crime_night_n": 0, "nta": "Hegewisch", "boro": "Chicago"}}, {"type": "Feature", "geometry": {"type": "Polygon", "coordinates": [[[-87.540632, 41.676495], [-87.534625, 41.676523], [-87.534663, 41.681026], [-87.54067, 41.680998], [-87.540632, 41.676495]]]}, "properties": {"sq": "910_9228", "crime_n": 7, "crime_night_n": 1, "nta": "Hegewisch", "boro": "Chicago"}}, {"type": "Feature", "geometry": {"type": "Polygon", "coordinates": [[[-87.54067, 41.680998], [-87.534663, 41.681026], [-87.5347, 41.68553], [-87.540707, 41.685502], [-87.54067, 41.680998]]]}, "properties": {"sq": "910_9229", "crime_n": 11, "crime_night_n": 3, "nta": "Hegewisch", "boro": "Chicago"}}, {"type": "Feature", "geometry": {"type": "Polygon", "coordinates": [[[-87.540707, 41.685502], [-87.5347, 41.68553], [-87.534737, 41.690033], [-87.540745, 41.690005], [-87.540707, 41.685502]]]}, "properties": {"sq": "910_9230", "crime_n": 6, "crime_night_n": 1, "nta": "East Side", "boro": "Chicago"}}, {"type": "Feature", "geometry": {"type": "Polygon", "coordinates": [[[-87.540745, 41.690005], [-87.534737, 41.690033], [-87.534774, 41.694536], [-87.540783, 41.694508], [-87.540745, 41.690005]]]}, "properties": {"sq": "910_9231", "crime_n": 7, "crime_night_n": 4, "nta": "East Side", "boro": "Chicago"}}, {"type": "Feature", "geometry": {"type": "Polygon", "coordinates": [[[-87.540783, 41.694508], [-87.534774, 41.694536], [-87.534812, 41.69904], [-87.540821, 41.699012], [-87.540783, 41.694508]]]}, "properties": {"sq": "910_9232", "crime_n": 10, "crime_night_n": 5, "nta": "East Side", "boro": "Chicago"}}, {"type": "Feature", "geometry": {"type": "Polygon", "coordinates": [[[-87.540821, 41.699012], [-87.534812, 41.69904], [-87.534849, 41.703543], [-87.540858, 41.703515], [-87.540821, 41.699012]]]}, "properties": {"sq": "910_9233", "crime_n": 46, "crime_night_n": 23, "nta": "East Side", "boro": "Chicago"}}, {"type": "Feature", "geometry": {"type": "Polygon", "coordinates": [[[-87.540858, 41.703515], [-87.534849, 41.703543], [-87.534886, 41.708047], [-87.540896, 41.708018], [-87.540858, 41.703515]]]}, "properties": {"sq": "910_9234", "crime_n": 37, "crime_night_n": 11, "nta": "East Side", "boro": "Chicago"}}, {"type": "Feature", "geometry": {"type": "Polygon", "coordinates": [[[-87.540896, 41.708018], [-87.534886, 41.708047], [-87.534924, 41.71255], [-87.540934, 41.712522], [-87.540896, 41.708018]]]}, "properties": {"sq": "910_9235", "crime_n": 23, "crime_night_n": 4, "nta": "East Side", "boro": "Chicago"}}, {"type": "Feature", "geometry": {"type": "Polygon", "coordinates": [[[-87.540934, 41.712522], [-87.534924, 41.71255], [-87.534961, 41.717053], [-87.540972, 41.717025], [-87.540934, 41.712522]]]}, "properties": {"sq": "910_9236", "crime_n": 26, "crime_night_n": 8, "nta": "East Side", "boro": "Chicago"}}, {"type": "Feature", "geometry": {"type": "Polygon", "coordinates": [[[-87.540972, 41.717025], [-87.534961, 41.717053], [-87.534998, 41.721557], [-87.541009, 41.721529], [-87.540972, 41.717025]]]}, "properties": {"sq": "910_9237", "crime_n": 33, "crime_night_n": 15, "nta": "East Side", "boro": "Chicago"}}, {"type": "Feature", "geometry": {"type": "Polygon", "coordinates": [[[-87.541009, 41.721529], [-87.534998, 41.721557], [-87.535036, 41.72606], [-87.541047, 41.726032], [-87.541009, 41.721529]]]}, "properties": {"sq": "910_9238", "crime_n": 17, "crime_night_n": 5, "nta": "East Side", "boro": "Chicago"}}, {"type": "Feature", "geometry": {"type": "Polygon", "coordinates": [[[-87.541047, 41.726032], [-87.535036, 41.72606], [-87.535073, 41.730563], [-87.541085, 41.730535], [-87.541047, 41.726032]]]}, "properties": {"sq": "910_9239", "crime_n": 2, "crime_night_n": 0, "nta": "East Side", "boro": "Chicago"}}, {"type": "Feature", "geometry": {"type": "Polygon", "coordinates": [[[-87.541085, 41.730535], [-87.535073, 41.730563], [-87.53511, 41.735067], [-87.541123, 41.735039], [-87.541085, 41.730535]]]}, "properties": {"sq": "910_9240", "crime_n": 0, "crime_night_n": 0, "nta": "South Chicago", "boro": "Chicago"}}, {"type": "Feature", "geometry": {"type": "Polygon", "coordinates": [[[-87.541123, 41.735039], [-87.53511, 41.735067], [-87.535148, 41.73957], [-87.541161, 41.739542], [-87.541123, 41.735039]]]}, "properties": {"sq": "910_9241", "crime_n": 1, "crime_night_n": 1, "nta": "South Chicago", "boro": "Chicago"}}, {"type": "Feature", "geometry": {"type": "Polygon", "coordinates": [[[-87.541161, 41.739542], [-87.535148, 41.73957], [-87.535185, 41.744073], [-87.541198, 41.744045], [-87.541161, 41.739542]]]}, "properties": {"sq": "910_9242", "crime_n": 1, "crime_night_n": 1, "nta": "South Chicago", "boro": "Chicago"}}, {"type": "Feature", "geometry": {"type": "Polygon", "coordinates": [[[-87.541198, 41.744045], [-87.535185, 41.744073], [-87.535223, 41.748577], [-87.541236, 41.748549], [-87.541198, 41.744045]]]}, "properties": {"sq": "910_9243", "crime_n": 0, "crime_night_n": 0, "nta": "South Chicago", "boro": "Chicago"}}, {"type": "Feature", "geometry": {"type": "Polygon", "coordinates": [[[-87.541236, 41.748549], [-87.535223, 41.748577], [-87.53526, 41.75308], [-87.541274, 41.753052], [-87.541236, 41.748549]]]}, "properties": {"sq": "910_9244", "crime_n": 0, "crime_night_n": 0, "nta": "South Chicago", "boro": "Chicago"}}, {"type": "Feature", "geometry": {"type": "Polygon", "coordinates": [[[-87.541274, 41.753052], [-87.53526, 41.75308], [-87.535297, 41.757583], [-87.541312, 41.757555], [-87.541274, 41.753052]]]}, "properties": {"sq": "910_9245", "crime_n": 0, "crime_night_n": 0, "nta": "South Shore", "boro": "Chicago"}}, {"type": "Feature", "geometry": {"type": "Polygon", "coordinates": [[[-87.541312, 41.757555], [-87.535297, 41.757583], [-87.535335, 41.762087], [-87.54135, 41.762059], [-87.541312, 41.757555]]]}, "properties": {"sq": "910_9246", "crime_n": 0, "crime_night_n": 0, "nta": "South Shore", "boro": "Chicago"}}, {"type": "Feature", "geometry": {"type": "Polygon", "coordinates": [[[-87.534327, 41.640496], [-87.528324, 41.640523], [-87.528361, 41.645027], [-87.534365, 41.644999], [-87.534327, 41.640496]]]}, "properties": {"sq": "911_9220", "crime_n": 0, "crime_night_n": 0, "nta": "Hegewisch", "boro": "Chicago"}}, {"type": "Feature", "geometry": {"type": "Polygon", "coordinates": [[[-87.534365, 41.644999], [-87.528361, 41.645027], [-87.528398, 41.64953], [-87.534402, 41.649503], [-87.534365, 41.644999]]]}, "properties": {"sq": "911_9221", "crime_n": 0, "crime_night_n": 0, "nta": "Hegewisch", "boro": "Chicago"}}, {"type": "Feature", "geometry": {"type": "Polygon", "coordinates": [[[-87.534402, 41.649503], [-87.528398, 41.64953], [-87.528434, 41.654034], [-87.534439, 41.654006], [-87.534402, 41.649503]]]}, "properties": {"sq": "911_9222", "crime_n": 2, "crime_night_n": 0, "nta": "Hegewisch", "boro": "Chicago"}}, {"type": "Feature", "geometry": {"type": "Polygon", "coordinates": [[[-87.534439, 41.654006], [-87.528434, 41.654034], [-87.528471, 41.658537], [-87.534476, 41.658509], [-87.534439, 41.654006]]]}, "properties": {"sq": "911_9223", "crime_n": 0, "crime_night_n": 0, "nta": "Hegewisch", "boro": "Chicago"}}, {"type": "Feature", "geometry": {"type": "Polygon", "coordinates": [[[-87.534476, 41.658509], [-87.528471, 41.658537], [-87.528508, 41.66304], [-87.534513, 41.663013], [-87.534476, 41.658509]]]}, "properties": {"sq": "911_9224", "crime_n": 0, "crime_night_n": 0, "nta": "Hegewisch", "boro": "Chicago"}}, {"type": "Feature", "geometry": {"type": "Polygon", "coordinates": [[[-87.534513, 41.663013], [-87.528508, 41.66304], [-87.528545, 41.667544], [-87.534551, 41.667516], [-87.534513, 41.663013]]]}, "properties": {"sq": "911_9225", "crime_n": 0, "crime_night_n": 0, "nta": "Hegewisch", "boro": "Chicago"}}, {"type": "Feature", "geometry": {"type": "Polygon", "coordinates": [[[-87.534551, 41.667516], [-87.528545, 41.667544], [-87.528582, 41.672047], [-87.534588, 41.67202], [-87.534551, 41.667516]]]}, "properties": {"sq": "911_9226", "crime_n": 0, "crime_night_n": 0, "nta": "Hegewisch", "boro": "Chicago"}}, {"type": "Feature", "geometry": {"type": "Polygon", "coordinates": [[[-87.534588, 41.67202], [-87.528582, 41.672047], [-87.528618, 41.676551], [-87.534625, 41.676523], [-87.534588, 41.67202]]]}, "properties": {"sq": "911_9227", "crime_n": 0, "crime_night_n": 0, "nta": "Hegewisch", "boro": "Chicago"}}, {"type": "Feature", "geometry": {"type": "Polygon", "coordinates": [[[-87.534625, 41.676523], [-87.528618, 41.676551], [-87.528655, 41.681054], [-87.534663, 41.681026], [-87.534625, 41.676523]]]}, "properties": {"sq": "911_9228", "crime_n": 0, "crime_night_n": 0, "nta": "Hegewisch", "boro": "Chicago"}}, {"type": "Feature", "geometry": {"type": "Polygon", "coordinates": [[[-87.534663, 41.681026], [-87.528655, 41.681054], [-87.528692, 41.685557], [-87.5347, 41.68553], [-87.534663, 41.681026]]]}, "properties": {"sq": "911_9229", "crime_n": 5, "crime_night_n": 2, "nta": "Hegewisch", "boro": "Chicago"}}, {"type": "Feature", "geometry": {"type": "Polygon", "coordinates": [[[-87.5347, 41.68553], [-87.528692, 41.685557], [-87.528729, 41.690061], [-87.534737, 41.690033], [-87.5347, 41.68553]]]}, "properties": {"sq": "911_9230", "crime_n": 5, "crime_night_n": 0, "nta": "East Side", "boro": "Chicago"}}, {"type": "Feature", "geometry": {"type": "Polygon", "coordinates": [[[-87.534737, 41.690033], [-87.528729, 41.690061], [-87.528766, 41.694564], [-87.534774, 41.694536], [-87.534737, 41.690033]]]}, "properties": {"sq": "911_9231", "crime_n": 4, "crime_night_n": 1, "nta": "East Side", "boro": "Chicago"}}, {"type": "Feature", "geometry": {"type": "Polygon", "coordinates": [[[-87.534774, 41.694536], [-87.528766, 41.694564], [-87.528803, 41.699068], [-87.534812, 41.69904], [-87.534774, 41.694536]]]}, "properties": {"sq": "911_9232", "crime_n": 7, "crime_night_n": 3, "nta": "East Side", "boro": "Chicago"}}, {"type": "Feature", "geometry": {"type": "Polygon", "coordinates": [[[-87.534812, 41.69904], [-87.528803, 41.699068], [-87.52884, 41.703571], [-87.534849, 41.703543], [-87.534812, 41.69904]]]}, "properties": {"sq": "911_9233", "crime_n": 19, "crime_night_n": 7, "nta": "East Side", "boro": "Chicago"}}, {"type": "Feature", "geometry": {"type": "Polygon", "coordinates": [[[-87.534849, 41.703543], [-87.52884, 41.703571], [-87.528877, 41.708074], [-87.534886, 41.708047], [-87.534849, 41.703543]]]}, "properties": {"sq": "911_9234", "crime_n": 28, "crime_night_n": 7, "nta": "East Side", "boro": "Chicago"}}, {"type": "Feature", "geometry": {"type": "Polygon", "coordinates": [[[-87.534886, 41.708047], [-87.528877, 41.708074], [-87.528914, 41.712578], [-87.534924, 41.71255], [-87.534886, 41.708047]]]}, "properties": {"sq": "911_9235", "crime_n": 8, "crime_night_n": 5, "nta": "East Side", "boro": "Chicago"}}, {"type": "Feature", "geometry": {"type": "Polygon", "coordinates": [[[-87.534924, 41.71255], [-87.528914, 41.712578], [-87.52895, 41.717081], [-87.534961, 41.717053], [-87.534924, 41.71255]]]}, "properties": {"sq": "911_9236", "crime_n": 8, "crime_night_n": 2, "nta": "East Side", "boro": "Chicago"}}, {"type": "Feature", "geometry": {"type": "Polygon", "coordinates": [[[-87.534961, 41.717053], [-87.52895, 41.717081], [-87.528987, 41.721584], [-87.534998, 41.721557], [-87.534961, 41.717053]]]}, "properties": {"sq": "911_9237", "crime_n": 21, "crime_night_n": 13, "nta": "East Side", "boro": "Chicago"}}, {"type": "Feature", "geometry": {"type": "Polygon", "coordinates": [[[-87.534998, 41.721557], [-87.528987, 41.721584], [-87.529024, 41.726088], [-87.535036, 41.72606], [-87.534998, 41.721557]]]}, "properties": {"sq": "911_9238", "crime_n": 3, "crime_night_n": 1, "nta": "East Side", "boro": "Chicago"}}, {"type": "Feature", "geometry": {"type": "Polygon", "coordinates": [[[-87.535036, 41.72606], [-87.529024, 41.726088], [-87.529061, 41.730591], [-87.535073, 41.730563], [-87.535036, 41.72606]]]}, "properties": {"sq": "911_9239", "crime_n": 0, "crime_night_n": 0, "nta": "East Side", "boro": "Chicago"}}, {"type": "Feature", "geometry": {"type": "Polygon", "coordinates": [[[-87.535073, 41.730563], [-87.529061, 41.730591], [-87.529098, 41.735095], [-87.53511, 41.735067], [-87.535073, 41.730563]]]}, "properties": {"sq": "911_9240", "crime_n": 0, "crime_night_n": 0, "nta": "South Chicago", "boro": "Chicago"}}, {"type": "Feature", "geometry": {"type": "Polygon", "coordinates": [[[-87.53511, 41.735067], [-87.529098, 41.735095], [-87.529135, 41.739598], [-87.535148, 41.73957], [-87.53511, 41.735067]]]}, "properties": {"sq": "911_9241", "crime_n": 5, "crime_night_n": 0, "nta": "South Chicago", "boro": "Chicago"}}, {"type": "Feature", "geometry": {"type": "Polygon", "coordinates": [[[-87.535148, 41.73957], [-87.529135, 41.739598], [-87.529172, 41.744101], [-87.535185, 41.744073], [-87.535148, 41.73957]]]}, "properties": {"sq": "911_9242", "crime_n": 0, "crime_night_n": 0, "nta": "South Chicago", "boro": "Chicago"}}, {"type": "Feature", "geometry": {"type": "Polygon", "coordinates": [[[-87.535185, 41.744073], [-87.529172, 41.744101], [-87.529209, 41.748605], [-87.535223, 41.748577], [-87.535185, 41.744073]]]}, "properties": {"sq": "911_9243", "crime_n": 0, "crime_night_n": 0, "nta": "South Chicago", "boro": "Chicago"}}, {"type": "Feature", "geometry": {"type": "Polygon", "coordinates": [[[-87.535223, 41.748577], [-87.529209, 41.748605], [-87.529246, 41.753108], [-87.53526, 41.75308], [-87.535223, 41.748577]]]}, "properties": {"sq": "911_9244", "crime_n": 0, "crime_night_n": 0, "nta": "South Chicago", "boro": "Chicago"}}, {"type": "Feature", "geometry": {"type": "Polygon", "coordinates": [[[-87.528324, 41.640523], [-87.522321, 41.640551], [-87.522357, 41.645054], [-87.528361, 41.645027], [-87.528324, 41.640523]]]}, "properties": {"sq": "912_9220", "crime_n": 0, "crime_night_n": 0, "nta": "Hegewisch", "boro": "Chicago"}}, {"type": "Feature", "geometry": {"type": "Polygon", "coordinates": [[[-87.528361, 41.645027], [-87.522357, 41.645054], [-87.522393, 41.649558], [-87.528398, 41.64953], [-87.528361, 41.645027]]]}, "properties": {"sq": "912_9221", "crime_n": 0, "crime_night_n": 0, "nta": "Hegewisch", "boro": "Chicago"}}, {"type": "Feature", "geometry": {"type": "Polygon", "coordinates": [[[-87.528398, 41.64953], [-87.522393, 41.649558], [-87.52243, 41.654061], [-87.528434, 41.654034], [-87.528398, 41.64953]]]}, "properties": {"sq": "912_9222", "crime_n": 8, "crime_night_n": 1, "nta": "Hegewisch", "boro": "Chicago"}}, {"type": "Feature", "geometry": {"type": "Polygon", "coordinates": [[[-87.528434, 41.654034], [-87.52243, 41.654061], [-87.522466, 41.658565], [-87.528471, 41.658537], [-87.528434, 41.654034]]]}, "properties": {"sq": "912_9223", "crime_n": 0, "crime_night_n": 0, "nta": "Hegewisch", "boro": "Chicago"}}, {"type": "Feature", "geometry": {"type": "Polygon", "coordinates": [[[-87.528471, 41.658537], [-87.522466, 41.658565], [-87.522502, 41.663068], [-87.528508, 41.66304], [-87.528471, 41.658537]]]}, "properties": {"sq": "912_9224", "crime_n": 0, "crime_night_n": 0, "nta": "Hegewisch", "boro": "Chicago"}}, {"type": "Feature", "geometry": {"type": "Polygon", "coordinates": [[[-87.528508, 41.66304], [-87.522502, 41.663068], [-87.522539, 41.667571], [-87.528545, 41.667544], [-87.528508, 41.66304]]]}, "properties": {"sq": "912_9225", "crime_n": 0, "crime_night_n": 0, "nta": "Hegewisch", "boro": "Chicago"}}, {"type": "Feature", "geometry": {"type": "Polygon", "coordinates": [[[-87.528545, 41.667544], [-87.522539, 41.667571], [-87.522575, 41.672075], [-87.528582, 41.672047], [-87.528545, 41.667544]]]}, "properties": {"sq": "912_9226", "crime_n": 0, "crime_night_n": 0, "nta": "Hegewisch", "boro": "Chicago"}}, {"type": "Feature", "geometry": {"type": "Polygon", "coordinates": [[[-87.528582, 41.672047], [-87.522575, 41.672075], [-87.522612, 41.676578], [-87.528618, 41.676551], [-87.528582, 41.672047]]]}, "properties": {"sq": "912_9227", "crime_n": 0, "crime_night_n": 0, "nta": "Hegewisch", "boro": "Chicago"}}, {"type": "Feature", "geometry": {"type": "Polygon", "coordinates": [[[-87.528618, 41.676551], [-87.522612, 41.676578], [-87.522648, 41.681082], [-87.528655, 41.681054], [-87.528618, 41.676551]]]}, "properties": {"sq": "912_9228", "crime_n": 0, "crime_night_n": 0, "nta": "Hegewisch", "boro": "Chicago"}}, {"type": "Feature", "geometry": {"type": "Polygon", "coordinates": [[[-87.528655, 41.681054], [-87.522648, 41.681082], [-87.522685, 41.685585], [-87.528692, 41.685557], [-87.528655, 41.681054]]]}, "properties": {"sq": "912_9229", "crime_n": 0, "crime_night_n": 0, "nta": "Hegewisch", "boro": "Chicago"}}, {"type": "Feature", "geometry": {"type": "Polygon", "coordinates": [[[-87.528692, 41.685557], [-87.522685, 41.685585], [-87.522721, 41.690088], [-87.528729, 41.690061], [-87.528692, 41.685557]]]}, "properties": {"sq": "912_9230", "crime_n": 0, "crime_night_n": 0, "nta": "Hegewisch", "boro": "Chicago"}}, {"type": "Feature", "geometry": {"type": "Polygon", "coordinates": [[[-87.528729, 41.690061], [-87.522721, 41.690088], [-87.522757, 41.694592], [-87.528766, 41.694564], [-87.528729, 41.690061]]]}, "properties": {"sq": "912_9231", "crime_n": 1, "crime_night_n": 0, "nta": "East Side", "boro": "Chicago"}}, {"type": "Feature", "geometry": {"type": "Polygon", "coordinates": [[[-87.528766, 41.694564], [-87.522757, 41.694592], [-87.522794, 41.699095], [-87.528803, 41.699068], [-87.528766, 41.694564]]]}, "properties": {"sq": "912_9232", "crime_n": 3, "crime_night_n": 1, "nta": "East Side", "boro": "Chicago"}}, {"type": "Feature", "geometry": {"type": "Polygon", "coordinates": [[[-87.528803, 41.699068], [-87.522794, 41.699095], [-87.52283, 41.703599], [-87.52884, 41.703571], [-87.528803, 41.699068]]]}, "properties": {"sq": "912_9233", "crime_n": 15, "crime_night_n": 8, "nta": "East Side", "boro": "Chicago"}}, {"type": "Feature", "geometry": {"type": "Polygon", "coordinates": [[[-87.52884, 41.703571], [-87.52283, 41.703599], [-87.522867, 41.708102], [-87.528877, 41.708074], [-87.52884, 41.703571]]]}, "properties": {"sq": "912_9234", "crime_n": 3, "crime_night_n": 2, "nta": "East Side", "boro": "Chicago"}}, {"type": "Feature", "geometry": {"type": "Polygon", "coordinates": [[[-87.528877, 41.708074], [-87.522867, 41.708102], [-87.522903, 41.712605], [-87.528914, 41.712578], [-87.528877, 41.708074]]]}, "properties": {"sq": "912_9235", "crime_n": 1, "crime_night_n": 1, "nta": "East Side", "boro": "Chicago"}}, {"type": "Feature", "geometry": {"type": "Polygon", "coordinates": [[[-87.528914, 41.712578], [-87.522903, 41.712605], [-87.52294, 41.717109], [-87.52895, 41.717081], [-87.528914, 41.712578]]]}, "properties": {"sq": "912_9236", "crime_n": 0, "crime_night_n": 0, "nta": "East Side", "boro": "Chicago"}}, {"type": "Feature", "geometry": {"type": "Polygon", "coordinates": [[[-87.52895, 41.717081], [-87.52294, 41.717109], [-87.522976, 41.721612], [-87.528987, 41.721584], [-87.52895, 41.717081]]]}, "properties": {"sq": "912_9237", "crime_n": 7, "crime_night_n": 2, "nta": "East Side", "boro": "Chicago"}}, {"type": "Feature", "geometry": {"type": "Polygon", "coordinates": [[[-87.528987, 41.721584], [-87.522976, 41.721612], [-87.523013, 41.726115], [-87.529024, 41.726088], [-87.528987, 41.721584]]]}, "properties": {"sq": "912_9238", "crime_n": 2, "crime_night_n": 0, "nta": "East Side", "boro": "Chicago"}}, {"type": "Feature", "geometry": {"type": "Polygon", "coordinates": [[[-87.529024, 41.726088], [-87.523013, 41.726115], [-87.523049, 41.730619], [-87.529061, 41.730591], [-87.529024, 41.726088]]]}, "properties": {"sq": "912_9239", "crime_n": 0, "crime_night_n": 0, "nta": "East Side", "boro": "Chicago"}}, {"type": "Feature", "geometry": {"type": "Polygon", "coordinates": [[[-87.529061, 41.730591], [-87.523049, 41.730619], [-87.523086, 41.735122], [-87.529098, 41.735095], [-87.529061, 41.730591]]]}, "properties": {"sq": "912_9240", "crime_n": 0, "crime_night_n": 0, "nta": "East Side", "boro": "Chicago"}}, {"type": "Feature", "geometry": {"type": "Polygon", "coordinates": [[[-87.529135, 41.739598], [-87.523123, 41.739625], [-87.523159, 41.744129], [-87.529172, 41.744101], [-87.529135, 41.739598]]]}, "properties": {"sq": "912_9242", "crime_n": 0, "crime_night_n": 0, "nta": "South Chicago", "boro": "Chicago"}}]}